date,open,high,low,close,volume,symbol
2020-01-01,183.47,184.56,181.86,182.55,1137348,AAPL
2020-01-02,185.72,186.21,184.35,184.89,639678,AAPL
2020-01-03,184.67,186.38,183.62,184.32,839953,AAPL
2020-01-04,188.43,188.98,186.87,187.39,782480,AAPL
2020-01-05,195.51,197.7,194.54,194.61,1581651,AAPL
2020-01-06,192.81,196.02,190.61,193.55,843765,AAPL
2020-01-07,191.65,192.96,191.59,192.49,1340223,AAPL
2020-01-08,201.48,201.77,197.86,200.18,2874510,AAPL
2020-01-09,204.84,205.34,204.08,204.11,1992071,AAPL
2020-01-10,201.08,201.89,200.3,201.79,856428,AAPL
2020-01-11,204.51,205.15,203.79,204.61,903206,AAPL
2020-01-12,202.77,203.29,201.59,202.31,1357683,AAPL
2020-01-13,200.88,202.13,198.55,200.03,472556,AAPL
2020-01-14,200.4,201.43,199.58,201.32,711919,AAPL
2020-01-15,191.49,192.36,190.69,191.74,1410764,AAPL
2020-01-16,184.34,185.51,183.29,183.52,1042732,AAPL
2020-01-17,179.95,181.89,179.05,181.01,2938191,AAPL
2020-01-18,176.74,177.44,175.67,176.48,824585,AAPL
2020-01-19,179.97,180.16,175.86,177.94,669612,AAPL
2020-01-20,173.82,175.18,171.8,173.96,728668,AAPL
2020-01-21,166.01,169.05,164.16,167.86,1151531,AAPL
2020-01-22,175.01,176.15,173.24,174.1,1061143,AAPL
2020-01-23,174.21,175.87,172.45,173.18,3527248,AAPL
2020-01-24,173.09,173.86,173.02,173.54,952411,AAPL
2020-01-25,166.51,169.66,165.47,167.41,1201255,AAPL
2020-01-26,164.15,165.21,163.4,165.19,1828441,AAPL
2020-01-27,164.38,165.86,163.05,165.71,1119062,AAPL
2020-01-28,160.12,162.18,159.93,160.99,1567171,AAPL
2020-01-29,162.26,163.56,161.96,162.57,1453227,AAPL
2020-01-30,159.83,160.93,159.53,160.19,1821532,AAPL
2020-01-31,159.77,160.29,158.54,159.08,595563,AAPL
2020-02-01,156.69,157.67,156.04,156.74,1811414,AAPL
2020-02-02,163.58,165.31,162.94,164.08,1133607,AAPL
2020-02-03,164.37,164.68,163.55,164.09,1339599,AAPL
2020-02-04,161.28,162.39,158.41,159.8,1009604,AAPL
2020-02-05,163.83,164.63,162.64,163.16,2819012,AAPL
2020-02-06,158.49,158.96,157.93,158.23,443601,AAPL
2020-02-07,157.09,160.58,155.98,159.12,2494469,AAPL
2020-02-08,152.7,153.77,150.39,151.36,885583,AAPL
2020-02-09,146.0,147.18,145.77,146.38,2680308,AAPL
2020-02-10,149.16,150.27,146.83,147.16,2305635,AAPL
2020-02-11,149.42,151.08,149.31,149.94,2086350,AAPL
2020-02-12,150.86,151.45,150.34,150.64,1906032,AAPL
2020-02-13,149.2,151.74,149.16,150.26,3923583,AAPL
2020-02-14,149.6,150.4,148.98,149.19,940958,AAPL
2020-02-15,142.69,143.8,141.63,143.71,949909,AAPL
2020-02-16,141.2,141.51,140.96,141.18,917396,AAPL
2020-02-17,139.74,140.92,138.65,139.6,2027192,AAPL
2020-02-18,143.85,145.58,142.64,143.35,668113,AAPL
2020-02-19,145.0,145.11,144.33,144.64,2125342,AAPL
2020-02-20,138.84,139.66,138.19,138.31,1111882,AAPL
2020-02-21,139.38,139.64,138.32,139.48,754426,AAPL
2020-02-22,138.99,139.47,137.35,138.19,751939,AAPL
2020-02-23,136.17,137.14,135.79,135.9,866594,AAPL
2020-02-24,138.97,140.0,137.44,138.04,614799,AAPL
2020-02-25,141.75,142.52,141.11,141.66,1673375,AAPL
2020-02-26,146.2,146.94,144.23,145.02,1983271,AAPL
2020-02-27,142.11,142.4,141.46,142.03,2094092,AAPL
2020-02-28,139.55,141.7,138.83,140.98,948692,AAPL
2020-02-29,142.6,143.08,141.53,142.2,1514646,AAPL
2020-03-01,145.06,146.14,144.59,145.74,1302547,AAPL
2020-03-02,145.81,147.58,142.44,144.04,1836466,AAPL
2020-03-03,143.75,144.68,142.57,143.43,1623726,AAPL
2020-03-04,139.17,140.21,138.9,139.51,1360026,AAPL
2020-03-05,135.6,136.0,135.06,135.38,513308,AAPL
2020-03-06,138.75,139.67,137.95,138.19,1195766,AAPL
2020-03-07,142.55,144.2,141.28,142.94,1373218,AAPL
2020-03-08,142.86,143.17,141.56,142.74,917438,AAPL
2020-03-09,144.58,146.46,144.34,146.38,1134263,AAPL
2020-03-10,145.92,148.38,144.8,147.77,677172,AAPL
2020-03-11,145.02,145.94,143.49,145.43,1103293,AAPL
2020-03-12,146.0,146.98,145.44,146.81,1666478,AAPL
2020-03-13,152.79,153.61,152.36,152.53,3673303,AAPL
2020-03-14,152.5,153.19,151.85,152.45,777904,AAPL
2020-03-15,158.7,159.52,157.59,158.49,1273430,AAPL
2020-03-16,149.7,151.38,147.02,148.14,795586,AAPL
2020-03-17,150.44,152.5,150.04,151.25,1226287,AAPL
2020-03-18,152.05,152.79,151.42,151.64,1146235,AAPL
2020-03-19,151.71,151.92,149.57,150.56,1940080,AAPL
2020-03-20,150.45,150.99,150.05,150.97,2077441,AAPL
2020-03-21,143.29,144.35,142.98,143.5,1381459,AAPL
2020-03-22,142.21,142.87,141.38,142.77,1199613,AAPL
2020-03-23,144.12,144.96,144.06,144.1,2292987,AAPL
2020-03-24,148.94,150.36,148.02,149.5,1382308,AAPL
2020-03-25,146.87,148.29,145.26,147.61,2689028,AAPL
2020-03-26,144.09,145.98,142.91,144.68,554829,AAPL
2020-03-27,141.47,143.55,140.15,142.91,3051807,AAPL
2020-03-28,146.28,146.45,145.97,146.25,916288,AAPL
2020-03-29,148.98,149.62,146.9,147.51,722379,AAPL
2020-03-30,145.17,145.73,145.0,145.61,1211719,AAPL
2020-03-31,147.84,148.56,146.96,147.54,689943,AAPL
2020-04-01,146.94,148.58,146.16,147.95,1634492,AAPL
2020-04-02,152.2,152.84,150.61,151.6,971965,AAPL
2020-04-03,147.85,149.33,146.95,148.99,1408406,AAPL
2020-04-04,146.46,149.58,145.97,147.83,745184,AAPL
2020-04-05,147.66,148.87,146.05,146.43,1082166,AAPL
2020-04-06,140.77,142.27,139.11,141.12,1263844,AAPL
2020-04-07,143.73,145.36,141.13,142.22,1090769,AAPL
2020-04-08,144.49,146.18,141.38,143.2,2643582,AAPL
2020-04-09,142.46,144.16,140.78,143.28,1591018,AAPL
2020-04-10,142.15,142.81,141.4,142.49,1307764,AAPL
2020-04-11,138.16,138.63,137.39,137.49,464456,AAPL
2020-04-12,136.36,137.68,135.71,136.09,1412328,AAPL
2020-04-13,133.63,136.35,132.87,134.98,2157327,AAPL
2020-04-14,133.08,133.19,131.95,132.31,819019,AAPL
2020-04-15,132.0,132.69,131.28,131.83,1041419,AAPL
2020-04-16,132.28,133.29,131.51,133.22,251881,AAPL
2020-04-17,139.36,139.67,137.35,139.57,609851,AAPL
2020-04-18,140.61,141.08,139.79,140.23,398656,AAPL
2020-04-19,142.26,143.31,140.46,141.19,1183419,AAPL
2020-04-20,142.11,143.99,140.79,140.98,1035732,AAPL
2020-04-21,135.3,135.31,133.44,134.26,1052421,AAPL
2020-04-22,134.17,135.42,133.87,134.22,886210,AAPL
2020-04-23,133.64,135.94,132.83,134.47,1823615,AAPL
2020-04-24,143.18,143.4,142.66,142.83,587623,AAPL
2020-04-25,143.31,144.6,141.0,142.2,1041912,AAPL
2020-04-26,142.34,144.37,141.18,143.33,1447170,AAPL
2020-04-27,141.73,143.44,140.78,143.26,975237,AAPL
2020-04-28,140.22,140.49,137.82,139.12,1012423,AAPL
2020-04-29,143.41,143.64,143.04,143.16,696451,AAPL
2020-04-30,146.18,146.59,145.76,145.91,883607,AAPL
2020-05-01,148.93,150.1,148.55,148.86,1485571,AAPL
2020-05-02,145.43,145.79,144.9,145.52,375199,AAPL
2020-05-03,151.67,152.96,149.92,150.7,944742,AAPL
2020-05-04,144.69,145.49,144.37,145.46,757854,AAPL
2020-05-05,147.47,147.83,147.39,147.66,972678,AAPL
2020-05-06,154.37,155.84,154.03,155.82,2426841,AAPL
2020-05-07,151.65,152.88,150.35,152.01,793880,AAPL
2020-05-08,148.74,151.25,148.27,149.91,2074293,AAPL
2020-05-09,149.85,151.53,149.51,150.35,1694656,AAPL
2020-05-10,148.38,148.51,148.11,148.51,984740,AAPL
2020-05-11,142.12,142.85,142.06,142.79,1005551,AAPL
2020-05-12,143.77,144.44,142.87,143.09,1045896,AAPL
2020-05-13,139.61,140.49,137.95,139.34,627453,AAPL
2020-05-14,140.69,141.44,139.82,141.04,1286770,AAPL
2020-05-15,137.32,138.05,137.3,137.85,686988,AAPL
2020-05-16,142.81,143.62,141.73,143.26,942669,AAPL
2020-05-17,140.9,141.32,139.57,140.5,306442,AAPL
2020-05-18,139.59,139.66,139.28,139.42,592014,AAPL
2020-05-19,143.15,144.0,141.75,142.32,1181903,AAPL
2020-05-20,138.1,138.59,137.88,137.98,511712,AAPL
2020-05-21,140.05,141.33,137.98,138.82,1052212,AAPL
2020-05-22,141.97,143.78,140.3,143.43,685563,AAPL
2020-05-23,138.18,138.78,137.07,137.7,1438191,AAPL
2020-05-24,138.61,140.25,137.26,138.39,1631533,AAPL
2020-05-25,137.92,140.17,137.37,139.35,943301,AAPL
2020-05-26,140.26,143.0,139.5,142.13,850180,AAPL
2020-05-27,138.27,139.25,137.56,137.78,867360,AAPL
2020-05-28,133.98,134.47,132.14,133.27,834572,AAPL
2020-05-29,135.02,135.35,134.61,135.07,1519192,AAPL
2020-05-30,136.69,136.84,135.16,136.12,2907552,AAPL
2020-05-31,137.2,137.62,136.69,137.03,423478,AAPL
2020-06-01,138.81,139.01,137.98,138.28,489691,AAPL
2020-06-02,137.28,139.02,134.15,135.97,1607215,AAPL
2020-06-03,136.85,136.92,136.18,136.82,455952,AAPL
2020-06-04,138.28,138.9,137.12,137.87,403616,AAPL
2020-06-05,135.49,135.74,135.35,135.46,2292091,AAPL
2020-06-06,142.28,142.43,141.69,141.85,689222,AAPL
2020-06-07,143.38,144.01,142.78,143.59,692921,AAPL
2020-06-08,139.16,140.0,138.98,139.36,604853,AAPL
2020-06-09,141.8,142.24,141.31,141.7,1036513,AAPL
2020-06-10,138.2,139.83,137.42,138.3,437065,AAPL
2020-06-11,140.02,142.48,138.58,141.08,1858749,AAPL
2020-06-12,147.23,149.08,143.61,145.23,1108732,AAPL
2020-06-13,142.63,143.91,142.02,142.3,737078,AAPL
2020-06-14,145.69,146.35,145.15,145.79,570808,AAPL
2020-06-15,147.27,147.85,146.41,147.36,789595,AAPL
2020-06-16,151.93,152.31,149.2,150.45,1253936,AAPL
2020-06-17,156.0,158.7,154.21,157.66,2739775,AAPL
2020-06-18,158.37,158.69,155.47,156.76,1566092,AAPL
2020-06-19,154.32,154.42,153.67,153.85,1216398,AAPL
2020-06-20,150.69,150.79,150.29,150.48,745585,AAPL
2020-06-21,146.88,148.04,146.34,147.46,1345548,AAPL
2020-06-22,147.4,147.76,147.03,147.23,608486,AAPL
2020-06-23,149.5,150.0,147.63,148.55,850834,AAPL
2020-06-24,150.49,151.38,149.17,149.64,1289417,AAPL
2020-06-25,152.16,153.23,151.81,152.8,969265,AAPL
2020-06-26,152.43,152.97,152.1,152.91,511626,AAPL
2020-06-27,158.69,159.95,158.07,158.54,330492,AAPL
2020-06-28,157.68,158.14,157.5,157.55,911411,AAPL
2020-06-29,168.67,168.72,168.14,168.36,756790,AAPL
2020-06-30,170.89,171.45,169.69,171.06,1123873,AAPL
2020-07-01,169.17,170.86,167.21,167.45,725248,AAPL
2020-07-02,162.26,164.1,161.72,163.02,581763,AAPL
2020-07-03,164.63,165.11,164.62,165.06,1189605,AAPL
2020-07-04,164.29,165.13,163.4,164.2,1154432,AAPL
2020-07-05,165.61,168.35,165.6,167.2,244125,AAPL
2020-07-06,168.83,169.94,167.94,169.25,327685,AAPL
2020-07-07,169.58,169.78,168.23,169.0,747049,AAPL
2020-07-08,165.87,166.45,164.23,165.48,677535,AAPL
2020-07-09,158.97,159.43,158.72,159.26,637606,AAPL
2020-07-10,157.9,158.13,156.3,157.54,1057411,AAPL
2020-07-11,161.56,162.55,160.53,160.98,1919897,AAPL
2020-07-12,162.0,162.0,161.71,161.91,418837,AAPL
2020-07-13,156.32,157.04,155.57,156.92,679014,AAPL
2020-07-14,157.3,159.08,157.11,157.66,694481,AAPL
2020-07-15,159.94,160.88,158.87,159.24,780720,AAPL
2020-07-16,155.39,156.23,155.37,155.77,382880,AAPL
2020-07-17,157.84,157.86,156.23,156.44,893800,AAPL
2020-07-18,157.67,157.75,156.47,156.72,722412,AAPL
2020-07-19,153.42,154.81,151.79,152.29,1971246,AAPL
2020-07-20,152.27,154.64,150.67,153.72,864669,AAPL
2020-07-21,155.64,157.47,154.26,155.94,504157,AAPL
2020-07-22,159.21,161.84,158.56,160.24,339685,AAPL
2020-07-23,164.86,165.2,163.79,164.53,686291,AAPL
2020-07-24,159.24,159.91,158.65,158.91,497380,AAPL
2020-07-25,154.43,155.91,154.23,155.24,587848,AAPL
2020-07-26,158.2,159.23,156.96,157.3,867375,AAPL
2020-07-27,158.7,160.31,157.19,159.39,824442,AAPL
2020-07-28,160.22,162.51,159.8,161.51,811516,AAPL
2020-07-29,176.23,177.47,175.29,177.17,1484808,AAPL
2020-07-30,181.78,182.77,177.69,179.78,912361,AAPL
2020-07-31,184.94,185.47,184.37,184.97,2904837,AAPL
2020-08-01,188.41,190.18,187.45,189.46,815314,AAPL
2020-08-02,193.48,195.22,190.16,192.63,617171,AAPL
2020-08-03,191.23,191.24,190.89,191.18,359927,AAPL
2020-08-04,194.85,195.11,194.78,194.89,396739,AAPL
2020-08-05,191.87,192.25,190.57,191.19,1212016,AAPL
2020-08-06,189.35,190.87,188.37,190.13,1072142,AAPL
2020-08-07,190.14,191.92,185.91,187.89,745871,AAPL
2020-08-08,187.12,189.96,185.93,188.35,701906,AAPL
2020-08-09,199.79,200.13,198.96,199.35,507197,AAPL
2020-08-10,190.03,190.45,189.7,190.1,732417,AAPL
2020-08-11,193.08,193.61,192.86,193.44,852541,AAPL
2020-08-12,186.54,186.57,184.82,185.7,294324,AAPL
2020-08-13,183.13,183.82,182.67,183.57,1168259,AAPL
2020-08-14,189.94,190.29,187.67,188.65,297165,AAPL
2020-08-15,190.28,192.47,187.85,189.03,976254,AAPL
2020-08-16,182.31,185.15,182.15,184.0,812637,AAPL
2020-08-17,181.05,183.08,180.09,180.77,968882,AAPL
2020-08-18,183.94,184.48,182.79,183.92,609959,AAPL
2020-08-19,182.37,182.87,179.39,180.62,1982225,AAPL
2020-08-20,181.2,182.27,181.17,181.67,1226510,AAPL
2020-08-21,182.57,183.23,181.62,181.95,1185928,AAPL
2020-08-22,180.7,180.88,178.79,179.05,795392,AAPL
2020-08-23,187.47,189.36,186.06,188.74,844242,AAPL
2020-08-24,192.55,192.59,190.53,191.81,1375683,AAPL
2020-08-25,182.29,183.6,180.47,182.15,1707547,AAPL
2020-08-26,183.06,183.18,182.55,183.07,1807287,AAPL
2020-08-27,180.37,180.56,179.88,180.1,883717,AAPL
2020-08-28,183.99,184.21,183.21,184.02,937786,AAPL
2020-08-29,180.55,181.33,180.06,180.44,1084150,AAPL
2020-08-30,179.9,181.01,179.59,179.99,812368,AAPL
2020-08-31,181.2,183.12,180.49,182.34,654606,AAPL
2020-09-01,186.92,188.55,184.37,186.37,1022188,AAPL
2020-09-02,180.47,181.33,180.05,180.83,1201007,AAPL
2020-09-03,178.49,180.39,178.12,179.38,1241237,AAPL
2020-09-04,177.24,177.53,176.76,177.32,927015,AAPL
2020-09-05,175.72,177.58,172.83,174.48,698133,AAPL
2020-09-06,181.86,182.33,181.46,182.27,1254778,AAPL
2020-09-07,184.31,184.59,183.52,184.19,1203738,AAPL
2020-09-08,178.16,178.68,177.37,178.44,626860,AAPL
2020-09-09,181.37,182.75,180.19,182.62,1607073,AAPL
2020-09-10,193.49,193.64,190.78,192.4,1473095,AAPL
2020-09-11,198.47,199.44,196.72,197.46,993928,AAPL
2020-09-12,192.18,193.54,188.84,190.01,546102,AAPL
2020-09-13,187.55,187.82,186.25,187.78,561223,AAPL
2020-09-14,194.1,194.74,193.47,193.82,1288980,AAPL
2020-09-15,189.76,191.44,189.56,190.45,803337,AAPL
2020-09-16,193.0,193.48,192.37,192.65,917346,AAPL
2020-09-17,196.33,199.08,194.15,196.46,602480,AAPL
2020-09-18,192.77,193.4,191.08,191.97,1610029,AAPL
2020-09-19,192.71,193.25,190.47,191.76,417079,AAPL
2020-09-20,176.19,176.45,175.4,176.25,1055785,AAPL
2020-09-21,171.3,172.27,171.28,171.79,1299956,AAPL
2020-09-22,172.14,173.39,169.35,170.77,1487684,AAPL
2020-09-23,165.61,165.89,165.2,165.5,1403266,AAPL
2020-09-24,173.01,173.51,172.23,172.33,603044,AAPL
2020-09-25,165.24,167.58,164.43,166.22,908445,AAPL
2020-09-26,164.21,165.59,164.18,164.45,774204,AAPL
2020-09-27,166.15,167.39,163.27,165.05,628961,AAPL
2020-09-28,171.18,171.84,168.93,171.08,471486,AAPL
2020-09-29,165.4,166.14,164.85,164.99,1452610,AAPL
2020-09-30,169.7,170.08,169.23,169.87,2074160,AAPL
2020-10-01,170.78,171.82,169.31,169.98,869036,AAPL
2020-10-02,164.92,166.09,163.58,165.86,1705893,AAPL
2020-10-03,167.28,168.29,166.87,167.84,1528752,AAPL
2020-10-04,168.12,169.26,167.47,168.75,747719,AAPL
2020-10-05,165.86,166.39,165.58,166.27,1115430,AAPL
2020-10-06,166.63,167.09,166.61,166.63,1211969,AAPL
2020-10-07,164.32,165.32,163.75,165.08,1726183,AAPL
2020-10-08,164.79,166.3,164.37,165.62,1266089,AAPL
2020-10-09,168.36,168.48,167.93,168.43,503704,AAPL
2020-10-10,174.34,176.34,173.74,175.19,3021126,AAPL
2020-10-11,169.51,171.13,168.21,169.82,1475580,AAPL
2020-10-12,179.1,180.94,177.06,178.97,742056,AAPL
2020-10-13,170.6,171.16,169.98,170.28,567910,AAPL
2020-10-14,169.34,170.3,169.14,169.7,795418,AAPL
2020-10-15,171.68,173.35,171.1,172.27,1036050,AAPL
2020-10-16,173.6,173.71,173.07,173.55,882344,AAPL
2020-10-17,172.6,174.46,169.15,170.91,980538,AAPL
2020-10-18,171.52,171.71,168.06,170.08,749535,AAPL
2020-10-19,166.59,168.19,164.32,168.05,1652823,AAPL
2020-10-20,164.67,166.32,163.9,165.63,743582,AAPL
2020-10-21,170.27,171.4,168.5,169.22,1649377,AAPL
2020-10-22,171.94,173.3,169.48,170.8,1774050,AAPL
2020-10-23,169.36,170.9,167.28,167.9,597367,AAPL
2020-10-24,172.38,172.4,169.68,171.75,1003052,AAPL
2020-10-25,173.03,174.32,172.53,173.14,2006453,AAPL
2020-10-26,179.15,180.18,175.01,176.74,1381253,AAPL
2020-10-27,179.12,181.18,178.54,179.6,1972778,AAPL
2020-10-28,176.34,176.62,175.64,175.93,2203843,AAPL
2020-10-29,173.35,174.99,172.36,173.53,731113,AAPL
2020-10-30,176.96,177.51,175.72,176.85,1034528,AAPL
2020-10-31,178.97,179.63,178.73,179.62,1489380,AAPL
2020-11-01,179.0,181.54,178.29,179.6,1120051,AAPL
2020-11-02,178.34,181.11,177.16,180.2,1524478,AAPL
2020-11-03,185.35,186.58,185.28,186.04,2688187,AAPL
2020-11-04,180.81,185.59,179.89,183.35,1169148,AAPL
2020-11-05,187.63,189.07,184.54,185.94,1442297,AAPL
2020-11-06,184.58,185.25,184.36,185.07,1213951,AAPL
2020-11-07,186.39,188.42,182.96,184.13,462652,AAPL
2020-11-08,189.66,189.95,189.12,189.27,851011,AAPL
2020-11-09,193.66,194.23,192.98,193.26,1162713,AAPL
2020-11-10,197.84,199.23,196.78,197.28,1027638,AAPL
2020-11-11,201.35,205.95,199.17,203.81,1923588,AAPL
2020-11-12,201.9,205.08,199.47,204.0,2218922,AAPL
2020-11-13,206.43,207.94,205.91,207.57,913224,AAPL
2020-11-14,207.29,207.69,205.67,206.03,2202110,AAPL
2020-11-15,207.4,207.95,206.69,207.79,992759,AAPL
2020-11-16,208.0,208.52,206.2,207.19,1500445,AAPL
2020-11-17,207.34,208.19,207.1,207.77,1057175,AAPL
2020-11-18,211.58,212.22,210.63,210.96,656065,AAPL
2020-11-19,206.4,208.02,206.05,206.71,869291,AAPL
2020-11-20,217.38,218.38,216.85,217.63,562227,AAPL
2020-11-21,210.99,213.36,209.69,212.23,1922635,AAPL
2020-11-22,206.12,206.14,205.78,205.85,2528289,AAPL
2020-11-23,213.63,214.42,210.55,211.91,2015577,AAPL
2020-11-24,214.59,218.66,213.43,216.2,1095553,AAPL
2020-11-25,218.93,221.15,218.66,219.66,1812859,AAPL
2020-11-26,224.14,225.3,221.59,223.21,480099,AAPL
2020-11-27,223.46,224.28,222.58,223.23,2128830,AAPL
2020-11-28,220.87,222.71,215.76,218.29,3211533,AAPL
2020-11-29,219.47,219.54,218.29,218.79,1770245,AAPL
2020-11-30,215.27,216.38,214.05,215.16,981309,AAPL
2020-12-01,223.06,224.09,218.42,220.5,1915817,AAPL
2020-12-02,216.99,220.49,215.9,219.78,1294602,AAPL
2020-12-03,215.97,216.86,213.67,215.31,745456,AAPL
2020-12-04,213.44,215.98,213.27,213.66,634040,AAPL
2020-12-05,217.55,219.68,213.74,215.96,1110294,AAPL
2020-12-06,213.96,216.59,210.97,212.99,1256762,AAPL
2020-12-07,208.25,209.14,207.82,208.68,340940,AAPL
2020-12-08,208.87,211.75,206.92,210.04,5288172,AAPL
2020-12-09,212.34,212.49,210.79,211.41,984270,AAPL
2020-12-10,209.93,211.41,207.64,208.8,2341370,AAPL
2020-12-11,207.39,208.73,204.93,206.42,1234985,AAPL
2020-12-12,208.12,208.28,207.56,207.7,2288885,AAPL
2020-12-13,200.61,201.3,199.93,200.24,3662408,AAPL
2020-12-14,193.45,193.64,193.09,193.25,915327,AAPL
2020-12-15,188.77,190.38,188.37,189.84,1008698,AAPL
2020-12-16,188.05,189.65,186.92,188.9,1604871,AAPL
2020-12-17,190.38,191.17,189.77,190.45,1935849,AAPL
2020-12-18,198.04,199.13,196.61,197.56,1315571,AAPL
2020-12-19,201.92,202.36,201.65,201.89,1082146,AAPL
2020-12-20,201.29,202.5,200.59,201.16,580165,AAPL
2020-12-21,201.16,202.23,200.08,201.14,1214750,AAPL
2020-12-22,195.51,197.55,195.35,196.16,690953,AAPL
2020-12-23,196.56,198.24,195.07,196.15,1151054,AAPL
2020-12-24,193.78,196.82,193.27,194.8,2095930,AAPL
2020-12-25,196.64,197.13,196.26,196.45,1377358,AAPL
2020-12-26,192.58,193.02,192.14,192.46,1345263,AAPL
2020-12-27,195.01,195.81,194.06,195.04,517110,AAPL
2020-12-28,204.6,206.78,202.31,202.61,1418859,AAPL
2020-12-29,204.29,204.85,201.5,202.13,848486,AAPL
2020-12-30,204.25,205.38,203.76,204.25,416694,AAPL
2020-12-31,209.76,211.72,207.25,207.86,2122470,AAPL
2021-01-01,205.56,206.36,204.98,205.85,958034,AAPL
2021-01-02,207.63,208.95,205.62,207.09,1102834,AAPL
2021-01-03,206.1,208.9,205.07,207.23,1359840,AAPL
2021-01-04,207.51,208.27,207.48,207.82,2001431,AAPL
2021-01-05,203.67,205.84,202.0,203.87,726354,AAPL
2021-01-06,204.94,206.0,202.08,204.08,2181092,AAPL
2021-01-07,205.07,207.06,203.82,206.71,1021481,AAPL
2021-01-08,214.37,216.0,213.57,214.31,693692,AAPL
2021-01-09,218.42,219.57,216.95,219.54,1087803,AAPL
2021-01-10,231.85,232.67,231.27,231.48,743555,AAPL
2021-01-11,226.16,227.83,224.93,227.12,963997,AAPL
2021-01-12,233.74,235.43,230.89,232.17,2138100,AAPL
2021-01-13,231.55,234.63,230.36,233.33,388450,AAPL
2021-01-14,245.64,247.86,244.73,246.23,1025598,AAPL
2021-01-15,241.05,241.65,240.38,241.34,976698,AAPL
2021-01-16,234.31,238.14,233.97,236.35,834886,AAPL
2021-01-17,232.19,233.73,232.08,232.89,768430,AAPL
2021-01-18,219.11,221.55,218.44,220.58,1352823,AAPL
2021-01-19,217.34,218.12,217.0,217.75,705542,AAPL
2021-01-20,213.56,214.92,213.18,213.69,222943,AAPL
2021-01-21,213.48,214.65,213.18,214.58,442141,AAPL
2021-01-22,216.26,217.29,215.13,216.51,799282,AAPL
2021-01-23,228.05,230.91,225.25,226.77,1456126,AAPL
2021-01-24,233.67,234.34,231.82,232.27,1212117,AAPL
2021-01-25,229.18,230.27,227.49,229.0,309774,AAPL
2021-01-26,221.53,223.98,219.24,223.93,1192899,AAPL
2021-01-27,226.57,226.97,226.3,226.77,946977,AAPL
2021-01-28,216.57,222.38,215.18,219.36,683852,AAPL
2021-01-29,229.07,229.61,229.02,229.51,684554,AAPL
2021-01-30,236.51,238.37,235.88,236.39,1174931,AAPL
2021-01-31,233.72,234.44,232.92,233.7,1006291,AAPL
2021-02-01,224.54,225.25,223.62,223.75,520760,AAPL
2021-02-02,232.19,233.61,228.98,231.44,496905,AAPL
2021-02-03,231.28,231.45,230.3,230.86,898300,AAPL
2021-02-04,238.45,240.3,238.1,238.11,2129926,AAPL
2021-02-05,227.69,229.25,227.49,228.69,1415460,AAPL
2021-02-06,225.35,225.37,225.2,225.34,1118494,AAPL
2021-02-07,225.74,226.23,224.86,225.46,483720,AAPL
2021-02-08,226.59,227.31,224.15,225.81,544852,AAPL
2021-02-09,225.07,226.08,221.85,223.35,1131379,AAPL
2021-02-10,226.44,227.43,225.92,226.92,1204003,AAPL
2021-02-11,221.04,221.21,219.98,220.94,534847,AAPL
2021-02-12,220.95,221.07,219.35,220.23,731799,AAPL
2021-02-13,220.91,221.75,220.83,220.98,519837,AAPL
2021-02-14,222.58,226.3,220.34,223.92,587542,AAPL
2021-02-15,229.92,231.37,226.16,228.0,1289709,AAPL
2021-02-16,222.98,224.04,220.45,221.66,672645,AAPL
2021-02-17,213.23,215.25,211.32,213.22,483875,AAPL
2021-02-18,219.09,223.11,218.81,220.13,364288,AAPL
2021-02-19,221.65,223.11,220.86,222.05,706944,AAPL
2021-02-20,217.06,218.56,216.57,217.97,647865,AAPL
2021-02-21,227.52,230.32,225.95,226.53,1548816,AAPL
2021-02-22,227.71,229.58,225.46,227.28,488332,AAPL
2021-02-23,232.93,234.23,232.47,234.09,460900,AAPL
2021-02-24,232.78,235.83,232.52,234.57,1012553,AAPL
2021-02-25,246.7,246.95,246.51,246.79,821328,AAPL
2021-02-26,256.52,258.54,254.93,257.74,730864,AAPL
2021-02-27,257.04,257.24,253.94,256.23,790885,AAPL
2021-02-28,259.85,263.89,257.91,262.57,576695,AAPL
2021-03-01,267.01,267.78,266.84,266.93,751634,AAPL
2021-03-02,278.41,280.36,273.89,276.19,1055626,AAPL
2021-03-03,269.99,270.7,269.42,269.61,409827,AAPL
2021-03-04,274.71,275.63,272.85,274.36,1115186,AAPL
2021-03-05,282.01,284.68,278.64,281.74,1216913,AAPL
2021-03-06,268.52,270.05,268.51,269.43,548443,AAPL
2021-03-07,260.48,261.65,260.06,261.54,3018957,AAPL
2021-03-08,248.02,248.29,246.31,248.27,1817397,AAPL
2021-03-09,246.96,247.61,246.57,246.69,301238,AAPL
2021-03-10,250.77,252.06,250.68,251.22,1173104,AAPL
2021-03-11,259.51,261.59,259.44,260.78,1024463,AAPL
2021-03-12,263.07,264.72,258.82,261.37,408807,AAPL
2021-03-13,273.54,276.89,269.91,272.14,907490,AAPL
2021-03-14,264.73,266.42,260.71,262.83,553918,AAPL
2021-03-15,250.33,252.61,249.31,251.71,1096110,AAPL
2021-03-16,253.4,253.85,250.32,251.45,430790,AAPL
2021-03-17,256.48,258.53,251.13,253.97,426779,AAPL
2021-03-18,253.12,254.34,250.7,253.86,1799303,AAPL
2021-03-19,238.63,240.93,237.12,240.8,714109,AAPL
2021-03-20,238.69,242.0,235.96,240.36,1033073,AAPL
2021-03-21,232.58,233.54,232.26,232.59,1149754,AAPL
2021-03-22,237.69,238.59,235.61,236.58,657518,AAPL
2021-03-23,239.0,240.11,236.43,238.85,570848,AAPL
2021-03-24,234.59,235.51,232.02,233.31,909781,AAPL
2021-03-25,231.5,231.71,230.05,230.4,1726577,AAPL
2021-03-26,225.67,226.25,222.86,224.37,765923,AAPL
2021-03-27,221.23,225.13,219.64,224.1,878743,AAPL
2021-03-28,228.55,229.71,227.28,229.56,649299,AAPL
2021-03-29,224.3,225.16,223.61,223.97,848982,AAPL
2021-03-30,228.3,230.26,225.06,226.89,558098,AAPL
2021-03-31,221.5,224.76,219.14,223.96,864249,AAPL
2021-04-01,220.05,221.74,218.52,219.6,1183760,AAPL
2021-04-02,217.99,219.13,216.24,219.09,1487984,AAPL
2021-04-03,212.93,214.69,212.76,213.49,1166648,AAPL
2021-04-04,209.76,210.73,209.76,210.61,921362,AAPL
2021-04-05,205.93,206.48,202.39,204.37,1975884,AAPL
2021-04-06,213.41,215.51,213.1,214.51,716830,AAPL
2021-04-07,215.99,217.12,214.45,214.78,679849,AAPL
2021-04-08,212.34,213.58,210.05,211.1,299311,AAPL
2021-04-09,209.27,212.45,207.23,212.31,883255,AAPL
2021-04-10,213.48,213.8,210.35,211.8,1057581,AAPL
2021-04-11,212.84,213.07,210.04,210.71,1328810,AAPL
2021-04-12,215.35,215.86,212.17,214.03,722818,AAPL
2021-04-13,217.55,218.85,216.57,218.18,2458005,AAPL
2021-04-14,215.93,216.68,214.22,215.36,1204615,AAPL
2021-04-15,213.21,213.62,210.05,212.34,457124,AAPL
2021-04-16,210.48,211.19,210.47,210.96,954200,AAPL
2021-04-17,198.81,199.58,198.81,198.86,783312,AAPL
2021-04-18,191.0,193.72,190.39,191.38,1549081,AAPL
2021-04-19,198.17,198.46,197.8,198.02,818598,AAPL
2021-04-20,207.98,209.99,205.35,206.26,530688,AAPL
2021-04-21,204.54,206.17,203.3,205.05,950045,AAPL
2021-04-22,208.13,209.88,207.81,208.1,622593,AAPL
2021-04-23,208.56,211.0,207.02,209.8,342531,AAPL
2021-04-24,225.06,226.2,224.17,226.08,542956,AAPL
2021-04-25,232.16,234.47,231.16,232.51,899990,AAPL
2021-04-26,231.61,232.36,230.47,231.86,639776,AAPL
2021-04-27,227.4,228.08,225.62,226.39,1624815,AAPL
2021-04-28,217.68,217.83,215.45,217.36,440418,AAPL
2021-04-29,218.65,219.67,218.05,218.55,583539,AAPL
2021-04-30,214.79,215.3,214.22,214.49,524871,AAPL
2021-05-01,207.12,208.11,205.31,206.93,947660,AAPL
2021-05-02,204.18,204.46,202.2,203.65,1753544,AAPL
2021-05-03,198.69,198.85,198.05,198.21,893678,AAPL
2021-05-04,206.43,207.65,206.25,206.67,808759,AAPL
2021-05-05,213.93,215.14,209.35,211.32,1682242,AAPL
2021-05-06,213.33,216.16,208.92,211.36,2883968,AAPL
2021-05-07,219.27,219.94,217.09,219.29,1113147,AAPL
2021-05-08,218.91,219.9,217.99,219.8,349835,AAPL
2021-05-09,217.97,220.77,212.8,215.13,494716,AAPL
2021-05-10,224.41,225.24,223.38,223.43,1228521,AAPL
2021-05-11,225.54,228.55,225.09,226.54,1137355,AAPL
2021-05-12,222.98,224.29,218.64,220.74,326817,AAPL
2021-05-13,220.99,223.35,218.89,219.77,1238452,AAPL
2021-05-14,216.0,216.09,214.52,215.03,1329106,AAPL
2021-05-15,206.64,208.34,205.92,207.66,496046,AAPL
2021-05-16,211.94,213.05,211.24,212.56,2218940,AAPL
2021-05-17,221.65,224.48,221.48,222.82,1076552,AAPL
2021-05-18,214.0,215.58,213.75,215.09,1315737,AAPL
2021-05-19,218.5,219.15,216.27,218.21,762673,AAPL
2021-05-20,214.32,216.52,214.07,214.73,2374935,AAPL
2021-05-21,213.7,214.79,211.95,212.2,3300685,AAPL
2021-05-22,208.86,210.12,208.5,209.13,1131473,AAPL
2021-05-23,202.07,207.36,199.62,204.68,2216644,AAPL
2021-05-24,207.19,207.96,203.73,205.0,599974,AAPL
2021-05-25,200.78,201.1,200.29,200.81,1085514,AAPL
2021-05-26,199.99,202.7,198.45,202.25,665540,AAPL
2021-05-27,202.38,202.56,201.29,202.08,983893,AAPL
2021-05-28,201.5,203.47,200.44,200.94,682392,AAPL
2021-05-29,197.53,199.61,195.29,196.45,938060,AAPL
2021-05-30,195.03,195.03,192.51,193.68,1521149,AAPL
2021-05-31,197.09,197.44,195.29,197.43,485716,AAPL
2021-06-01,199.24,200.15,197.03,199.98,592000,AAPL
2021-06-02,194.68,195.24,194.23,195.16,909880,AAPL
2021-06-03,196.34,196.45,195.52,195.72,1525341,AAPL
2021-06-04,198.76,199.62,198.4,199.49,2710730,AAPL
2021-06-05,192.43,192.56,190.82,191.21,938427,AAPL
2021-06-06,191.96,194.07,191.66,193.89,1107912,AAPL
2021-06-07,191.66,192.71,190.47,190.75,909312,AAPL
2021-06-08,192.65,194.81,191.44,193.55,851404,AAPL
2021-06-09,187.9,190.21,187.06,189.92,1243358,AAPL
2021-06-10,181.51,182.77,180.4,181.4,919296,AAPL
2021-06-11,174.58,175.56,174.04,174.07,1737217,AAPL
2021-06-12,175.18,175.77,172.92,174.34,1062014,AAPL
2021-06-13,175.92,176.53,174.89,175.55,1604492,AAPL
2021-06-14,172.87,174.16,171.45,171.63,2037450,AAPL
2021-06-15,174.69,175.08,174.45,174.45,1732548,AAPL
2021-06-16,167.79,167.81,167.04,167.25,827359,AAPL
2021-06-17,164.71,168.2,163.5,167.04,1506652,AAPL
2021-06-18,161.06,162.13,160.92,162.03,1724508,AAPL
2021-06-19,160.68,162.2,157.93,159.44,1103078,AAPL
2021-06-20,159.52,160.04,159.4,159.7,2573173,AAPL
2021-06-21,155.79,156.97,155.25,156.31,1139350,AAPL
2021-06-22,154.63,155.13,153.83,154.87,949513,AAPL
2021-06-23,158.27,159.68,158.05,158.83,907521,AAPL
2021-06-24,156.47,158.06,156.3,156.6,1431688,AAPL
2021-06-25,159.52,160.05,159.21,159.94,1793148,AAPL
2021-06-26,155.18,157.39,153.99,155.47,1130158,AAPL
2021-06-27,156.86,158.44,155.52,157.6,2112815,AAPL
2021-06-28,162.7,163.75,162.55,163.35,3336063,AAPL
2021-06-29,153.32,153.97,152.16,153.29,841646,AAPL
2021-06-30,150.68,150.86,150.24,150.29,1789823,AAPL
2021-07-01,152.69,153.44,151.8,152.52,2585662,AAPL
2021-07-02,151.86,152.5,151.56,151.81,967703,AAPL
2021-07-03,153.15,154.27,151.98,153.28,688730,AAPL
2021-07-04,151.35,151.44,150.95,151.02,1726304,AAPL
2021-07-05,151.53,151.82,151.28,151.4,1579718,AAPL
2021-07-06,151.12,151.6,150.1,150.87,922601,AAPL
2021-07-07,153.52,155.43,151.92,155.35,1685159,AAPL
2021-07-08,156.56,156.65,155.26,156.4,1540154,AAPL
2021-07-09,158.28,158.87,157.51,157.78,1194191,AAPL
2021-07-10,156.67,157.33,156.01,156.21,1744067,AAPL
2021-07-11,154.85,155.29,154.27,154.36,1130397,AAPL
2021-07-12,151.75,152.77,150.84,152.75,1727933,AAPL
2021-07-13,154.44,154.71,153.92,154.32,371705,AAPL
2021-07-14,152.59,153.06,152.17,152.75,1039111,AAPL
2021-07-15,153.1,154.55,152.9,153.92,1345395,AAPL
2021-07-16,162.39,162.45,161.65,161.99,735633,AAPL
2021-07-17,165.63,165.74,165.33,165.59,1148915,AAPL
2021-07-18,165.73,165.79,162.73,164.3,961058,AAPL
2021-07-19,168.85,169.7,168.28,169.31,1332457,AAPL
2021-07-20,166.13,169.18,164.09,167.65,679364,AAPL
2021-07-21,159.79,160.18,156.97,159.14,674819,AAPL
2021-07-22,155.65,155.76,155.0,155.18,742762,AAPL
2021-07-23,147.32,148.31,146.75,147.96,785935,AAPL
2021-07-24,146.03,147.25,145.6,146.72,735232,AAPL
2021-07-25,147.31,147.43,146.59,146.84,1245682,AAPL
2021-07-26,153.43,154.34,151.45,153.07,3306584,AAPL
2021-07-27,155.1,155.79,153.79,154.38,1990257,AAPL
2021-07-28,153.22,153.61,152.29,153.6,579884,AAPL
2021-07-29,157.93,158.78,156.45,156.85,2430500,AAPL
2021-07-30,148.49,148.56,147.77,148.22,1801682,AAPL
2021-07-31,148.89,150.1,148.16,149.15,1218506,AAPL
2021-08-01,153.18,154.0,150.51,152.09,738556,AAPL
2021-08-02,146.72,147.69,145.62,146.51,2883105,AAPL
2021-08-03,150.0,150.84,149.82,150.77,790699,AAPL
2021-08-04,150.67,152.47,150.12,152.11,1085253,AAPL
2021-08-05,151.49,153.14,149.16,150.58,2963107,AAPL
2021-08-06,153.47,153.58,153.03,153.03,1497127,AAPL
2021-08-07,161.65,162.6,159.81,161.8,1832530,AAPL
2021-08-08,162.46,163.47,161.59,162.6,1271276,AAPL
2021-08-09,164.26,164.66,163.12,163.68,1173493,AAPL
2021-08-10,161.47,162.11,161.01,161.85,1347915,AAPL
2021-08-11,159.55,161.03,157.32,158.47,2463725,AAPL
2021-08-12,162.21,162.47,161.39,161.83,1282554,AAPL
2021-08-13,158.76,159.12,158.22,158.42,1746636,AAPL
2021-08-14,157.58,159.78,156.7,158.76,658903,AAPL
2021-08-15,156.6,157.48,156.14,156.92,1622361,AAPL
2021-08-16,158.04,158.92,157.76,158.87,1488737,AAPL
2021-08-17,161.88,161.91,159.59,160.26,1321455,AAPL
2021-08-18,164.84,165.07,162.81,164.49,2248560,AAPL
2021-08-19,162.1,162.57,161.39,162.45,2612966,AAPL
2021-08-20,161.76,161.92,161.31,161.41,2079149,AAPL
2021-08-21,156.84,157.83,156.82,157.52,1323270,AAPL
2021-08-22,155.64,156.28,153.87,155.82,1371057,AAPL
2021-08-23,156.9,157.45,156.25,157.36,1362819,AAPL
2021-08-24,158.97,160.96,158.18,160.4,1927072,AAPL
2021-08-25,157.35,157.36,156.33,156.76,728200,AAPL
2021-08-26,161.39,162.46,158.77,160.24,530914,AAPL
2021-08-27,165.07,166.62,164.15,165.74,2090842,AAPL
2021-08-28,168.19,168.28,167.33,167.53,555831,AAPL
2021-08-29,175.17,176.0,174.22,175.48,417850,AAPL
2021-08-30,170.14,173.1,169.04,172.14,2449464,AAPL
2021-08-31,165.85,167.15,165.77,166.83,855683,AAPL
2021-09-01,159.0,160.17,158.44,159.46,492986,AAPL
2021-09-02,165.49,165.94,165.18,165.5,1978209,AAPL
2021-09-03,166.43,169.95,165.03,168.28,1103563,AAPL
2021-09-04,167.78,169.17,166.57,168.11,960883,AAPL
2021-09-05,169.17,169.55,168.82,169.36,1017928,AAPL
2021-09-06,165.03,165.84,164.53,164.64,1099987,AAPL
2021-09-07,173.83,175.95,172.69,174.8,1323161,AAPL
2021-09-08,174.33,176.31,173.55,175.44,832598,AAPL
2021-09-09,173.95,177.72,173.82,175.99,1216805,AAPL
2021-09-10,179.42,181.44,177.36,179.26,1085376,AAPL
2021-09-11,180.2,182.32,179.12,181.49,324486,AAPL
2021-09-12,183.91,185.28,181.32,182.58,518418,AAPL
2021-09-13,179.84,181.66,177.39,179.03,638982,AAPL
2021-09-14,180.92,182.11,180.04,181.22,944642,AAPL
2021-09-15,188.46,190.91,187.93,189.84,1296802,AAPL
2021-09-16,196.83,197.95,194.79,196.31,2604519,AAPL
2021-09-17,204.32,204.71,203.59,204.23,559799,AAPL
2021-09-18,203.22,205.48,200.5,201.69,1176108,AAPL
2021-09-19,194.95,198.68,194.2,196.77,1325657,AAPL
2021-09-20,196.72,196.88,195.73,196.22,1678206,AAPL
2021-09-21,196.4,197.07,195.99,196.57,905510,AAPL
2021-09-22,201.68,203.15,199.89,202.04,1172465,AAPL
2021-09-23,192.87,194.4,192.66,193.55,1120029,AAPL
2021-09-24,199.66,201.58,198.85,201.04,1350665,AAPL
2021-09-25,200.24,200.44,199.42,200.33,1294904,AAPL
2021-09-26,200.45,201.47,197.39,198.26,220719,AAPL
2021-09-27,195.16,196.56,191.52,193.31,836008,AAPL
2021-09-28,185.19,185.59,185.12,185.36,1092487,AAPL
2021-09-29,190.7,193.1,188.77,189.26,416593,AAPL
2021-09-30,190.27,190.85,189.44,189.68,1942467,AAPL
2021-10-01,183.26,183.98,182.99,183.62,763245,AAPL
2021-10-02,178.41,179.29,177.34,177.73,1617619,AAPL
2021-10-03,174.16,178.23,172.35,176.3,531612,AAPL
2021-10-04,183.91,184.32,183.6,183.74,858641,AAPL
2021-10-05,183.13,183.35,182.12,182.62,928749,AAPL
2021-10-06,176.06,176.43,175.39,175.81,689918,AAPL
2021-10-07,173.9,175.16,173.79,174.79,591443,AAPL
2021-10-08,172.41,173.97,171.04,173.67,1106421,AAPL
2021-10-09,163.6,163.79,161.53,161.99,994732,AAPL
2021-10-10,162.24,162.88,160.57,161.83,737169,AAPL
2021-10-11,159.99,162.16,158.86,160.96,1455247,AAPL
2021-10-12,164.11,164.53,163.54,163.83,1080656,AAPL
2021-10-13,172.05,172.3,171.26,171.49,706099,AAPL
2021-10-14,174.51,178.8,173.5,176.4,402471,AAPL
2021-10-15,174.66,176.61,174.1,175.28,1373380,AAPL
2021-10-16,170.1,171.26,169.02,170.48,859996,AAPL
2021-10-17,181.47,182.98,179.86,181.55,525562,AAPL
2021-10-18,181.68,182.62,180.72,181.89,348746,AAPL
2021-10-19,181.9,182.59,181.37,182.02,1814104,AAPL
2021-10-20,182.19,183.38,181.22,181.98,883014,AAPL
2021-10-21,182.85,183.24,182.77,182.96,532670,AAPL
2021-10-22,182.43,184.42,181.3,182.37,697762,AAPL
2021-10-23,181.03,181.87,178.78,179.81,305807,AAPL
2021-10-24,179.46,179.6,176.8,177.42,1279264,AAPL
2021-10-25,176.81,177.76,176.09,177.34,856417,AAPL
2021-10-26,174.07,175.98,172.72,174.99,1173292,AAPL
2021-10-27,171.09,172.3,169.57,171.93,322174,AAPL
2021-10-28,172.76,173.43,172.38,172.46,902305,AAPL
2021-10-29,170.55,171.83,169.75,171.42,629677,AAPL
2021-10-30,177.35,178.25,176.58,177.95,990988,AAPL
2021-10-31,163.89,166.64,162.97,166.19,785493,AAPL
2021-11-01,172.57,173.98,170.68,170.81,633690,AAPL
2021-11-02,176.15,176.73,176.08,176.21,484456,AAPL
2021-11-03,168.23,168.86,166.06,167.12,574345,AAPL
2021-11-04,165.52,166.05,165.4,165.75,372358,AAPL
2021-11-05,164.47,165.06,163.55,164.27,674420,AAPL
2021-11-06,156.99,158.89,156.03,158.53,1937279,AAPL
2021-11-07,154.97,155.82,154.45,155.5,1121940,AAPL
2021-11-08,150.47,151.66,148.67,151.23,1168436,AAPL
2021-11-09,158.11,158.51,157.51,157.94,851789,AAPL
2021-11-10,160.5,163.03,160.41,161.7,992692,AAPL
2021-11-11,165.84,167.74,165.73,166.92,699475,AAPL
2021-11-12,170.35,171.08,169.78,170.01,428399,AAPL
2021-11-13,165.04,165.35,164.39,165.26,457290,AAPL
2021-11-14,163.34,163.53,163.12,163.15,1222312,AAPL
2021-11-15,165.98,167.32,165.09,165.22,522313,AAPL
2021-11-16,162.59,164.71,159.18,160.22,688218,AAPL
2021-11-17,162.57,165.25,160.87,163.14,1063526,AAPL
2021-11-18,162.52,164.01,160.77,162.22,572999,AAPL
2021-11-19,159.61,160.93,159.14,160.76,883525,AAPL
2021-11-20,163.67,163.79,163.46,163.69,415273,AAPL
2021-11-21,165.91,166.75,165.29,165.58,590495,AAPL
2021-11-22,164.03,164.78,163.33,164.14,530270,AAPL
2021-11-23,169.27,169.29,168.76,168.98,963806,AAPL
2021-11-24,164.74,165.02,164.08,164.46,920707,AAPL
2021-11-25,167.45,168.11,166.07,167.07,901605,AAPL
2021-11-26,168.74,171.45,167.19,169.62,681044,AAPL
2021-11-27,167.84,169.26,167.72,168.36,897155,AAPL
2021-11-28,170.75,170.88,169.34,169.81,507749,AAPL
2021-11-29,165.01,165.4,163.64,164.55,568269,AAPL
2021-11-30,169.76,170.45,168.1,168.42,994726,AAPL
2021-12-01,166.98,168.84,165.77,167.71,663796,AAPL
2021-12-02,165.88,166.78,164.77,165.57,462181,AAPL
2021-12-03,170.13,170.41,169.53,169.99,705963,AAPL
2021-12-04,166.73,167.61,166.42,167.06,1433384,AAPL
2021-12-05,163.31,163.34,160.23,161.22,626109,AAPL
2021-12-06,155.8,155.87,154.8,154.99,719097,AAPL
2021-12-07,157.05,158.08,156.54,157.41,1046583,AAPL
2021-12-08,153.53,155.72,151.92,152.41,1264645,AAPL
2021-12-09,158.86,159.19,158.41,159.18,875795,AAPL
2021-12-10,152.9,153.71,149.23,150.93,602444,AAPL
2021-12-11,157.59,157.85,156.91,157.41,1117609,AAPL
2021-12-12,158.65,158.81,158.19,158.3,528939,AAPL
2021-12-13,157.1,159.03,155.84,157.98,2087050,AAPL
2021-12-14,155.28,156.5,154.41,155.88,496204,AAPL
2021-12-15,157.85,157.86,157.04,157.5,1107915,AAPL
2021-12-16,156.49,158.52,155.86,157.42,480151,AAPL
2021-12-17,161.13,162.66,160.75,161.83,1438842,AAPL
2021-12-18,162.93,163.24,162.26,162.36,226185,AAPL
2021-12-19,163.94,165.28,161.63,163.03,522843,AAPL
2021-12-20,159.32,161.84,158.53,161.61,307137,AAPL
2021-12-21,160.41,162.11,158.99,161.44,434671,AAPL
2021-12-22,164.37,165.39,160.82,162.75,978012,AAPL
2021-12-23,155.85,156.85,155.27,155.84,1876665,AAPL
2021-12-24,151.64,151.83,149.38,150.63,522213,AAPL
2021-12-25,154.63,155.96,152.16,153.49,686693,AAPL
2021-12-26,155.07,157.13,152.29,154.21,1385741,AAPL
2021-12-27,153.78,154.05,152.76,153.56,697362,AAPL
2021-12-28,152.48,154.56,151.29,153.69,863245,AAPL
2021-12-29,154.23,155.7,153.27,155.09,293619,AAPL
2021-12-30,151.78,153.09,151.34,153.05,1070165,AAPL
2021-12-31,150.23,151.53,148.3,150.12,449667,AAPL
2022-01-01,150.12,151.4,148.95,150.92,751838,AAPL
2022-01-02,148.49,148.74,146.75,147.27,814070,AAPL
2022-01-03,148.8,150.05,148.04,148.84,457178,AAPL
2022-01-04,142.24,142.87,141.92,142.54,1373704,AAPL
2022-01-05,146.71,147.03,145.95,146.28,1029943,AAPL
2022-01-06,147.85,148.46,147.35,148.07,941898,AAPL
2022-01-07,148.99,149.08,148.36,149.07,1032005,AAPL
2022-01-08,152.2,154.14,151.82,152.8,536933,AAPL
2022-01-09,159.01,159.32,158.18,159.24,365296,AAPL
2022-01-10,162.61,164.85,161.5,163.36,1793455,AAPL
2022-01-11,155.51,156.2,155.41,155.88,1237229,AAPL
2022-01-12,152.01,152.02,149.92,150.94,2500090,AAPL
2022-01-13,149.56,150.67,148.61,148.63,832960,AAPL
2022-01-14,149.08,150.04,147.91,148.79,601775,AAPL
2022-01-15,151.01,151.2,150.24,150.78,727983,AAPL
2022-01-16,146.75,148.74,145.72,148.09,696600,AAPL
2022-01-17,149.67,150.43,148.32,148.84,884403,AAPL
2022-01-18,146.2,146.65,145.08,146.08,485336,AAPL
2022-01-19,142.44,145.2,141.4,143.9,456659,AAPL
2022-01-20,139.69,140.48,138.41,138.88,880350,AAPL
2022-01-21,135.81,136.35,134.86,135.72,1175254,AAPL
2022-01-22,131.25,131.47,131.02,131.17,842880,AAPL
2022-01-23,127.3,128.36,126.6,128.01,1678983,AAPL
2022-01-24,131.49,131.85,130.58,131.44,1018059,AAPL
2022-01-25,127.75,130.15,127.33,128.37,789048,AAPL
2022-01-26,138.31,139.23,135.93,136.89,1111741,AAPL
2022-01-27,139.03,139.16,138.37,138.63,1156848,AAPL
2022-01-28,138.86,140.19,137.99,139.33,2311309,AAPL
2022-01-29,136.87,136.96,135.94,136.39,516222,AAPL
2022-01-30,139.84,140.56,138.8,138.83,1538203,AAPL
2022-01-31,136.77,137.42,135.96,136.88,455123,AAPL
2022-02-01,138.22,138.85,136.42,137.35,346680,AAPL
2022-02-02,146.02,147.66,144.22,146.22,468265,AAPL
2022-02-03,145.3,146.74,144.89,145.93,1336636,AAPL
2022-02-04,150.53,150.98,149.84,150.19,1427061,AAPL
2022-02-05,147.87,149.11,146.72,147.6,1834593,AAPL
2022-02-06,147.56,147.96,147.22,147.53,420421,AAPL
2022-02-07,153.91,154.28,153.69,154.14,687156,AAPL
2022-02-08,153.05,153.32,151.02,151.77,637108,AAPL
2022-02-09,157.52,160.49,157.15,158.73,667853,AAPL
2022-02-10,161.11,161.8,160.3,161.61,756577,AAPL
2022-02-11,159.16,159.55,159.0,159.39,726961,AAPL
2022-02-12,162.79,163.58,161.4,161.98,1566408,AAPL
2022-02-13,166.74,167.88,165.55,165.99,979836,AAPL
2022-02-14,169.14,169.42,167.99,168.64,962477,AAPL
2022-02-15,163.48,164.98,160.13,162.07,934150,AAPL
2022-02-16,159.58,160.0,158.77,159.18,1445354,AAPL
2022-02-17,160.51,161.2,157.54,158.25,1497877,AAPL
2022-02-18,157.78,159.44,156.03,158.02,1878954,AAPL
2022-02-19,159.35,161.32,158.11,160.54,1383461,AAPL
2022-02-20,162.4,163.62,161.04,161.32,1840417,AAPL
2022-02-21,158.0,158.58,154.34,155.98,2948946,AAPL
2022-02-22,156.27,158.58,156.22,157.52,1241373,AAPL
2022-02-23,161.51,162.05,159.64,160.0,720718,AAPL
2022-02-24,163.67,163.8,161.9,162.31,551985,AAPL
2022-02-25,167.56,167.81,166.7,166.77,722437,AAPL
2022-02-26,170.27,170.82,169.0,170.32,1241998,AAPL
2022-02-27,172.22,173.55,171.58,172.34,2963931,AAPL
2022-02-28,172.21,172.87,171.87,172.11,971093,AAPL
2022-03-01,166.02,166.73,164.27,165.01,3120250,AAPL
2022-03-02,166.35,166.88,165.74,166.85,1282349,AAPL
2022-03-03,167.47,168.1,166.43,167.78,713756,AAPL
2022-03-04,169.91,171.25,166.75,168.99,818738,AAPL
2022-03-05,163.67,163.99,163.21,163.65,1037048,AAPL
2022-03-06,157.28,159.29,155.32,159.27,1266018,AAPL
2022-03-07,162.86,164.2,162.27,163.54,1042204,AAPL
2022-03-08,162.17,163.52,162.08,163.44,1263443,AAPL
2022-03-09,167.33,167.39,165.71,166.3,2779737,AAPL
2022-03-10,164.75,166.99,163.68,166.48,2178263,AAPL
2022-03-11,165.33,167.14,164.09,166.67,1175913,AAPL
2022-03-12,170.16,171.12,170.12,170.66,457597,AAPL
2022-03-13,167.6,169.71,166.83,168.51,1455488,AAPL
2022-03-14,168.96,168.99,168.93,168.98,1443536,AAPL
2022-03-15,167.41,167.89,166.77,167.09,2083736,AAPL
2022-03-16,163.47,165.35,161.79,165.34,1281392,AAPL
2022-03-17,162.94,164.48,161.84,164.12,669597,AAPL
2022-03-18,165.38,165.65,164.91,165.1,1236572,AAPL
2022-03-19,161.15,164.2,160.8,163.18,1477431,AAPL
2022-03-20,169.55,169.86,168.2,168.38,680005,AAPL
2022-03-21,163.67,165.11,162.97,164.67,969182,AAPL
2022-03-22,164.5,164.69,163.8,163.96,738515,AAPL
2022-03-23,161.94,162.63,161.84,162.22,3208974,AAPL
2022-03-24,169.04,169.72,167.75,168.16,769379,AAPL
2022-03-25,167.58,171.14,165.8,169.06,960254,AAPL
2022-03-26,175.37,177.03,172.08,173.5,1441521,AAPL
2022-03-27,166.88,168.29,166.31,167.1,1023649,AAPL
2022-03-28,168.55,169.05,167.79,168.29,1357713,AAPL
2022-03-29,171.27,172.67,171.04,172.1,1148754,AAPL
2022-03-30,172.33,172.81,172.07,172.53,1410275,AAPL
2022-03-31,177.87,178.79,176.28,177.2,1947304,AAPL
2022-04-01,173.96,175.05,173.17,174.97,1538153,AAPL
2022-04-02,183.25,183.98,180.28,181.22,1928407,AAPL
2022-04-03,192.3,193.32,191.44,191.74,1275004,AAPL
2022-04-04,191.17,192.42,189.75,190.07,1310350,AAPL
2022-04-05,189.74,190.94,186.32,188.02,978374,AAPL
2022-04-06,193.96,195.21,193.27,194.94,986140,AAPL
2022-04-07,203.46,204.38,202.0,202.74,925681,AAPL
2022-04-08,199.69,200.79,199.56,200.16,1666668,AAPL
2022-04-09,197.53,198.84,195.3,198.13,2070270,AAPL
2022-04-10,198.96,200.39,195.1,196.81,1747108,AAPL
2022-04-11,189.81,192.7,187.43,190.25,1856497,AAPL
2022-04-12,187.41,188.29,185.85,185.94,1344527,AAPL
2022-04-13,182.9,184.3,179.93,181.33,991497,AAPL
2022-04-14,176.91,178.78,175.47,177.91,2387704,AAPL
2022-04-15,178.19,179.18,177.79,177.83,1399138,AAPL
2022-04-16,178.25,180.95,178.07,178.94,448504,AAPL
2022-04-17,185.3,186.98,184.88,185.96,1157230,AAPL
2022-04-18,181.8,182.38,179.92,181.38,1007622,AAPL
2022-04-19,186.01,186.61,185.56,185.93,1184464,AAPL
2022-04-20,185.06,185.58,184.97,185.0,541729,AAPL
2022-04-21,185.21,185.65,184.6,184.84,1530169,AAPL
2022-04-22,187.72,189.39,186.81,188.04,985744,AAPL
2022-04-23,182.17,183.53,181.5,182.82,2301113,AAPL
2022-04-24,184.35,184.93,183.36,184.65,492023,AAPL
2022-04-25,185.47,185.76,183.94,185.49,2224032,AAPL
2022-04-26,186.22,188.55,185.42,187.85,1023960,AAPL
2022-04-27,188.64,190.58,188.03,189.29,1548997,AAPL
2022-04-28,202.77,203.75,199.6,201.01,791380,AAPL
2022-04-29,198.53,199.47,196.14,197.88,1485117,AAPL
2022-04-30,196.67,196.68,194.86,195.32,625482,AAPL
2022-05-01,191.29,193.31,190.56,192.34,1543438,AAPL
2022-05-02,189.18,190.31,188.83,189.74,793784,AAPL
2022-05-03,189.07,189.24,186.11,186.78,547196,AAPL
2022-05-04,193.35,194.82,190.06,192.42,1396129,AAPL
2022-05-05,199.79,200.22,198.91,199.35,1568598,AAPL
2022-05-06,197.14,198.51,196.38,196.57,1049947,AAPL
2022-05-07,193.82,195.95,191.59,192.55,1677591,AAPL
2022-05-08,194.72,195.28,193.64,194.9,2627610,AAPL
2022-05-09,192.6,193.37,192.03,192.27,1966621,AAPL
2022-05-10,195.86,197.69,193.54,195.4,671836,AAPL
2022-05-11,196.0,197.14,195.78,196.47,402732,AAPL
2022-05-12,187.47,191.52,186.53,189.08,832524,AAPL
2022-05-13,197.46,197.66,195.47,196.49,619774,AAPL
2022-05-14,204.95,206.12,204.58,205.41,2026029,AAPL
2022-05-15,203.78,204.45,200.62,202.34,887305,AAPL
2022-05-16,200.33,200.45,199.98,200.45,648265,AAPL
2022-05-17,201.16,203.13,200.65,201.96,1890975,AAPL
2022-05-18,202.79,204.05,202.24,203.73,1283332,AAPL
2022-05-19,205.33,208.46,205.15,207.18,872949,AAPL
2022-05-20,218.25,218.27,217.2,217.7,2955217,AAPL
2022-05-21,215.85,217.04,214.58,216.82,1336648,AAPL
2022-05-22,213.44,213.94,211.9,212.56,534019,AAPL
2022-05-23,205.57,207.35,203.24,205.29,503713,AAPL
2022-05-24,202.77,203.58,201.25,201.61,696991,AAPL
2022-05-25,201.28,201.97,200.81,201.52,1796856,AAPL
2022-05-26,211.87,212.17,209.81,210.67,2387640,AAPL
2022-05-27,208.25,208.66,207.9,208.01,1008709,AAPL
2022-05-28,210.93,211.11,207.27,209.26,775722,AAPL
2022-05-29,208.63,210.82,208.07,209.26,1455480,AAPL
2022-05-30,214.19,217.34,213.1,215.57,2014556,AAPL
2022-05-31,228.39,231.15,226.71,229.31,434699,AAPL
2022-06-01,226.65,227.48,225.66,226.35,828624,AAPL
2022-06-02,223.67,225.72,222.64,223.66,1373316,AAPL
2022-06-03,229.99,230.63,228.7,229.6,1571929,AAPL
2022-06-04,236.02,238.64,231.21,233.62,791791,AAPL
2022-06-05,242.65,246.7,240.59,244.53,1166853,AAPL
2022-06-06,246.92,248.81,246.36,248.2,1975917,AAPL
2022-06-07,245.94,246.19,245.47,246.06,290304,AAPL
2022-06-08,249.01,251.59,247.5,249.8,1312447,AAPL
2022-06-09,259.63,262.93,253.56,256.84,2020082,AAPL
2022-06-10,261.96,262.25,261.91,262.22,672854,AAPL
2022-06-11,265.3,267.34,262.26,265.66,644344,AAPL
2022-06-12,274.2,275.94,271.37,272.87,530018,AAPL
2022-06-13,280.36,281.98,279.86,280.97,889370,AAPL
2022-06-14,289.57,294.09,288.97,290.82,1233320,AAPL
2022-06-15,295.53,299.28,294.53,295.66,566906,AAPL
2022-06-16,295.3,297.85,293.37,294.54,1221542,AAPL
2022-06-17,298.7,299.62,291.82,295.74,1804687,AAPL
2022-06-18,302.74,306.77,300.54,304.8,1634054,AAPL
2022-06-19,297.68,299.08,296.68,298.67,2436307,AAPL
2022-06-20,299.72,302.58,298.0,301.55,1086167,AAPL
2022-06-21,299.07,299.45,297.61,298.69,940578,AAPL
2022-06-22,299.11,299.23,298.63,299.02,1488472,AAPL
2022-06-23,308.28,311.34,306.19,308.72,484600,AAPL
2022-06-24,312.63,314.19,308.85,310.32,489276,AAPL
2022-06-25,306.45,315.29,302.91,310.8,627164,AAPL
2022-06-26,298.26,303.56,295.95,300.33,458099,AAPL
2022-06-27,307.83,309.33,304.69,306.06,1205791,AAPL
2022-06-28,312.21,312.29,310.67,311.14,886549,AAPL
2022-06-29,326.23,329.66,325.0,328.13,622161,AAPL
2022-06-30,326.05,328.0,325.37,325.73,295400,AAPL
2022-07-01,324.15,329.84,323.49,327.64,475712,AAPL
2022-07-02,331.31,334.62,329.6,329.82,1643183,AAPL
2022-07-03,343.48,345.86,339.92,342.99,2096750,AAPL
2022-07-04,341.85,343.33,341.58,342.3,1886142,AAPL
2022-07-05,343.83,347.52,342.19,344.83,883578,AAPL
2022-07-06,351.38,353.23,347.98,350.22,423062,AAPL
2022-07-07,351.88,355.33,348.72,352.0,545115,AAPL
2022-07-08,348.28,349.35,347.13,348.19,1110408,AAPL
2022-07-09,351.17,352.9,348.19,350.02,2421295,AAPL
2022-07-10,359.6,359.83,358.37,359.58,1119864,AAPL
2022-07-11,352.03,352.09,347.33,350.46,747206,AAPL
2022-07-12,350.4,354.52,348.1,351.77,799120,AAPL
2022-07-13,346.06,348.55,343.02,345.73,399819,AAPL
2022-07-14,354.97,356.43,353.7,356.22,362095,AAPL
2022-07-15,342.47,342.95,341.59,342.76,522008,AAPL
2022-07-16,340.93,342.01,336.5,338.09,683173,AAPL
2022-07-17,343.46,345.4,339.82,341.41,430315,AAPL
2022-07-18,355.95,357.83,354.83,354.95,1703816,AAPL
2022-07-19,354.34,356.08,353.58,354.5,476119,AAPL
2022-07-20,350.02,354.27,348.89,349.7,647943,AAPL
2022-07-21,368.2,370.12,364.73,366.33,464371,AAPL
2022-07-22,352.01,356.13,351.44,353.17,400225,AAPL
2022-07-23,332.76,335.4,332.45,333.84,478802,AAPL
2022-07-24,338.24,340.42,337.55,337.65,1612167,AAPL
2022-07-25,337.41,338.7,330.52,333.53,944997,AAPL
2022-07-26,325.72,326.96,323.51,325.12,705312,AAPL
2022-07-27,334.31,335.82,328.89,331.02,625265,AAPL
2022-07-28,332.13,333.46,329.26,333.18,1296173,AAPL
2022-07-29,332.61,336.42,327.54,328.59,806292,AAPL
2022-07-30,319.09,319.26,317.56,318.17,607683,AAPL
2022-07-31,326.06,328.03,324.16,325.26,870494,AAPL
2022-08-01,334.69,336.11,327.45,330.68,432293,AAPL
2022-08-02,332.34,333.3,326.63,329.99,568727,AAPL
2022-08-03,349.75,350.25,341.2,345.4,1367846,AAPL
2022-08-04,336.66,336.89,335.91,336.26,1852238,AAPL
2022-08-05,322.63,325.73,321.7,323.53,414749,AAPL
2022-08-06,317.05,318.17,312.66,318.04,636697,AAPL
2022-08-07,315.32,318.37,312.66,317.8,775197,AAPL
2022-08-08,319.54,323.74,315.59,319.87,653264,AAPL
2022-08-09,317.68,318.75,317.17,318.06,1171213,AAPL
2022-08-10,322.41,325.29,318.2,320.99,408378,AAPL
2022-08-11,311.43,312.77,309.56,311.04,843309,AAPL
2022-08-12,324.51,326.53,322.38,322.42,1086202,AAPL
2022-08-13,321.63,321.99,321.6,321.88,1749455,AAPL
2022-08-14,329.74,332.97,328.04,331.02,372958,AAPL
2022-08-15,335.72,338.32,331.07,333.99,671834,AAPL
2022-08-16,340.95,344.07,335.71,337.95,833673,AAPL
2022-08-17,344.13,345.37,340.97,342.91,648792,AAPL
2022-08-18,346.98,347.59,346.65,346.89,443037,AAPL
2022-08-19,353.0,353.09,351.9,352.61,359260,AAPL
2022-08-20,363.9,364.69,361.18,364.5,1155530,AAPL
2022-08-21,364.47,366.84,363.64,366.44,974178,AAPL
2022-08-22,373.15,373.92,371.43,373.09,1358720,AAPL
2022-08-23,375.21,378.1,370.96,372.4,468965,AAPL
2022-08-24,386.58,387.02,384.77,385.99,563181,AAPL
2022-08-25,380.24,381.14,378.68,379.59,1775142,AAPL
2022-08-26,397.75,398.01,396.4,396.88,1180752,AAPL
2022-08-27,397.81,398.82,395.33,396.64,1114563,AAPL
2022-08-28,381.31,387.27,380.84,382.56,1034819,AAPL
2022-08-29,382.81,384.47,382.19,383.94,288439,AAPL
2022-08-30,373.75,377.65,372.3,377.53,1362812,AAPL
2022-08-31,383.01,386.86,381.85,385.63,327450,AAPL
2022-09-01,378.35,380.92,377.72,379.47,553446,AAPL
2022-09-02,375.81,376.31,374.46,375.38,915570,AAPL
2022-09-03,359.42,361.49,357.59,357.74,863086,AAPL
2022-09-04,355.21,356.27,353.52,353.82,634579,AAPL
2022-09-05,331.56,333.58,329.76,332.45,786657,AAPL
2022-09-06,320.03,320.46,318.61,319.38,760794,AAPL
2022-09-07,323.59,328.66,321.95,325.59,1061272,AAPL
2022-09-08,332.46,334.15,331.06,332.13,1032720,AAPL
2022-09-09,335.07,336.0,334.94,335.8,890203,AAPL
2022-09-10,325.15,331.37,323.5,327.79,1040229,AAPL
2022-09-11,329.93,330.37,325.67,327.53,952362,AAPL
2022-09-12,329.16,331.04,325.15,327.63,974478,AAPL
2022-09-13,318.93,319.79,316.99,318.24,1058631,AAPL
2022-09-14,328.04,333.92,324.27,330.36,791175,AAPL
2022-09-15,338.57,341.91,335.57,337.75,805807,AAPL
2022-09-16,333.55,336.54,333.28,336.01,1439175,AAPL
2022-09-17,339.41,340.16,334.59,336.37,635183,AAPL
2022-09-18,338.49,338.83,337.34,338.26,499724,AAPL
2022-09-19,320.64,322.57,318.36,321.07,1171998,AAPL
2022-09-20,316.19,321.47,315.67,319.21,1140301,AAPL
2022-09-21,314.15,318.11,311.19,313.87,1555168,AAPL
2022-09-22,303.77,307.07,302.7,306.11,942180,AAPL
2022-09-23,301.25,304.1,299.31,304.07,1019509,AAPL
2022-09-24,318.02,318.34,317.37,317.89,810125,AAPL
2022-09-25,325.3,325.8,321.93,323.13,445562,AAPL
2022-09-26,316.85,318.73,315.19,318.62,846841,AAPL
2022-09-27,325.05,326.42,322.52,323.32,1402518,AAPL
2022-09-28,335.85,337.51,332.09,334.79,1056041,AAPL
2022-09-29,344.02,344.92,340.14,342.68,1574853,AAPL
2022-09-30,344.07,346.0,340.7,343.33,1323486,AAPL
2022-10-01,338.22,340.39,336.96,337.89,902044,AAPL
2022-10-02,340.38,344.44,338.13,343.94,3157419,AAPL
2022-10-03,349.48,351.02,345.12,347.46,2223293,AAPL
2022-10-04,356.78,358.97,352.79,355.4,811488,AAPL
2022-10-05,364.69,369.16,357.61,361.2,965114,AAPL
2022-10-06,371.62,375.6,367.96,370.84,2151011,AAPL
2022-10-07,364.16,366.72,362.32,366.01,2730665,AAPL
2022-10-08,378.77,379.58,376.56,378.24,2516027,AAPL
2022-10-09,385.28,389.58,376.06,380.26,559697,AAPL
2022-10-10,396.77,404.09,395.76,400.19,1317029,AAPL
2022-10-11,393.87,394.05,388.74,393.43,2380277,AAPL
2022-10-12,413.57,414.85,407.43,410.71,1073619,AAPL
2022-10-13,414.5,415.93,411.11,412.91,2446238,AAPL
2022-10-14,406.56,406.72,406.28,406.32,1081316,AAPL
2022-10-15,401.13,403.38,400.12,401.55,1428301,AAPL
2022-10-16,397.13,399.45,396.74,398.48,881380,AAPL
2022-10-17,401.75,403.8,400.22,402.87,891109,AAPL
2022-10-18,406.87,410.98,404.05,408.31,794652,AAPL
2022-10-19,400.98,403.49,399.47,402.6,1132160,AAPL
2022-10-20,404.89,406.44,400.08,402.51,762131,AAPL
2022-10-21,419.42,426.87,417.54,424.28,2329219,AAPL
2022-10-22,443.19,443.83,442.21,442.82,978414,AAPL
2022-10-23,448.16,450.72,446.55,447.84,1344601,AAPL
2022-10-24,449.33,450.04,447.65,448.44,1019462,AAPL
2022-10-25,449.79,452.42,449.03,449.96,2175768,AAPL
2022-10-26,458.05,459.33,454.97,457.06,1286483,AAPL
2022-10-27,443.75,448.75,443.44,445.52,1701848,AAPL
2022-10-28,448.5,452.11,438.66,442.81,1337765,AAPL
2022-10-29,426.55,427.85,422.2,424.46,2400499,AAPL
2022-10-30,430.23,434.11,428.01,428.87,1140036,AAPL
2022-10-31,437.85,439.44,434.56,436.0,490861,AAPL
2022-11-01,430.02,432.46,429.03,430.88,1478461,AAPL
2022-11-02,448.67,449.85,445.58,448.06,1396724,AAPL
2022-11-03,437.03,439.84,431.39,434.46,1079016,AAPL
2022-11-04,421.67,423.19,416.68,418.68,1035538,AAPL
2022-11-05,419.58,423.1,418.69,421.19,1217831,AAPL
2022-11-06,432.13,433.15,429.97,432.42,1289815,AAPL
2022-11-07,452.28,453.44,450.45,450.84,1997152,AAPL
2022-11-08,444.54,447.13,443.38,445.83,1101676,AAPL
2022-11-09,452.62,459.11,451.24,458.06,1868928,AAPL
2022-11-10,454.05,463.32,448.51,457.79,503473,AAPL
2022-11-11,454.08,459.07,452.33,455.99,1439308,AAPL
2022-11-12,465.93,466.33,465.8,466.27,595756,AAPL
2022-11-13,474.17,477.23,469.6,474.08,1844346,AAPL
2022-11-14,455.35,455.95,454.66,455.52,4419700,AAPL
2022-11-15,473.62,475.77,470.73,472.56,721827,AAPL
2022-11-16,487.65,490.87,487.08,489.1,2655042,AAPL
2022-11-17,484.44,489.88,476.64,481.62,878198,AAPL
2022-11-18,484.83,490.14,481.21,486.58,1255091,AAPL
2022-11-19,493.98,495.35,491.88,492.8,1958710,AAPL
2022-11-20,495.04,496.77,492.66,496.21,850361,AAPL
2022-11-21,487.96,491.98,487.53,489.56,1345325,AAPL
2022-11-22,480.8,483.37,478.54,481.5,761251,AAPL
2022-11-23,484.77,485.49,479.76,481.38,2228658,AAPL
2022-11-24,497.11,499.3,494.64,495.72,1101625,AAPL
2022-11-25,505.16,507.47,501.13,502.67,1017317,AAPL
2022-11-26,505.31,506.1,493.29,498.19,1062257,AAPL
2022-11-27,505.72,513.14,502.0,508.03,824824,AAPL
2022-11-28,471.89,474.37,469.81,471.94,1177629,AAPL
2022-11-29,484.11,488.52,482.7,485.71,475492,AAPL
2022-11-30,466.56,469.0,464.6,464.72,3324146,AAPL
2022-12-01,462.48,462.89,458.58,460.67,1869694,AAPL
2022-12-02,450.61,453.69,447.18,447.92,1322802,AAPL
2022-12-03,437.59,438.16,431.98,433.55,585254,AAPL
2022-12-04,449.25,451.88,444.82,446.34,1717739,AAPL
2022-12-05,436.27,445.2,433.24,441.28,1532763,AAPL
2022-12-06,444.98,446.66,444.54,445.28,791004,AAPL
2022-12-07,441.48,446.22,438.16,444.93,1325813,AAPL
2022-12-08,451.7,453.25,449.66,450.43,1144080,AAPL
2022-12-09,451.37,453.68,449.4,451.47,330543,AAPL
2022-12-10,439.38,440.63,436.43,437.12,1407930,AAPL
2022-12-11,446.3,449.18,446.07,448.21,1895867,AAPL
2022-12-12,442.1,444.32,438.39,442.83,717602,AAPL
2022-12-13,429.56,433.58,421.67,425.72,1056927,AAPL
2022-12-14,421.62,421.73,419.47,421.32,1334187,AAPL
2022-12-15,438.92,442.56,435.25,437.33,865142,AAPL
2022-12-16,441.86,448.63,439.24,446.83,1421477,AAPL
2022-12-17,440.64,444.98,439.19,443.09,1945806,AAPL
2022-12-18,438.21,439.73,437.19,439.39,1271853,AAPL
2022-12-19,438.24,439.56,434.27,436.01,1174737,AAPL
2022-12-20,455.6,461.64,451.66,458.88,799055,AAPL
2022-12-21,464.57,467.9,460.27,463.46,1099158,AAPL
2022-12-22,467.46,470.48,465.06,468.63,923385,AAPL
2022-12-23,479.11,482.25,478.87,480.92,3272677,AAPL
2022-12-24,485.51,486.39,482.74,483.99,1697391,AAPL
2022-12-25,481.68,483.09,480.06,481.03,2679177,AAPL
2022-12-26,473.95,484.74,472.85,478.85,2575967,AAPL
2022-12-27,478.13,480.27,475.11,478.18,675122,AAPL
2022-12-28,478.2,478.53,477.45,477.91,3093786,AAPL
2022-12-29,484.63,491.78,483.19,486.82,1199958,AAPL
2022-12-30,485.41,490.64,484.03,487.64,1632009,AAPL
2022-12-31,495.68,497.9,494.55,496.79,916309,AAPL
2023-01-01,489.61,500.93,489.6,495.98,1212251,AAPL
2023-01-02,493.74,501.99,492.13,497.15,672814,AAPL
2023-01-03,472.0,474.31,470.19,472.43,1961822,AAPL
2023-01-04,481.64,484.95,481.39,483.47,1208683,AAPL
2023-01-05,481.25,493.81,476.68,487.86,1397209,AAPL
2023-01-06,500.26,500.52,499.7,500.25,862988,AAPL
2023-01-07,465.54,467.35,463.67,464.12,1212427,AAPL
2023-01-08,494.0,494.65,484.13,488.6,1138906,AAPL
2023-01-09,490.16,491.37,486.18,487.08,999522,AAPL
2023-01-10,500.91,502.55,499.68,500.8,619419,AAPL
2023-01-11,492.7,498.63,484.8,487.94,1244653,AAPL
2023-01-12,496.92,500.14,491.29,495.62,2121640,AAPL
2023-01-13,484.25,485.12,481.67,482.73,961046,AAPL
2023-01-14,473.3,478.33,468.88,475.36,3086261,AAPL
2023-01-15,498.48,499.11,497.27,498.36,1292682,AAPL
2023-01-16,496.55,498.4,494.89,496.17,1906216,AAPL
2023-01-17,501.29,504.19,497.76,499.07,1541887,AAPL
2023-01-18,508.76,514.63,503.95,510.15,834997,AAPL
2023-01-19,515.28,517.05,510.28,516.69,1414766,AAPL
2023-01-20,520.32,520.68,514.87,518.84,939157,AAPL
2023-01-21,526.72,529.58,523.07,523.79,1303319,AAPL
2023-01-22,557.39,557.72,553.09,555.55,1635064,AAPL
2023-01-23,552.9,556.55,550.67,554.96,773791,AAPL
2023-01-24,557.34,559.23,555.47,557.98,2007009,AAPL
2023-01-25,569.96,573.19,567.14,572.89,907048,AAPL
2023-01-26,587.11,590.26,585.84,588.99,674744,AAPL
2023-01-27,609.94,611.0,602.99,606.75,1126671,AAPL
2023-01-28,611.39,623.37,606.56,616.7,654245,AAPL
2023-01-29,596.14,607.62,591.71,599.27,614194,AAPL
2023-01-30,622.13,628.88,617.37,624.05,573043,AAPL
2023-01-31,611.2,612.4,604.67,606.35,3171830,AAPL
2023-02-01,614.84,618.5,608.67,611.19,1556426,AAPL
2023-02-02,599.68,605.43,592.99,599.86,1352761,AAPL
2023-02-03,597.45,600.46,594.95,599.13,1360265,AAPL
2023-02-04,605.96,606.04,601.19,604.3,1401611,AAPL
2023-02-05,611.38,612.75,607.17,609.41,1854125,AAPL
2023-02-06,617.36,625.64,613.43,616.09,1177407,AAPL
2023-02-07,636.45,645.6,636.32,641.26,1099137,AAPL
2023-02-08,646.97,652.01,644.48,648.8,547338,AAPL
2023-02-09,642.58,645.16,639.83,645.08,689897,AAPL
2023-02-10,663.04,664.04,656.47,660.92,1204009,AAPL
2023-02-11,682.24,687.87,675.68,680.89,501006,AAPL
2023-02-12,661.07,665.23,659.29,660.19,1471617,AAPL
2023-02-13,666.59,674.34,665.86,670.34,946016,AAPL
2023-02-14,684.93,685.98,680.1,682.38,803840,AAPL
2023-02-15,679.64,686.82,676.0,677.56,2145487,AAPL
2023-02-16,701.16,702.67,698.89,701.19,604010,AAPL
2023-02-17,698.79,700.89,695.7,698.82,963430,AAPL
2023-02-18,698.68,703.05,696.24,701.29,764642,AAPL
2023-02-19,697.53,703.11,693.71,698.52,2143231,AAPL
2023-02-20,691.78,703.86,691.61,699.07,624127,AAPL
2023-02-21,679.99,683.06,678.51,680.12,894120,AAPL
2023-02-22,660.44,661.51,650.82,655.83,679526,AAPL
2023-02-23,681.03,682.7,678.72,682.3,1158260,AAPL
2023-02-24,670.92,671.02,667.9,668.08,1338553,AAPL
2023-02-25,647.33,654.13,643.21,651.73,426569,AAPL
2023-02-26,615.04,619.93,609.41,616.79,709392,AAPL
2023-02-27,607.5,608.67,604.06,607.15,974265,AAPL
2023-02-28,585.75,591.1,583.58,587.25,1114634,AAPL
2023-03-01,615.09,618.09,608.4,611.65,715128,AAPL
2023-03-02,631.11,638.97,625.28,627.37,852484,AAPL
2023-03-03,614.53,616.88,612.31,616.79,1264063,AAPL
2023-03-04,649.1,654.68,645.88,651.86,1341803,AAPL
2023-03-05,667.95,670.46,662.04,668.16,270083,AAPL
2023-03-06,670.29,670.69,662.39,662.98,771135,AAPL
2023-03-07,625.87,625.96,619.73,621.69,639860,AAPL
2023-03-08,659.72,668.4,654.36,657.64,893298,AAPL
2023-03-09,634.45,636.09,633.04,634.98,1104795,AAPL
2023-03-10,607.67,610.27,607.52,609.03,540457,AAPL
2023-03-11,619.21,631.31,616.81,624.88,683258,AAPL
2023-03-12,660.74,665.81,659.04,663.35,837638,AAPL
2023-03-13,683.86,689.14,680.96,686.63,1037791,AAPL
2023-03-14,698.24,699.17,695.33,696.61,537887,AAPL
2023-03-15,705.55,713.96,698.61,707.26,755471,AAPL
2023-03-16,720.07,724.36,713.96,722.67,424717,AAPL
2023-03-17,742.68,749.85,731.9,736.7,758717,AAPL
2023-03-18,746.76,752.34,741.89,742.18,784807,AAPL
2023-03-19,751.95,758.46,735.73,744.41,409589,AAPL
2023-03-20,742.17,744.1,738.64,743.53,1251339,AAPL
2023-03-21,731.46,731.49,726.07,729.76,1011032,AAPL
2023-03-22,730.44,730.67,721.75,724.91,467931,AAPL
2023-03-23,691.65,694.48,691.29,694.42,839891,AAPL
2023-03-24,686.08,693.11,678.7,692.98,835034,AAPL
2023-03-25,671.78,677.29,669.3,676.07,294760,AAPL
2023-03-26,661.65,665.22,654.4,657.62,580584,AAPL
2023-03-27,662.36,664.2,660.13,660.85,834343,AAPL
2023-03-28,686.4,687.3,681.9,684.17,338213,AAPL
2023-03-29,701.72,704.17,693.97,700.18,554810,AAPL
2023-03-30,670.94,674.27,669.8,672.88,957362,AAPL
2023-03-31,654.97,657.88,654.78,656.45,872668,AAPL
2023-04-01,675.89,679.97,671.88,672.19,368794,AAPL
2023-04-02,651.82,658.14,649.91,655.89,1230132,AAPL
2023-04-03,655.09,656.37,651.21,652.45,926444,AAPL
2023-04-04,656.11,664.13,648.03,661.7,953938,AAPL
2023-04-05,642.18,649.21,642.11,645.89,2220913,AAPL
2023-04-06,648.51,653.55,641.84,647.85,636873,AAPL
2023-04-07,623.47,626.75,620.98,626.43,1147871,AAPL
2023-04-08,619.19,620.94,617.2,617.23,329314,AAPL
2023-04-09,621.27,628.14,618.04,622.42,950144,AAPL
2023-04-10,598.32,602.94,597.6,597.8,2286110,AAPL
2023-04-11,606.19,614.1,598.54,604.63,1026788,AAPL
2023-04-12,604.39,605.35,603.89,604.57,581688,AAPL
2023-04-13,617.55,620.51,609.09,613.18,318214,AAPL
2023-04-14,617.79,620.14,616.0,616.86,557148,AAPL
2023-04-15,637.3,642.45,630.88,638.2,862800,AAPL
2023-04-16,639.19,640.95,638.74,640.45,262630,AAPL
2023-04-17,634.52,640.44,631.13,633.8,784342,AAPL
2023-04-18,627.77,636.2,625.9,635.99,547167,AAPL
2023-04-19,645.46,647.08,644.07,644.9,464072,AAPL
2023-04-20,644.78,648.07,643.25,645.94,831018,AAPL
2023-04-21,649.13,649.98,645.4,646.85,532410,AAPL
2023-04-22,636.38,636.73,633.95,635.71,527075,AAPL
2023-04-23,626.4,633.42,622.54,625.39,547326,AAPL
2023-04-24,601.63,607.39,598.07,603.64,418168,AAPL
2023-04-25,629.88,633.5,627.87,630.35,838997,AAPL
2023-04-26,615.8,619.77,607.7,610.94,291597,AAPL
2023-04-27,595.8,601.47,593.17,600.56,788728,AAPL
2023-04-28,589.2,590.09,589.2,589.98,972403,AAPL
2023-04-29,600.9,603.62,598.25,603.44,1189761,AAPL
2023-04-30,600.9,605.39,596.97,599.22,902684,AAPL
2023-05-01,616.23,624.81,611.8,618.19,1364347,AAPL
2023-05-02,612.16,614.58,605.12,607.99,394509,AAPL
2023-05-03,611.33,613.2,608.05,612.48,628098,AAPL
2023-05-04,599.21,605.98,596.01,599.89,499210,AAPL
2023-05-05,630.3,633.5,628.26,632.39,298911,AAPL
2023-05-06,614.06,614.79,612.08,613.81,955744,AAPL
2023-05-07,622.34,623.57,612.67,618.81,1124600,AAPL
2023-05-08,625.72,632.49,624.43,628.88,740448,AAPL
2023-05-09,635.97,641.75,633.56,635.65,1369134,AAPL
2023-05-10,637.07,638.42,628.81,632.95,690676,AAPL
2023-05-11,633.44,636.38,626.92,631.13,627890,AAPL
2023-05-12,627.99,634.06,621.48,632.07,1022807,AAPL
2023-05-13,628.16,630.26,623.91,629.98,935801,AAPL
2023-05-14,645.48,648.55,644.82,645.45,1268593,AAPL
2023-05-15,684.34,685.06,680.59,681.48,566115,AAPL
2023-05-16,666.04,675.36,661.39,672.22,385579,AAPL
2023-05-17,651.0,651.84,647.0,649.39,512506,AAPL
2023-05-18,648.37,649.72,647.25,648.2,486548,AAPL
2023-05-19,692.13,693.11,688.07,690.38,980795,AAPL
2023-05-20,678.06,681.12,676.6,676.74,1201034,AAPL
2023-05-21,705.55,713.05,702.87,704.81,1370481,AAPL
2023-05-22,735.0,737.24,731.23,734.73,557973,AAPL
2023-05-23,722.09,725.38,721.74,724.82,695744,AAPL
2023-05-24,727.55,738.6,726.86,735.44,597874,AAPL
2023-05-25,769.67,778.88,756.16,765.75,1038834,AAPL
2023-05-26,760.03,760.27,757.07,758.77,953019,AAPL
2023-05-27,754.99,759.24,753.99,755.19,1031755,AAPL
2023-05-28,744.43,744.6,742.68,744.47,585377,AAPL
2023-05-29,732.23,737.52,721.96,725.82,525050,AAPL
2023-05-30,716.04,716.29,714.07,714.28,784573,AAPL
2023-05-31,694.0,694.14,687.66,692.64,523990,AAPL
2023-06-01,695.42,696.69,689.38,693.5,1987091,AAPL
2023-06-02,677.91,682.66,673.16,680.38,1151007,AAPL
2023-06-03,682.6,685.74,681.71,684.63,496932,AAPL
2023-06-04,655.39,658.81,652.92,658.19,1621083,AAPL
2023-06-05,670.84,677.82,656.41,663.91,821789,AAPL
2023-06-06,673.0,681.61,665.11,678.04,976772,AAPL
2023-06-07,644.62,645.53,643.85,644.41,1558306,AAPL
2023-06-08,653.81,657.15,643.78,650.7,1184831,AAPL
2023-06-09,674.94,676.15,669.7,670.98,750300,AAPL
2023-06-10,646.97,657.12,645.22,650.89,1203600,AAPL
2023-06-11,683.26,688.26,676.02,678.44,453571,AAPL
2023-06-12,680.1,688.93,677.76,685.83,503225,AAPL
2023-06-13,664.78,683.32,655.73,673.97,1323512,AAPL
2023-06-14,674.55,677.96,671.37,673.29,959588,AAPL
2023-06-15,683.36,686.1,679.19,682.98,622504,AAPL
2023-06-16,684.27,686.07,683.74,684.54,1066865,AAPL
2023-06-17,698.69,702.8,693.39,694.06,1272876,AAPL
2023-06-18,679.76,686.41,677.69,678.3,616546,AAPL
2023-06-19,680.94,683.16,679.43,681.45,1695269,AAPL
2023-06-20,662.15,663.89,651.9,657.56,1823231,AAPL
2023-06-21,652.6,659.0,649.32,655.98,1392007,AAPL
2023-06-22,644.96,650.37,637.58,641.36,589549,AAPL
2023-06-23,630.89,633.59,624.91,629.79,1178113,AAPL
2023-06-24,651.75,653.45,643.5,649.55,1778008,AAPL
2023-06-25,668.0,670.77,666.78,667.57,774600,AAPL
2023-06-26,672.22,680.79,668.5,678.03,734871,AAPL
2023-06-27,657.72,663.54,653.88,659.72,650569,AAPL
2023-06-28,649.62,655.55,645.09,654.74,711290,AAPL
2023-06-29,666.98,679.43,659.58,674.91,823650,AAPL
2023-06-30,674.75,682.74,670.75,677.57,1479777,AAPL
2023-07-01,714.62,719.39,712.56,717.24,1910077,AAPL
2023-07-02,719.33,726.73,715.51,724.59,579523,AAPL
2023-07-03,733.52,739.31,727.76,728.36,1489051,AAPL
2023-07-04,715.85,728.97,708.47,722.99,1619267,AAPL
2023-07-05,728.06,733.8,724.01,725.69,1613656,AAPL
2023-07-06,727.05,731.75,722.16,723.2,1962267,AAPL
2023-07-07,742.27,750.51,729.53,736.32,636264,AAPL
2023-07-08,758.97,761.42,750.58,754.27,691233,AAPL
2023-07-09,740.76,751.08,732.52,739.7,1930233,AAPL
2023-07-10,712.92,716.9,711.46,715.3,1967237,AAPL
2023-07-11,689.44,694.38,677.91,682.64,508400,AAPL
2023-07-12,695.33,700.33,690.93,691.6,774726,AAPL
2023-07-13,670.93,677.36,667.39,672.74,1839767,AAPL
2023-07-14,633.99,642.84,625.05,636.68,1195183,AAPL
2023-07-15,638.82,643.93,638.71,643.13,1822043,AAPL
2023-07-16,679.95,683.9,679.19,683.58,1276625,AAPL
2023-07-17,682.5,686.14,680.99,683.74,1690135,AAPL
2023-07-18,693.51,704.07,689.29,698.38,702838,AAPL
2023-07-19,703.81,705.49,698.65,700.09,847539,AAPL
2023-07-20,701.18,701.27,696.02,698.62,888814,AAPL
2023-07-21,709.05,715.58,701.01,714.99,1489616,AAPL
2023-07-22,714.45,715.46,707.64,710.06,1726980,AAPL
2023-07-23,707.84,718.53,702.77,715.1,1413744,AAPL
2023-07-24,726.55,734.81,720.29,721.14,1016713,AAPL
2023-07-25,712.55,715.21,701.7,709.34,1268549,AAPL
2023-07-26,725.71,727.81,719.57,727.26,1133974,AAPL
2023-07-27,724.11,729.97,719.36,724.35,1292695,AAPL
2023-07-28,710.41,712.57,707.17,710.91,1521793,AAPL
2023-07-29,722.95,725.25,715.6,720.75,1421538,AAPL
2023-07-30,711.93,714.19,703.51,704.79,1216036,AAPL
2023-07-31,709.06,710.94,704.19,705.56,664041,AAPL
2023-08-01,711.02,711.16,698.55,705.67,814518,AAPL
2023-08-02,727.34,728.51,722.4,725.16,1094971,AAPL
2023-08-03,732.89,736.17,729.63,734.07,602891,AAPL
2023-08-04,732.26,735.2,730.86,733.9,2144368,AAPL
2023-08-05,743.47,752.1,735.06,749.23,1465407,AAPL
2023-08-06,777.39,779.11,774.41,775.64,3154080,AAPL
2023-08-07,783.88,787.49,783.25,786.78,2049363,AAPL
2023-08-08,787.15,790.69,783.66,787.29,1507414,AAPL
2023-08-09,759.76,766.0,758.93,761.7,1809967,AAPL
2023-08-10,742.89,743.73,738.28,741.66,2482881,AAPL
2023-08-11,733.62,739.2,732.01,736.27,1047101,AAPL
2023-08-12,727.05,728.98,720.53,725.3,1504803,AAPL
2023-08-13,718.69,728.82,712.62,722.18,1267076,AAPL
2023-08-14,716.29,725.91,708.87,723.49,1418951,AAPL
2023-08-15,736.53,742.62,726.26,733.38,1461603,AAPL
2023-08-16,731.1,732.67,728.58,732.37,1522626,AAPL
2023-08-17,750.51,753.8,735.67,741.58,2079026,AAPL
2023-08-18,742.72,744.89,742.51,743.07,3122027,AAPL
2023-08-19,708.45,710.39,704.92,706.55,1124496,AAPL
2023-08-20,687.91,691.99,687.37,690.19,814483,AAPL
2023-08-21,680.9,694.57,674.3,687.96,1047105,AAPL
2023-08-22,664.18,669.89,662.16,667.36,2042943,AAPL
2023-08-23,680.41,682.26,675.62,677.66,1240067,AAPL
2023-08-24,699.32,708.02,695.07,703.93,656617,AAPL
2023-08-25,728.41,737.07,718.37,725.71,1631794,AAPL
2023-08-26,720.33,725.42,715.53,722.11,1089941,AAPL
2023-08-27,749.03,755.46,747.52,749.38,1037778,AAPL
2023-08-28,754.82,758.5,743.15,752.46,1153691,AAPL
2023-08-29,744.1,747.86,743.76,746.4,852800,AAPL
2023-08-30,742.58,748.89,730.06,735.21,1116037,AAPL
2023-08-31,736.87,740.98,724.34,729.91,1762607,AAPL
2023-09-01,723.34,731.73,717.01,723.09,3487536,AAPL
2023-09-02,723.87,727.31,718.85,726.46,2966289,AAPL
2023-09-03,730.47,732.0,726.87,729.67,573694,AAPL
2023-09-04,729.37,730.51,728.75,730.01,1266437,AAPL
2023-09-05,740.82,742.15,735.47,738.29,1945500,AAPL
2023-09-06,760.51,762.26,757.73,760.61,2041854,AAPL
2023-09-07,778.67,781.67,777.47,779.02,1045811,AAPL
2023-09-08,747.29,754.86,745.21,750.32,943638,AAPL
2023-09-09,709.24,710.66,694.47,702.56,2552718,AAPL
2023-09-10,714.77,725.64,706.2,719.29,2256193,AAPL
2023-09-11,693.48,695.43,693.4,694.92,889849,AAPL
2023-09-12,686.03,693.05,684.22,691.27,1579047,AAPL
2023-09-13,669.03,671.58,667.14,671.26,1411402,AAPL
2023-09-14,639.8,644.08,637.39,641.19,1194470,AAPL
2023-09-15,643.29,654.66,640.62,650.15,1839916,AAPL
2023-09-16,663.11,663.44,661.75,662.77,1497206,AAPL
2023-09-17,650.13,654.15,648.94,653.45,694354,AAPL
2023-09-18,610.83,612.74,609.42,611.25,575863,AAPL
2023-09-19,602.18,603.55,601.94,603.12,1983359,AAPL
2023-09-20,613.92,617.75,605.48,609.28,905085,AAPL
2023-09-21,581.97,592.4,579.98,586.92,1641086,AAPL
2023-09-22,591.86,592.48,587.66,589.84,1361594,AAPL
2023-09-23,592.69,593.5,587.58,589.85,3764982,AAPL
2023-09-24,601.3,604.58,596.4,598.64,996243,AAPL
2023-09-25,600.02,600.67,599.89,600.67,1551763,AAPL
2023-09-26,591.36,594.4,582.52,586.25,1694642,AAPL
2023-09-27,611.22,617.77,601.88,604.06,1097853,AAPL
2023-09-28,607.34,608.57,597.41,601.9,1281394,AAPL
2023-09-29,598.6,604.52,593.16,601.72,944513,AAPL
2023-09-30,588.03,589.64,584.17,587.87,976196,AAPL
2023-10-01,584.11,587.04,580.95,581.56,1084986,AAPL
2023-10-02,570.18,571.77,568.63,568.89,1449747,AAPL
2023-10-03,565.02,568.18,563.39,566.64,1835468,AAPL
2023-10-04,593.05,595.04,590.28,591.18,596381,AAPL
2023-10-05,570.3,571.29,568.12,571.07,1733646,AAPL
2023-10-06,548.22,550.11,546.36,548.19,1396991,AAPL
2023-10-07,569.48,572.56,564.92,568.63,1724810,AAPL
2023-10-08,566.22,566.88,564.63,565.86,682480,AAPL
2023-10-09,556.83,563.05,550.53,556.59,628702,AAPL
2023-10-10,565.76,572.22,561.82,571.32,1004886,AAPL
2023-10-11,560.51,564.03,557.98,562.86,713089,AAPL
2023-10-12,595.19,600.29,582.8,588.85,886990,AAPL
2023-10-13,599.1,600.82,597.75,599.09,973580,AAPL
2023-10-14,590.36,593.18,589.6,591.99,2319628,AAPL
2023-10-15,628.82,632.25,622.05,624.24,1594489,AAPL
2023-10-16,608.57,621.98,606.0,615.0,1219519,AAPL
2023-10-17,629.77,635.36,620.49,626.68,456378,AAPL
2023-10-18,631.51,634.92,629.2,631.63,2494201,AAPL
2023-10-19,651.37,656.71,649.57,652.49,366200,AAPL
2023-10-20,688.21,692.8,676.86,678.29,767025,AAPL
2023-10-21,683.16,684.86,676.33,679.1,1373106,AAPL
2023-10-22,668.89,672.54,665.26,666.53,3159847,AAPL
2023-10-23,673.36,676.77,670.64,674.48,1315375,AAPL
2023-10-24,657.33,667.7,655.54,663.28,781415,AAPL
2023-10-25,703.79,703.94,690.88,697.02,575027,AAPL
2023-10-26,697.07,706.39,692.5,699.67,2242641,AAPL
2023-10-27,696.63,696.96,690.14,693.54,741083,AAPL
2023-10-28,697.54,698.34,696.8,697.02,2384085,AAPL
2023-10-29,672.66,677.4,668.52,673.74,1336557,AAPL
2023-10-30,656.78,657.72,654.24,657.59,1023745,AAPL
2023-10-31,674.7,678.17,672.7,677.64,1252196,AAPL
2023-11-01,664.75,672.09,661.91,666.74,1615293,AAPL
2023-11-02,647.93,650.14,647.61,649.5,1248155,AAPL
2023-11-03,665.42,671.9,656.74,658.49,358782,AAPL
2023-11-04,683.77,683.82,678.14,678.32,1518617,AAPL
2023-11-05,690.39,693.43,687.35,690.81,271602,AAPL
2023-11-06,712.11,718.51,703.58,708.33,939848,AAPL
2023-11-07,695.04,698.87,688.19,695.16,539182,AAPL
2023-11-08,669.14,674.49,668.01,670.65,615764,AAPL
2023-11-09,698.05,699.23,695.27,696.16,596296,AAPL
2023-11-10,690.98,691.81,690.01,690.79,659004,AAPL
2023-11-11,688.06,689.66,686.59,686.72,902026,AAPL
2023-11-12,712.35,712.53,707.7,709.85,622824,AAPL
2023-11-13,719.42,726.88,715.12,720.03,1047484,AAPL
2023-11-14,733.26,737.65,726.04,728.54,636851,AAPL
2023-11-15,768.8,769.81,766.07,768.37,195350,AAPL
2023-11-16,762.54,772.58,746.09,756.27,374260,AAPL
2023-11-17,773.08,778.08,769.59,774.15,523955,AAPL
2023-11-18,776.17,777.09,773.43,775.56,551277,AAPL
2023-11-19,784.4,785.45,780.32,781.08,487122,AAPL
2023-11-20,802.71,813.94,799.53,811.32,578846,AAPL
2023-11-21,824.4,826.52,819.49,821.96,945980,AAPL
2023-11-22,833.42,840.33,832.6,833.38,744036,AAPL
2023-11-23,848.8,856.95,848.19,856.11,1365559,AAPL
2023-11-24,847.32,850.62,846.71,848.61,647139,AAPL
2023-11-25,829.09,836.88,827.08,831.08,425610,AAPL
2023-11-26,807.26,811.26,806.89,809.63,767444,AAPL
2023-11-27,769.18,774.02,765.43,770.03,740555,AAPL
2023-11-28,804.04,812.67,797.7,810.03,1172201,AAPL
2023-11-29,788.08,789.6,784.28,787.93,590136,AAPL
2023-11-30,789.2,792.74,779.65,783.87,1288141,AAPL
2023-12-01,781.97,789.17,774.98,778.73,371119,AAPL
2023-12-02,782.25,786.44,778.47,785.04,602198,AAPL
2023-12-03,806.29,811.98,799.33,801.4,768708,AAPL
2023-12-04,820.67,821.99,815.67,819.0,2438847,AAPL
2023-12-05,806.15,807.68,804.12,807.34,1080671,AAPL
2023-12-06,800.41,804.83,799.91,804.27,348744,AAPL
2023-12-07,821.28,824.28,809.14,810.28,983687,AAPL
2023-12-08,798.3,812.2,796.08,805.54,1620624,AAPL
2023-12-09,841.75,846.66,837.61,838.32,549032,AAPL
2023-12-10,841.02,855.77,834.84,848.96,849006,AAPL
2023-12-11,867.3,868.56,859.83,864.93,2210324,AAPL
2023-12-12,880.39,885.14,874.6,879.65,1805269,AAPL
2023-12-13,906.75,910.3,901.55,905.87,506704,AAPL
2023-12-14,908.48,910.98,907.59,910.33,520153,AAPL
2023-12-15,883.74,893.66,871.11,881.08,1513074,AAPL
2023-12-16,890.84,895.78,885.28,890.25,1287886,AAPL
2023-12-17,877.03,878.96,874.71,876.06,389592,AAPL
2023-12-18,866.13,872.89,859.32,864.79,983695,AAPL
2023-12-19,881.74,885.53,876.59,877.84,1591438,AAPL
2023-12-20,903.98,906.22,902.82,905.43,2693054,AAPL
2023-12-21,900.86,912.09,896.51,906.27,447537,AAPL
2023-12-22,914.07,914.98,911.95,913.64,507611,AAPL
2023-12-23,951.9,954.6,944.29,952.98,1692181,AAPL
2023-12-24,957.95,959.87,954.19,959.1,421060,AAPL
2023-12-25,1025.91,1027.0,1020.82,1022.04,679957,AAPL
2023-12-26,1036.0,1039.48,1027.38,1036.93,664911,AAPL
2023-12-27,997.01,1006.49,989.4,991.55,506106,AAPL
2023-12-28,1008.11,1012.3,1007.15,1010.67,488558,AAPL
2023-12-29,1024.9,1031.0,1016.94,1020.72,444490,AAPL
2023-12-30,1046.24,1055.09,1038.44,1054.12,622610,AAPL
2023-12-31,1080.22,1092.49,1058.99,1072.32,565104,AAPL
2024-01-01,1068.97,1072.23,1064.27,1069.01,501384,AAPL
2024-01-02,1029.37,1039.88,1026.51,1036.61,331730,AAPL
2024-01-03,1037.1,1040.06,1031.4,1031.58,1712734,AAPL
2024-01-04,1008.16,1021.27,997.2,1009.98,953991,AAPL
2024-01-05,992.54,998.26,988.23,995.67,853096,AAPL
2024-01-06,1014.13,1022.49,1008.24,1010.75,1181738,AAPL
2024-01-07,1048.15,1058.71,1044.77,1053.46,454474,AAPL
2024-01-08,1072.42,1074.82,1061.82,1064.3,751441,AAPL
2024-01-09,1034.4,1042.4,1032.78,1032.8,1590601,AAPL
2024-01-10,1047.02,1047.04,1034.92,1044.71,1545783,AAPL
2024-01-11,1076.06,1078.3,1072.89,1076.46,667687,AAPL
2024-01-12,1053.67,1061.47,1050.04,1060.42,1166294,AAPL
2024-01-13,1054.67,1060.8,1051.35,1057.27,738516,AAPL
2024-01-14,1048.92,1061.6,1034.65,1058.07,1006621,AAPL
2024-01-15,1035.61,1042.26,1027.97,1037.65,833723,AAPL
2024-01-16,1046.21,1059.34,1045.97,1054.92,233205,AAPL
2024-01-17,1044.4,1063.93,1039.71,1052.13,1814871,AAPL
2024-01-18,1074.86,1086.8,1062.79,1063.61,1087414,AAPL
2024-01-19,1042.07,1042.68,1039.96,1040.35,550470,AAPL
2024-01-20,1037.6,1037.67,1021.85,1029.34,699237,AAPL
2024-01-21,1047.83,1050.81,1045.96,1048.39,767054,AAPL
2024-01-22,1037.1,1044.75,1036.47,1038.99,1266619,AAPL
2024-01-23,1099.2,1107.88,1077.11,1084.38,1472166,AAPL
2024-01-24,1073.34,1074.12,1072.53,1073.94,1433491,AAPL
2024-01-25,1082.79,1092.33,1077.28,1080.4,1243965,AAPL
2024-01-26,1108.51,1109.19,1103.77,1106.09,476018,AAPL
2024-01-27,1074.53,1078.97,1058.64,1067.18,1206404,AAPL
2024-01-28,1012.67,1023.01,1005.62,1020.48,1052228,AAPL
2024-01-29,987.06,989.55,980.06,981.84,795997,AAPL
2024-01-30,1016.33,1019.49,1011.06,1013.3,807481,AAPL
2024-01-31,997.9,1003.86,994.38,999.67,1357981,AAPL
2024-02-01,1056.9,1067.95,1054.79,1064.18,1282152,AAPL
2024-02-02,1049.26,1049.61,1045.82,1049.54,872497,AAPL
2024-02-03,1052.46,1056.38,1051.95,1054.8,335428,AAPL
2024-02-04,1093.03,1096.57,1085.92,1095.99,372114,AAPL
2024-02-05,1144.63,1153.75,1143.83,1151.55,422925,AAPL
2024-02-06,1208.79,1215.15,1202.98,1211.51,876706,AAPL
2024-02-07,1254.18,1254.74,1247.07,1248.69,1121099,AAPL
2024-02-08,1280.22,1288.31,1278.46,1281.23,1307613,AAPL
2020-01-01,92.15,92.7,91.34,91.69,1137348,GOOGL
2020-01-02,93.21,93.46,92.53,92.8,639678,GOOGL
2020-01-03,92.86,93.72,92.33,92.68,839953,GOOGL
2020-01-04,94.62,94.9,93.84,94.1,782480,GOOGL
2020-01-05,97.73,98.82,97.24,97.28,1581651,GOOGL
2020-01-06,96.59,98.19,95.49,96.96,843765,GOOGL
2020-01-07,96.22,96.88,96.19,96.64,1340223,GOOGL
2020-01-08,100.66,100.81,98.85,100.02,2874510,GOOGL
2020-01-09,102.16,102.41,101.78,101.8,1992071,GOOGL
2020-01-10,100.6,101.01,100.21,100.96,856428,GOOGL
2020-01-11,102.23,102.55,101.87,102.28,903206,GOOGL
2020-01-12,101.68,101.94,101.09,101.45,1357683,GOOGL
2020-01-13,101.05,101.68,99.88,100.62,472556,GOOGL
2020-01-14,100.84,101.36,100.43,101.3,711919,GOOGL
2020-01-15,97.26,97.7,96.85,97.38,1410764,GOOGL
2020-01-16,94.42,95.02,93.88,94.0,1042732,GOOGL
2020-01-17,92.5,93.5,92.04,93.04,2938191,GOOGL
2020-01-18,91.34,91.7,90.79,91.21,824585,GOOGL
2020-01-19,93.02,93.12,90.89,91.96,669612,GOOGL
2020-01-20,90.29,90.99,89.24,90.36,728668,GOOGL
2020-01-21,86.85,88.44,85.88,87.82,1151531,GOOGL
2020-01-22,91.15,91.74,90.23,90.67,1061143,GOOGL
2020-01-23,90.93,91.8,90.01,90.39,3527248,GOOGL
2020-01-24,90.44,90.83,90.4,90.67,952411,GOOGL
2020-01-25,87.62,89.28,87.07,88.1,1201255,GOOGL
2020-01-26,86.68,87.24,86.29,87.23,1828441,GOOGL
2020-01-27,86.88,87.66,86.17,87.58,1119062,GOOGL
2020-01-28,85.13,86.23,85.03,85.6,1567171,GOOGL
2020-01-29,86.25,86.94,86.09,86.42,1453227,GOOGL
2020-01-30,85.28,85.86,85.11,85.47,1821532,GOOGL
2020-01-31,85.45,85.73,84.8,85.08,595563,GOOGL
2020-02-01,84.12,84.64,83.77,84.14,1811414,GOOGL
2020-02-02,87.3,88.22,86.96,87.57,1133607,GOOGL
2020-02-03,87.84,88.0,87.4,87.69,1339599,GOOGL
2020-02-04,86.67,87.27,85.13,85.88,1009604,GOOGL
2020-02-05,87.87,88.3,87.23,87.51,2819012,GOOGL
2020-02-06,85.54,85.8,85.24,85.4,443601,GOOGL
2020-02-07,84.82,86.71,84.22,85.92,2494469,GOOGL
2020-02-08,83.24,83.82,81.98,82.51,885583,GOOGL
2020-02-09,80.13,80.77,80.0,80.33,2680308,GOOGL
2020-02-10,81.9,82.51,80.62,80.8,2305635,GOOGL
2020-02-11,81.91,82.82,81.85,82.19,2086350,GOOGL
2020-02-12,82.74,83.07,82.46,82.62,1906032,GOOGL
2020-02-13,81.98,83.37,81.95,82.56,3923583,GOOGL
2020-02-14,82.4,82.84,82.06,82.17,940958,GOOGL
2020-02-15,79.18,79.8,78.59,79.75,949909,GOOGL
2020-02-16,78.68,78.85,78.55,78.67,917396,GOOGL
2020-02-17,78.11,78.77,77.5,78.03,2027192,GOOGL
2020-02-18,80.18,81.14,79.51,79.9,668113,GOOGL
2020-02-19,80.81,80.87,80.44,80.61,2125342,GOOGL
2020-02-20,78.05,78.51,77.68,77.75,1111882,GOOGL
2020-02-21,78.35,78.5,77.75,78.41,754426,GOOGL
2020-02-22,78.35,78.62,77.43,77.9,751939,GOOGL
2020-02-23,77.07,77.62,76.85,76.92,866594,GOOGL
2020-02-24,78.57,79.15,77.7,78.04,614799,GOOGL
2020-02-25,79.91,80.35,79.55,79.86,1673375,GOOGL
2020-02-26,82.22,82.64,81.12,81.56,1983271,GOOGL
2020-02-27,80.3,80.47,79.93,80.25,2094092,GOOGL
2020-02-28,79.05,80.27,78.65,79.86,948692,GOOGL
2020-02-29,80.78,81.05,80.17,80.55,1514646,GOOGL
2020-03-01,81.96,82.57,81.7,82.34,1302547,GOOGL
2020-03-02,82.65,83.65,80.74,81.65,1836466,GOOGL
2020-03-03,81.65,82.17,80.97,81.46,1623726,GOOGL
2020-03-04,79.51,80.1,79.35,79.7,1360026,GOOGL
2020-03-05,77.95,78.18,77.64,77.82,513308,GOOGL
2020-03-06,79.6,80.13,79.14,79.28,1195766,GOOGL
2020-03-07,81.45,82.4,80.73,81.68,1373218,GOOGL
2020-03-08,81.76,81.94,81.02,81.69,917438,GOOGL
2020-03-09,82.52,83.6,82.39,83.55,1134263,GOOGL
2020-03-10,83.27,84.68,82.63,84.33,677172,GOOGL
2020-03-11,83.08,83.61,82.2,83.32,1103293,GOOGL
2020-03-12,83.63,84.19,83.31,84.09,1666478,GOOGL
2020-03-13,87.11,87.57,86.86,86.96,3673303,GOOGL
2020-03-14,87.06,87.46,86.69,87.03,777904,GOOGL
2020-03-15,90.17,90.63,89.54,90.05,1273430,GOOGL
2020-03-16,86.12,87.09,84.58,85.22,795586,GOOGL
2020-03-17,86.38,87.56,86.15,86.84,1226287,GOOGL
2020-03-18,87.38,87.81,87.02,87.14,1146235,GOOGL
2020-03-19,87.4,87.52,86.17,86.74,1940080,GOOGL
2020-03-20,86.76,87.06,86.52,87.05,2077441,GOOGL
2020-03-21,83.42,84.04,83.25,83.55,1381459,GOOGL
2020-03-22,82.98,83.36,82.49,83.3,1199613,GOOGL
2020-03-23,84.08,84.56,84.04,84.06,2292987,GOOGL
2020-03-24,86.5,87.32,85.96,86.82,1382308,GOOGL
2020-03-25,85.58,86.41,84.65,86.02,2689028,GOOGL
2020-03-26,84.35,85.46,83.66,84.69,554829,GOOGL
2020-03-27,83.09,84.31,82.32,83.93,3051807,GOOGL
2020-03-28,85.71,85.81,85.53,85.69,916288,GOOGL
2020-03-29,87.29,87.67,86.07,86.43,722379,GOOGL
2020-03-30,85.35,85.68,85.25,85.61,1211719,GOOGL
2020-03-31,86.85,87.28,86.34,86.67,689943,GOOGL
2020-04-01,86.4,87.36,85.94,86.99,1634492,GOOGL
2020-04-02,89.27,89.64,88.33,88.91,971965,GOOGL
2020-04-03,87.07,87.94,86.54,87.75,1408406,GOOGL
2020-04-04,86.48,88.32,86.19,87.28,745184,GOOGL
2020-04-05,87.43,88.15,86.48,86.71,1082166,GOOGL
2020-04-06,83.97,84.87,82.98,84.17,1263844,GOOGL
2020-04-07,85.74,86.71,84.19,84.84,1090769,GOOGL
2020-04-08,86.22,87.22,84.36,85.45,2643582,GOOGL
2020-04-09,85.11,86.12,84.1,85.6,1591018,GOOGL
2020-04-10,85.11,85.51,84.66,85.31,1307764,GOOGL
2020-04-11,83.32,83.6,82.85,82.91,464456,GOOGL
2020-04-12,82.48,83.27,82.08,82.31,1412328,GOOGL
2020-04-13,81.04,82.69,80.57,81.85,2157327,GOOGL
2020-04-14,81.07,81.14,80.39,80.6,819019,GOOGL
2020-04-15,80.57,80.99,80.13,80.46,1041419,GOOGL
2020-04-16,80.71,81.33,80.24,81.28,251881,GOOGL
2020-04-17,84.52,84.71,83.3,84.65,609851,GOOGL
2020-04-18,85.33,85.61,84.83,85.1,398656,GOOGL
2020-04-19,86.35,86.98,85.26,85.7,1183419,GOOGL
2020-04-20,86.39,87.54,85.59,85.71,1035732,GOOGL
2020-04-21,83.02,83.03,81.88,82.38,1052421,GOOGL
2020-04-22,82.44,83.21,82.26,82.47,886210,GOOGL
2020-04-23,82.2,83.61,81.7,82.71,1823615,GOOGL
2020-04-24,87.36,87.49,87.04,87.14,587623,GOOGL
2020-04-25,87.62,88.4,86.2,86.94,1041912,GOOGL
2020-04-26,87.03,88.27,86.32,87.63,1447170,GOOGL
2020-04-27,86.78,87.83,86.2,87.71,975237,GOOGL
2020-04-28,86.38,86.54,84.9,85.7,1012423,GOOGL
2020-04-29,88.06,88.2,87.83,87.9,696451,GOOGL
2020-04-30,89.6,89.86,89.35,89.44,883607,GOOGL
2020-05-01,91.12,91.84,90.89,91.08,1485571,GOOGL
2020-05-02,89.43,89.65,89.1,89.48,375199,GOOGL
2020-05-03,92.87,93.66,91.8,92.28,944742,GOOGL
2020-05-04,89.23,89.72,89.03,89.7,757854,GOOGL
2020-05-05,90.85,91.07,90.8,90.96,972678,GOOGL
2020-05-06,94.42,95.32,94.21,95.31,2426841,GOOGL
2020-05-07,93.25,94.01,92.46,93.48,793880,GOOGL
2020-05-08,91.79,93.34,91.5,92.52,2074293,GOOGL
2020-05-09,92.55,93.6,92.34,92.86,1694656,GOOGL
2020-05-10,91.95,92.03,91.79,92.03,984740,GOOGL
2020-05-11,88.76,89.21,88.72,89.18,1005551,GOOGL
2020-05-12,89.88,90.29,89.31,89.45,1045896,GOOGL
2020-05-13,87.77,88.32,86.73,87.6,627453,GOOGL
2020-05-14,88.4,88.86,87.85,88.62,1286770,GOOGL
2020-05-15,86.71,87.17,86.7,87.04,686988,GOOGL
2020-05-16,89.75,90.26,89.07,90.03,942669,GOOGL
2020-05-17,88.94,89.21,88.11,88.69,306442,GOOGL
2020-05-18,88.35,88.39,88.15,88.24,592014,GOOGL
2020-05-19,90.42,90.96,89.54,89.9,1181903,GOOGL
2020-05-20,87.79,88.1,87.65,87.71,511712,GOOGL
2020-05-21,89.06,89.87,87.74,88.28,1052212,GOOGL
2020-05-22,89.93,91.08,88.88,90.86,685563,GOOGL
2020-05-23,88.24,88.62,87.53,87.93,1438191,GOOGL
2020-05-24,88.55,89.6,87.69,88.42,1631533,GOOGL
2020-05-25,88.13,89.57,87.78,89.05,943301,GOOGL
2020-05-26,89.47,91.21,88.98,90.66,850180,GOOGL
2020-05-27,88.76,89.39,88.31,88.45,867360,GOOGL
2020-05-28,86.59,86.9,85.4,86.13,834572,GOOGL
2020-05-29,87.19,87.4,86.92,87.22,1519192,GOOGL
2020-05-30,88.27,88.37,87.29,87.91,2907552,GOOGL
2020-05-31,88.63,88.9,88.3,88.52,423478,GOOGL
2020-06-01,89.66,89.78,89.12,89.31,489691,GOOGL
2020-06-02,89.03,90.16,86.99,88.18,1607215,GOOGL
2020-06-03,88.78,88.83,88.34,88.76,455952,GOOGL
2020-06-04,89.71,90.11,88.96,89.45,403616,GOOGL
2020-06-05,88.28,88.44,88.18,88.25,2292091,GOOGL
2020-06-06,92.15,92.24,91.76,91.87,689222,GOOGL
2020-06-07,92.8,93.21,92.42,92.94,692921,GOOGL
2020-06-08,90.63,91.18,90.51,90.76,604853,GOOGL
2020-06-09,92.23,92.51,91.91,92.16,1036513,GOOGL
2020-06-10,90.36,91.43,89.85,90.42,437065,GOOGL
2020-06-11,91.38,92.99,90.44,92.07,1858749,GOOGL
2020-06-12,95.78,96.98,93.42,94.47,1108732,GOOGL
2020-06-13,93.21,94.05,92.81,92.99,737078,GOOGL
2020-06-14,94.97,95.4,94.62,95.04,570808,GOOGL
2020-06-15,95.96,96.34,95.4,96.02,789595,GOOGL
2020-06-16,98.8,99.05,97.03,97.84,1253936,GOOGL
2020-06-17,100.84,102.58,99.68,101.92,2739775,GOOGL
2020-06-18,102.61,102.81,100.72,101.56,1566092,GOOGL
2020-06-19,100.42,100.48,99.99,100.11,1216398,GOOGL
2020-06-20,98.54,98.6,98.28,98.4,745585,GOOGL
2020-06-21,96.49,97.25,96.13,96.87,1345548,GOOGL
2020-06-22,96.98,97.22,96.74,96.87,608486,GOOGL
2020-06-23,98.36,98.69,97.12,97.73,850834,GOOGL
2020-06-24,99.02,99.61,98.15,98.46,1289417,GOOGL
2020-06-25,99.92,100.62,99.69,100.34,969265,GOOGL
2020-06-26,100.22,100.57,100.0,100.53,511626,GOOGL
2020-06-27,103.88,104.7,103.47,103.78,330492,GOOGL
2020-06-28,103.46,103.76,103.34,103.37,911411,GOOGL
2020-06-29,109.67,109.71,109.33,109.47,756790,GOOGL
2020-06-30,110.98,111.35,110.21,111.1,1123873,GOOGL
2020-07-01,110.39,111.49,109.11,109.27,725248,GOOGL
2020-07-02,106.49,107.69,106.13,106.98,581763,GOOGL
2020-07-03,107.97,108.29,107.96,108.25,1189605,GOOGL
2020-07-04,107.98,108.53,107.4,107.92,1154432,GOOGL
2020-07-05,108.68,110.48,108.67,109.72,244125,GOOGL
2020-07-06,110.72,111.45,110.14,111.0,327685,GOOGL
2020-07-07,111.39,111.52,110.5,111.01,747049,GOOGL
2020-07-08,109.47,109.85,108.39,109.21,677535,GOOGL
2020-07-09,105.71,106.02,105.54,105.9,637606,GOOGL
2020-07-10,105.32,105.48,104.26,105.08,1057411,GOOGL
2020-07-11,107.54,108.19,106.85,107.15,1919897,GOOGL
2020-07-12,107.87,107.87,107.68,107.81,418837,GOOGL
2020-07-13,104.76,105.24,104.26,105.16,679014,GOOGL
2020-07-14,105.48,106.67,105.35,105.72,694481,GOOGL
2020-07-15,107.22,107.85,106.5,106.75,780720,GOOGL
2020-07-16,104.68,105.25,104.67,104.94,382880,GOOGL
2020-07-17,106.4,106.41,105.31,105.45,893800,GOOGL
2020-07-18,106.39,106.45,105.59,105.75,722412,GOOGL
2020-07-19,104.14,105.09,103.04,103.38,1971246,GOOGL
2020-07-20,103.35,104.96,102.26,104.33,864669,GOOGL
2020-07-21,105.53,106.77,104.6,105.74,504157,GOOGL
2020-07-22,107.64,109.41,107.19,108.33,339685,GOOGL
2020-07-23,111.13,111.37,110.41,110.91,686291,GOOGL
2020-07-24,108.1,108.55,107.69,107.87,497380,GOOGL
2020-07-25,105.37,106.38,105.24,105.92,587848,GOOGL
2020-07-26,107.86,108.56,107.01,107.24,867375,GOOGL
2020-07-27,108.11,109.21,107.09,108.58,824442,GOOGL
2020-07-28,109.06,110.62,108.78,109.94,811516,GOOGL
2020-07-29,118.42,119.25,117.78,119.05,1484808,GOOGL
2020-07-30,122.03,122.69,119.28,120.68,912361,GOOGL
2020-07-31,123.75,124.11,123.37,123.77,2904837,GOOGL
2020-08-01,125.76,126.94,125.12,126.46,815314,GOOGL
2020-08-02,128.98,130.14,126.76,128.41,617171,GOOGL
2020-08-03,127.8,127.8,127.57,127.77,359927,GOOGL
2020-08-04,129.99,130.17,129.95,130.02,396739,GOOGL
2020-08-05,128.57,128.83,127.7,128.12,1212016,GOOGL
2020-08-06,127.17,128.18,126.51,127.69,1072142,GOOGL
2020-08-07,128.11,129.31,125.26,126.59,745871,GOOGL
2020-08-08,126.19,128.11,125.39,127.02,701906,GOOGL
2020-08-09,133.72,133.95,133.16,133.43,507197,GOOGL
2020-08-10,128.35,128.64,128.13,128.4,732417,GOOGL
2020-08-11,130.23,130.58,130.08,130.47,852541,GOOGL
2020-08-12,126.82,126.84,125.65,126.25,294324,GOOGL
2020-08-13,124.9,125.37,124.59,125.2,1168259,GOOGL
2020-08-14,129.15,129.39,127.61,128.28,297165,GOOGL
2020-08-15,129.52,131.01,127.86,128.67,976254,GOOGL
2020-08-16,124.8,126.75,124.69,125.96,812637,GOOGL
2020-08-17,124.46,125.85,123.8,124.26,968882,GOOGL
2020-08-18,126.26,126.64,125.47,126.25,609959,GOOGL
2020-08-19,125.72,126.07,123.67,124.51,1982225,GOOGL
2020-08-20,124.97,125.7,124.94,125.29,1226510,GOOGL
2020-08-21,126.04,126.5,125.39,125.62,1185928,GOOGL
2020-08-22,125.25,125.37,123.92,124.1,795392,GOOGL
2020-08-23,129.04,130.34,128.07,129.91,844242,GOOGL
2020-08-24,132.37,132.4,130.98,131.86,1375683,GOOGL
2020-08-25,126.54,127.46,125.28,126.45,1707547,GOOGL
2020-08-26,127.14,127.23,126.79,127.16,1807287,GOOGL
2020-08-27,125.78,125.91,125.43,125.59,883717,GOOGL
2020-08-28,128.03,128.18,127.49,128.06,937786,GOOGL
2020-08-29,126.2,126.75,125.87,126.13,1084150,GOOGL
2020-08-30,125.97,126.75,125.75,126.03,812368,GOOGL
2020-08-31,126.78,128.13,126.29,127.58,654606,GOOGL
2020-09-01,130.51,131.64,128.73,130.12,1022188,GOOGL
2020-09-02,126.79,127.39,126.49,127.04,1201007,GOOGL
2020-09-03,125.73,127.07,125.47,126.36,1241237,GOOGL
2020-09-04,125.24,125.45,124.9,125.3,927015,GOOGL
2020-09-05,124.66,125.98,122.61,123.78,698133,GOOGL
2020-09-06,128.3,128.63,128.02,128.59,1254778,GOOGL
2020-09-07,129.99,130.18,129.43,129.9,1203738,GOOGL
2020-09-08,126.47,126.83,125.9,126.66,626860,GOOGL
2020-09-09,128.44,129.42,127.61,129.32,1607073,GOOGL
2020-09-10,136.09,136.19,134.18,135.32,1473095,GOOGL
2020-09-11,139.2,139.88,137.97,138.49,993928,GOOGL
2020-09-12,135.82,136.78,133.45,134.28,546102,GOOGL
2020-09-13,132.97,133.16,132.05,133.14,561223,GOOGL
2020-09-14,137.11,137.56,136.66,136.91,1288980,GOOGL
2020-09-15,134.6,135.79,134.46,135.09,803337,GOOGL
2020-09-16,136.83,137.17,136.38,136.58,917346,GOOGL
2020-09-17,138.94,140.89,137.4,139.04,602480,GOOGL
2020-09-18,137.12,137.56,135.91,136.55,1610029,GOOGL
2020-09-19,137.28,137.66,135.68,136.6,417079,GOOGL
2020-09-20,127.45,127.64,126.88,127.5,1055785,GOOGL
2020-09-21,124.59,125.3,124.58,124.95,1299956,GOOGL
2020-09-22,125.49,126.4,123.46,124.49,1487684,GOOGL
2020-09-23,121.51,121.72,121.21,121.42,1403266,GOOGL
2020-09-24,126.29,126.66,125.73,125.8,603044,GOOGL
2020-09-25,121.5,123.22,120.9,122.22,908445,GOOGL
2020-09-26,121.11,122.12,121.08,121.29,774204,GOOGL
2020-09-27,122.63,123.55,120.5,121.82,628961,GOOGL
2020-09-28,125.8,126.28,124.14,125.72,471486,GOOGL
2020-09-29,122.43,122.98,122.03,122.13,1452610,GOOGL
2020-09-30,125.2,125.48,124.85,125.32,2074160,GOOGL
2020-10-01,126.15,126.92,125.07,125.56,869036,GOOGL
2020-10-02,122.47,123.34,121.47,123.17,1705893,GOOGL
2020-10-03,124.15,124.9,123.85,124.57,1528752,GOOGL
2020-10-04,124.83,125.68,124.35,125.3,747719,GOOGL
2020-10-05,123.61,124.0,123.4,123.92,1115430,GOOGL
2020-10-06,124.31,124.65,124.29,124.31,1211969,GOOGL
2020-10-07,122.93,123.68,122.5,123.5,1726183,GOOGL
2020-10-08,123.38,124.51,123.06,124.0,1266089,GOOGL
2020-10-09,125.88,125.97,125.57,125.94,503704,GOOGL
2020-10-10,129.72,131.2,129.27,130.35,3021126,GOOGL
2020-10-11,126.93,128.15,125.96,127.17,1475580,GOOGL
2020-10-12,133.19,134.56,131.67,133.1,742056,GOOGL
2020-10-13,128.07,128.5,127.61,127.84,567910,GOOGL
2020-10-14,127.37,128.09,127.22,127.64,795418,GOOGL
2020-10-15,128.99,130.25,128.55,129.44,1036050,GOOGL
2020-10-16,130.45,130.53,130.05,130.42,882344,GOOGL
2020-10-17,130.2,131.6,127.59,128.92,980538,GOOGL
2020-10-18,129.65,129.8,127.04,128.57,749535,GOOGL
2020-10-19,126.34,127.55,124.62,127.44,1652823,GOOGL
2020-10-20,125.34,126.59,124.76,126.07,743582,GOOGL
2020-10-21,129.33,130.19,127.99,128.54,1649377,GOOGL
2020-10-22,130.58,131.61,128.71,129.71,1774050,GOOGL
2020-10-23,129.15,130.32,127.56,128.03,597367,GOOGL
2020-10-24,131.15,131.17,129.1,130.67,1003052,GOOGL
2020-10-25,131.65,132.63,131.27,131.74,2006453,GOOGL
2020-10-26,136.04,136.82,132.9,134.21,1381253,GOOGL
2020-10-27,135.85,137.41,135.42,136.21,1972778,GOOGL
2020-10-28,134.37,134.58,133.83,134.06,2203843,GOOGL
2020-10-29,132.56,133.81,131.8,132.7,731113,GOOGL
2020-10-30,135.09,135.52,134.14,135.01,1034528,GOOGL
2020-10-31,136.47,136.97,136.29,136.97,1489380,GOOGL
2020-11-01,136.67,138.61,136.13,137.13,1120051,GOOGL
2020-11-02,136.28,138.4,135.38,137.7,1524478,GOOGL
2020-11-03,141.11,142.05,141.06,141.63,2688187,GOOGL
2020-11-04,138.16,141.81,137.46,140.1,1169148,GOOGL
2020-11-05,143.24,144.34,140.88,141.95,1442297,GOOGL
2020-11-06,141.21,141.72,141.04,141.58,1213951,GOOGL
2020-11-07,142.89,144.45,140.26,141.16,462652,GOOGL
2020-11-08,144.96,145.18,144.55,144.67,851011,GOOGL
2020-11-09,147.73,148.16,147.21,147.42,1162713,GOOGL
2020-11-10,150.62,151.68,149.81,150.19,1027638,GOOGL
2020-11-11,152.7,156.19,151.05,154.57,1923588,GOOGL
2020-11-12,153.31,155.72,151.46,154.9,2218922,GOOGL
2020-11-13,156.52,157.66,156.12,157.38,913224,GOOGL
2020-11-14,157.57,157.87,156.34,156.61,2202110,GOOGL
2020-11-15,157.65,158.07,157.11,157.94,992759,GOOGL
2020-11-16,158.39,158.78,157.02,157.77,1500445,GOOGL
2020-11-17,158.02,158.66,157.84,158.35,1057175,GOOGL
2020-11-18,161.07,161.57,160.35,160.6,656065,GOOGL
2020-11-19,157.86,159.09,157.59,158.09,869291,GOOGL
2020-11-20,165.14,165.89,164.73,165.33,562227,GOOGL
2020-11-21,161.15,162.96,160.16,162.1,1922635,GOOGL
2020-11-22,158.42,158.44,158.16,158.21,2528289,GOOGL
2020-11-23,163.66,164.26,161.3,162.34,2015577,GOOGL
2020-11-24,164.09,167.2,163.2,165.32,1095553,GOOGL
2020-11-25,167.2,168.9,167.0,167.76,1812859,GOOGL
2020-11-26,170.97,171.85,169.03,170.26,480099,GOOGL
2020-11-27,170.68,171.3,170.0,170.5,2128830,GOOGL
2020-11-28,169.53,170.95,165.62,167.56,3211533,GOOGL
2020-11-29,168.62,168.68,167.72,168.1,1770245,GOOGL
2020-11-30,166.06,166.92,165.12,165.98,981309,GOOGL
2020-12-01,171.63,172.42,168.06,169.66,1915817,GOOGL
2020-12-02,167.27,169.97,166.43,169.42,1294602,GOOGL
2020-12-03,167.26,167.95,165.48,166.75,745456,GOOGL
2020-12-04,165.72,167.7,165.59,165.9,634040,GOOGL
2020-12-05,168.85,170.51,165.89,167.61,1110294,GOOGL
2020-12-06,166.65,168.7,164.33,165.9,1256762,GOOGL
2020-12-07,162.96,163.66,162.63,163.3,340940,GOOGL
2020-12-08,163.5,165.75,161.97,164.41,5288172,GOOGL
2020-12-09,166.25,166.37,165.04,165.53,984270,GOOGL
2020-12-10,164.92,166.08,163.12,164.03,2341370,GOOGL
2020-12-11,163.44,164.5,161.5,162.67,1234985,GOOGL
2020-12-12,164.07,164.19,163.63,163.74,2288885,GOOGL
2020-12-13,159.3,159.85,158.76,159.01,3662408,GOOGL
2020-12-14,154.71,154.87,154.43,154.55,915327,GOOGL
2020-12-15,151.6,152.9,151.29,152.47,1008698,GOOGL
2020-12-16,151.35,152.64,150.44,152.03,1604871,GOOGL
2020-12-17,153.23,153.87,152.74,153.28,1935849,GOOGL
2020-12-18,158.68,159.55,157.53,158.3,1315571,GOOGL
2020-12-19,161.45,161.8,161.24,161.42,1082146,GOOGL
2020-12-20,161.25,162.22,160.69,161.15,580165,GOOGL
2020-12-21,161.37,162.22,160.5,161.35,1214750,GOOGL
2020-12-22,157.68,159.32,157.55,158.2,690953,GOOGL
2020-12-23,158.74,160.1,157.53,158.4,1151054,GOOGL
2020-12-24,156.87,159.33,156.46,157.7,2095930,GOOGL
2020-12-25,159.18,159.58,158.87,159.03,1377358,GOOGL
2020-12-26,156.63,156.98,156.27,156.52,1345263,GOOGL
2020-12-27,158.48,159.13,157.7,158.5,517110,GOOGL
2020-12-28,165.49,167.25,163.64,163.88,1418859,GOOGL
2020-12-29,165.52,165.98,163.26,163.77,848486,GOOGL
2020-12-30,165.43,166.35,165.03,165.43,416694,GOOGL
2020-12-31,169.64,171.23,167.61,168.11,2122470,GOOGL
2021-01-01,166.73,167.38,166.26,166.97,958034,GOOGL
2021-01-02,168.47,169.54,166.84,168.03,1102834,GOOGL
2021-01-03,167.43,169.71,166.59,168.35,1359840,GOOGL
2021-01-04,168.73,169.35,168.71,168.98,2001431,GOOGL
2021-01-05,166.33,168.11,164.97,166.5,726354,GOOGL
2021-01-06,167.57,168.44,165.23,166.86,2181092,GOOGL
2021-01-07,167.56,169.18,166.54,168.89,1021481,GOOGL
2021-01-08,174.39,175.72,173.74,174.34,693692,GOOGL
2021-01-09,177.24,178.17,176.05,178.15,1087803,GOOGL
2021-01-10,186.83,187.49,186.36,186.53,743555,GOOGL
2021-01-11,183.05,184.4,182.06,183.82,963997,GOOGL
2021-01-12,188.77,190.14,186.47,187.51,2138100,GOOGL
2021-01-13,187.1,189.59,186.14,188.54,388450,GOOGL
2021-01-14,197.08,198.86,196.36,197.56,1025598,GOOGL
2021-01-15,194.28,194.77,193.75,194.52,976698,GOOGL
2021-01-16,189.75,192.84,189.47,191.39,834886,GOOGL
2021-01-17,188.72,189.98,188.64,189.29,768430,GOOGL
2021-01-18,179.92,181.92,179.37,181.13,1352823,GOOGL
2021-01-19,179.07,179.72,178.8,179.42,705542,GOOGL
2021-01-20,176.73,177.86,176.42,176.84,222943,GOOGL
2021-01-21,176.78,177.75,176.53,177.7,442141,GOOGL
2021-01-22,179.07,179.92,178.13,179.27,799282,GOOGL
2021-01-23,187.71,190.06,185.4,186.66,1456126,GOOGL
2021-01-24,191.86,192.41,190.34,190.71,1212117,GOOGL
2021-01-25,188.85,189.75,187.46,188.7,309774,GOOGL
2021-01-26,183.45,185.48,181.55,185.44,1192899,GOOGL
2021-01-27,187.5,187.83,187.27,187.67,946977,GOOGL
2021-01-28,180.43,185.27,179.28,182.75,683852,GOOGL
2021-01-29,189.75,190.19,189.7,190.11,684554,GOOGL
2021-01-30,195.25,196.79,194.73,195.15,1174931,GOOGL
2021-01-31,193.56,194.16,192.9,193.55,1006291,GOOGL
2021-02-01,187.53,188.13,186.76,186.88,520760,GOOGL
2021-02-02,193.15,194.33,190.48,192.52,496905,GOOGL
2021-02-03,192.72,192.86,191.9,192.37,898300,GOOGL
2021-02-04,197.99,199.52,197.7,197.71,2129926,GOOGL
2021-02-05,190.55,191.86,190.38,191.39,1415460,GOOGL
2021-02-06,189.29,189.31,189.17,189.29,1118494,GOOGL
2021-02-07,189.86,190.27,189.12,189.62,483720,GOOGL
2021-02-08,190.78,191.39,188.72,190.12,544852,GOOGL
2021-02-09,190.08,190.94,187.36,188.63,1131379,GOOGL
2021-02-10,191.01,191.84,190.57,191.42,1204003,GOOGL
2021-02-11,187.51,187.66,186.61,187.43,534847,GOOGL
2021-02-12,187.78,187.89,186.43,187.17,731799,GOOGL
2021-02-13,187.9,188.61,187.82,187.96,519837,GOOGL
2021-02-14,189.17,192.33,187.26,190.31,587542,GOOGL
2021-02-15,195.1,196.33,191.91,193.48,1289709,GOOGL
2021-02-16,190.33,191.24,188.17,189.21,672645,GOOGL
2021-02-17,183.41,185.15,181.77,183.4,483875,GOOGL
2021-02-18,187.75,191.2,187.51,188.64,364288,GOOGL
2021-02-19,189.93,191.18,189.25,190.28,706944,GOOGL
2021-02-20,186.8,188.1,186.38,187.59,647865,GOOGL
2021-02-21,194.88,197.28,193.53,194.03,1548816,GOOGL
2021-02-22,195.2,196.8,193.27,194.83,488332,GOOGL
2021-02-23,199.0,200.11,198.61,199.99,460900,GOOGL
2021-02-24,199.07,201.68,198.85,200.61,1012553,GOOGL
2021-02-25,209.58,209.79,209.42,209.65,821328,GOOGL
2021-02-26,216.72,218.43,215.38,217.76,730864,GOOGL
2021-02-27,217.66,217.83,215.03,216.97,790885,GOOGL
2021-02-28,219.48,222.89,217.83,221.78,576695,GOOGL
2021-03-01,225.23,225.88,225.09,225.16,751634,GOOGL
2021-03-02,233.89,235.53,230.1,232.03,1055626,GOOGL
2021-03-03,228.01,228.61,227.53,227.69,409827,GOOGL
2021-03-04,231.66,232.43,230.09,231.36,1115186,GOOGL
2021-03-05,237.13,239.37,234.3,236.9,1216913,GOOGL
2021-03-06,227.74,229.04,227.74,228.51,548443,GOOGL
2021-03-07,222.29,223.29,221.93,223.19,3018957,GOOGL
2021-03-08,213.75,213.98,212.27,213.96,1817397,GOOGL
2021-03-09,213.34,213.9,213.0,213.1,301238,GOOGL
2021-03-10,216.29,217.4,216.21,216.68,1173104,GOOGL
2021-03-11,222.8,224.59,222.74,223.9,1024463,GOOGL
2021-03-12,226.08,227.5,222.43,224.62,408807,GOOGL
2021-03-13,233.9,236.76,230.79,232.7,907490,GOOGL
2021-03-14,227.95,229.4,224.49,226.31,553918,GOOGL
2021-03-15,217.36,219.34,216.48,218.56,1096110,GOOGL
2021-03-16,220.36,220.75,217.68,218.66,430790,GOOGL
2021-03-17,222.98,224.76,218.32,220.8,426779,GOOGL
2021-03-18,220.36,221.42,218.26,221.01,1799303,GOOGL
2021-03-19,209.84,211.85,208.5,211.74,714109,GOOGL
2021-03-20,210.23,213.14,207.82,211.69,1033073,GOOGL
2021-03-21,206.21,207.06,205.93,206.22,1149754,GOOGL
2021-03-22,210.46,211.25,208.61,209.47,657518,GOOGL
2021-03-23,211.57,212.55,209.3,211.44,570848,GOOGL
2021-03-24,208.73,209.55,206.44,207.6,909781,GOOGL
2021-03-25,206.67,206.86,205.38,205.69,1726577,GOOGL
2021-03-26,202.61,203.12,200.08,201.44,765923,GOOGL
2021-03-27,198.92,202.43,197.49,201.5,878743,GOOGL
2021-03-28,204.99,206.03,203.85,205.89,649299,GOOGL
2021-03-29,202.25,203.02,201.63,201.96,848982,GOOGL
2021-03-30,205.71,207.47,202.78,204.43,558098,GOOGL
2021-03-31,200.26,203.21,198.13,202.49,864249,GOOGL
2021-04-01,199.85,201.39,198.46,199.44,1183760,GOOGL
2021-04-02,198.31,199.35,196.73,199.32,1487984,GOOGL
2021-04-03,194.78,196.39,194.63,195.3,1166648,GOOGL
2021-04-04,192.56,193.45,192.55,193.34,921362,GOOGL
2021-04-05,190.22,190.73,186.95,188.78,1975884,GOOGL
2021-04-06,195.89,197.83,195.61,196.91,716830,GOOGL
2021-04-07,198.48,199.53,197.07,197.38,679849,GOOGL
2021-04-08,195.94,197.08,193.83,194.79,299311,GOOGL
2021-04-09,193.18,196.12,191.29,195.99,883255,GOOGL
2021-04-10,197.41,197.7,194.51,195.85,1057581,GOOGL
2021-04-11,197.24,197.46,194.64,195.26,1328810,GOOGL
2021-04-12,199.33,199.8,196.38,198.11,722818,GOOGL
2021-04-13,201.02,202.22,200.11,201.6,2458005,GOOGL
2021-04-14,200.21,200.9,198.62,199.68,1204615,GOOGL
2021-04-15,198.4,198.78,195.46,197.59,457124,GOOGL
2021-04-16,196.32,196.99,196.31,196.77,954200,GOOGL
2021-04-17,187.49,188.22,187.49,187.54,783312,GOOGL
2021-04-18,181.5,184.08,180.92,181.86,1549081,GOOGL
2021-04-19,187.55,187.82,187.2,187.4,818598,GOOGL
2021-04-20,195.83,197.73,193.36,194.21,530688,GOOGL
2021-04-21,193.02,194.56,191.86,193.51,950045,GOOGL
2021-04-22,196.21,197.86,195.91,196.19,622593,GOOGL
2021-04-23,196.62,198.93,195.17,197.8,342531,GOOGL
2021-04-24,210.01,211.07,209.18,210.96,542956,GOOGL
2021-04-25,215.96,218.11,215.03,216.29,899990,GOOGL
2021-04-26,215.83,216.53,214.77,216.06,639776,GOOGL
2021-04-27,213.01,213.65,211.35,212.07,1624815,GOOGL
2021-04-28,205.54,205.68,203.43,205.24,440418,GOOGL
2021-04-29,206.55,207.51,205.98,206.45,583539,GOOGL
2021-04-30,203.78,204.27,203.25,203.5,524871,GOOGL
2021-05-01,197.92,198.87,196.19,197.74,947660,GOOGL
2021-05-02,195.87,196.14,193.97,195.37,1753544,GOOGL
2021-05-03,191.69,191.86,191.09,191.24,893678,GOOGL
2021-05-04,198.12,199.29,197.95,198.35,808759,GOOGL
2021-05-05,204.87,206.02,200.48,202.37,1682242,GOOGL
2021-05-06,204.56,207.27,200.33,202.67,2883968,GOOGL
2021-05-07,209.32,209.95,207.23,209.33,1113147,GOOGL
2021-05-08,209.17,210.11,208.29,210.01,349835,GOOGL
2021-05-09,209.27,211.96,204.31,206.55,494716,GOOGL
2021-05-10,214.45,215.25,213.47,213.52,1228521,GOOGL
2021-05-11,215.35,218.22,214.91,216.3,1137355,GOOGL
2021-05-12,214.08,215.33,209.91,211.93,326817,GOOGL
2021-05-13,212.6,214.87,210.58,211.43,1238452,GOOGL
2021-05-14,208.81,208.9,207.38,207.87,1329106,GOOGL
2021-05-15,201.17,202.82,200.46,202.16,496046,GOOGL
2021-05-16,205.84,206.92,205.16,206.44,2218940,GOOGL
2021-05-17,213.96,216.69,213.79,215.09,1076552,GOOGL
2021-05-18,208.04,209.57,207.8,209.1,1315737,GOOGL
2021-05-19,212.21,212.84,210.04,211.93,762673,GOOGL
2021-05-20,208.97,211.11,208.72,209.37,2374935,GOOGL
2021-05-21,209.03,210.11,207.33,207.57,3300685,GOOGL
2021-05-22,205.06,206.29,204.7,205.32,1131473,GOOGL
2021-05-23,199.34,204.57,196.93,201.92,2216644,GOOGL
2021-05-24,204.61,205.37,201.2,202.46,599974,GOOGL
2021-05-25,199.21,199.53,198.73,199.24,1085514,GOOGL
2021-05-26,198.46,201.15,196.94,200.71,665540,GOOGL
2021-05-27,201.13,201.31,200.04,200.83,983893,GOOGL
2021-05-28,200.7,202.67,199.64,200.15,682392,GOOGL
2021-05-29,197.73,199.81,195.49,196.65,938060,GOOGL
2021-05-30,195.94,195.94,193.4,194.58,1521149,GOOGL
2021-05-31,197.66,198.01,195.86,198.0,485716,GOOGL
2021-06-01,199.67,200.59,197.46,200.42,592000,GOOGL
2021-06-02,196.14,196.7,195.69,196.62,909880,GOOGL
2021-06-03,197.98,198.1,197.16,197.36,1525341,GOOGL
2021-06-04,200.08,200.95,199.72,200.81,2710730,GOOGL
2021-06-05,195.31,195.44,193.67,194.07,938427,GOOGL
2021-06-06,194.66,196.8,194.35,196.62,1107912,GOOGL
2021-06-07,195.13,196.2,193.92,194.2,909312,GOOGL
2021-06-08,195.94,198.14,194.71,196.85,851404,GOOGL
2021-06-09,191.95,194.31,191.09,194.01,1243358,GOOGL
2021-06-10,187.06,188.36,185.91,186.95,919296,GOOGL
2021-06-11,181.38,182.39,180.81,180.84,1737217,GOOGL
2021-06-12,182.2,182.8,179.84,181.32,1062014,GOOGL
2021-06-13,183.0,183.63,181.93,182.62,1604492,GOOGL
2021-06-14,180.73,182.08,179.24,179.44,2037450,GOOGL
2021-06-15,182.4,182.81,182.15,182.15,1732548,GOOGL
2021-06-16,176.64,176.66,175.85,176.07,827359,GOOGL
2021-06-17,173.66,177.34,172.38,176.11,1506652,GOOGL
2021-06-18,170.88,172.02,170.74,171.91,1724508,GOOGL
2021-06-19,171.15,172.77,168.22,169.83,1103078,GOOGL
2021-06-20,170.09,170.65,169.97,170.28,2573173,GOOGL
2021-06-21,166.91,168.17,166.34,167.47,1139350,GOOGL
2021-06-22,166.14,166.68,165.28,166.39,949513,GOOGL
2021-06-23,169.6,171.11,169.35,170.2,907521,GOOGL
2021-06-24,168.27,169.98,168.09,168.41,1431688,GOOGL
2021-06-25,171.2,171.77,170.87,171.65,1793148,GOOGL
2021-06-26,167.53,169.91,166.25,167.85,1130158,GOOGL
2021-06-27,169.21,170.91,167.76,170.0,2112815,GOOGL
2021-06-28,174.75,175.87,174.58,175.45,3336063,GOOGL
2021-06-29,166.62,167.33,165.36,166.59,841646,GOOGL
2021-06-30,164.49,164.7,164.01,164.07,1789823,GOOGL
2021-07-01,166.51,167.33,165.55,166.34,2585662,GOOGL
2021-07-02,165.96,166.66,165.63,165.9,967703,GOOGL
2021-07-03,167.33,168.55,166.06,167.47,688730,GOOGL
2021-07-04,165.98,166.08,165.55,165.62,1726304,GOOGL
2021-07-05,166.33,166.65,166.06,166.19,1579718,GOOGL
2021-07-06,166.2,166.73,165.07,165.92,922601,GOOGL
2021-07-07,168.27,170.37,166.52,170.28,1685159,GOOGL
2021-07-08,171.66,171.75,170.23,171.47,1540154,GOOGL
2021-07-09,173.52,174.17,172.68,172.98,1194191,GOOGL
2021-07-10,172.26,172.99,171.54,171.76,1744067,GOOGL
2021-07-11,170.81,171.3,170.18,170.28,1130397,GOOGL
2021-07-12,167.9,169.03,166.89,169.01,1727933,GOOGL
2021-07-13,170.82,171.12,170.25,170.69,371705,GOOGL
2021-07-14,169.29,169.8,168.82,169.46,1039111,GOOGL
2021-07-15,169.86,171.48,169.65,170.77,1345395,GOOGL
2021-07-16,178.97,179.04,178.16,178.53,735633,GOOGL
2021-07-17,182.15,182.27,181.81,182.1,1148915,GOOGL
2021-07-18,182.73,182.8,179.42,181.15,961058,GOOGL
2021-07-19,185.53,186.47,184.91,186.04,1332457,GOOGL
2021-07-20,183.08,186.44,180.83,184.74,679364,GOOGL
2021-07-21,177.83,178.27,174.69,177.11,674819,GOOGL
2021-07-22,174.16,174.28,173.44,173.64,742762,GOOGL
2021-07-23,166.35,167.47,165.7,167.08,785935,GOOGL
2021-07-24,165.34,166.72,164.85,166.12,735232,GOOGL
2021-07-25,166.99,167.12,166.17,166.45,1245682,GOOGL
2021-07-26,173.01,174.05,170.78,172.61,3306584,GOOGL
2021-07-27,174.89,175.67,173.42,174.09,1990257,GOOGL
2021-07-28,173.15,173.59,172.09,173.57,579884,GOOGL
2021-07-29,178.11,179.07,176.45,176.89,2430500,GOOGL
2021-07-30,169.25,169.33,168.43,168.94,1801682,GOOGL
2021-07-31,169.76,171.14,168.93,170.06,1218506,GOOGL
2021-08-01,174.34,175.28,171.31,173.1,738556,GOOGL
2021-08-02,168.24,169.34,166.97,167.99,2883105,GOOGL
2021-08-03,171.44,172.4,171.23,172.32,790699,GOOGL
2021-08-04,172.19,174.25,171.56,173.83,1085253,GOOGL
2021-08-05,173.64,175.53,170.97,172.6,2963107,GOOGL
2021-08-06,175.69,175.81,175.18,175.19,1497127,GOOGL
2021-08-07,183.69,184.77,181.6,183.86,1832530,GOOGL
2021-08-08,184.71,185.86,183.72,184.87,1271276,GOOGL
2021-08-09,186.81,187.26,185.51,186.14,1173493,GOOGL
2021-08-10,184.21,184.94,183.68,184.65,1347915,GOOGL
2021-08-11,182.89,184.58,180.33,181.64,2463725,GOOGL
2021-08-12,185.56,185.86,184.62,185.12,1282554,GOOGL
2021-08-13,182.48,182.9,181.86,182.09,1746636,GOOGL
2021-08-14,181.3,183.84,180.29,182.66,658903,GOOGL
2021-08-15,180.75,181.77,180.23,181.13,1622361,GOOGL
2021-08-16,182.3,183.31,181.98,183.25,1488737,GOOGL
2021-08-17,186.72,186.75,184.07,184.85,1321455,GOOGL
2021-08-18,189.59,189.85,187.26,189.19,2248560,GOOGL
2021-08-19,187.07,187.61,186.25,187.47,2612966,GOOGL
2021-08-20,187.11,187.3,186.6,186.71,2079149,GOOGL
2021-08-21,182.38,183.53,182.36,183.17,1323270,GOOGL
2021-08-22,181.55,182.29,179.47,181.76,1371057,GOOGL
2021-08-23,182.97,183.62,182.21,183.5,1362819,GOOGL
2021-08-24,185.07,187.38,184.14,186.73,1927072,GOOGL
2021-08-25,184.11,184.12,182.92,183.41,728200,GOOGL
2021-08-26,188.43,189.67,185.37,187.08,530914,GOOGL
2021-08-27,191.95,193.75,190.88,192.73,2090842,GOOGL
2021-08-28,195.5,195.6,194.5,194.73,555831,GOOGL
2021-08-29,202.4,203.36,201.3,202.76,417850,GOOGL
2021-08-30,197.46,200.9,196.19,199.78,2449464,GOOGL
2021-08-31,193.72,195.24,193.63,194.87,855683,GOOGL
2021-09-01,187.35,188.73,186.68,187.89,492986,GOOGL
2021-09-02,194.11,194.64,193.74,194.12,1978209,GOOGL
2021-09-03,194.96,199.08,193.32,197.12,1103563,GOOGL
2021-09-04,196.83,198.46,195.41,197.22,960883,GOOGL
2021-09-05,198.49,198.94,198.08,198.71,1017928,GOOGL
2021-09-06,194.77,195.73,194.19,194.32,1099987,GOOGL
2021-09-07,203.52,206.0,202.19,204.66,1323161,GOOGL
2021-09-08,204.26,206.57,203.34,205.55,832598,GOOGL
2021-09-09,203.98,208.4,203.83,206.37,1216805,GOOGL
2021-09-10,210.06,212.42,207.64,209.87,1085376,GOOGL
2021-09-11,210.84,213.32,209.57,212.34,324486,GOOGL
2021-09-12,215.25,216.86,212.22,213.69,518418,GOOGL
2021-09-13,211.44,213.58,208.55,210.49,638982,GOOGL
2021-09-14,212.58,213.98,211.55,212.92,944642,GOOGL
2021-09-15,220.12,222.98,219.5,221.72,1296802,GOOGL
2021-09-16,228.97,230.29,226.61,228.38,2604519,GOOGL
2021-09-17,236.53,236.98,235.68,236.43,559799,GOOGL
2021-09-18,236.04,238.66,232.89,234.27,1176108,GOOGL
2021-09-19,227.65,232.01,226.77,229.77,1325657,GOOGL
2021-09-20,230.12,230.31,228.96,229.54,1678206,GOOGL
2021-09-21,229.98,230.77,229.5,230.19,905510,GOOGL
2021-09-22,235.46,237.17,233.37,235.88,1172465,GOOGL
2021-09-23,227.06,228.86,226.81,227.85,1120029,GOOGL
2021-09-24,233.95,236.21,233.0,235.57,1350665,GOOGL
2021-09-25,235.08,235.31,234.11,235.18,1294904,GOOGL
2021-09-26,236.03,237.23,232.42,233.45,220719,GOOGL
2021-09-27,231.05,232.71,226.74,228.85,836008,GOOGL
2021-09-28,221.04,221.53,220.96,221.25,1092487,GOOGL
2021-09-29,227.17,230.04,224.87,225.45,416593,GOOGL
2021-09-30,226.87,227.57,225.89,226.17,1942467,GOOGL
2021-10-01,219.96,220.83,219.64,220.4,763245,GOOGL
2021-10-02,215.56,216.63,214.28,214.74,1617619,GOOGL
2021-10-03,210.99,215.92,208.79,213.58,531612,GOOGL
2021-10-04,221.65,222.14,221.27,221.45,858641,GOOGL
2021-10-05,221.21,221.48,219.99,220.6,928749,GOOGL
2021-10-06,214.28,214.73,213.47,213.97,689918,GOOGL
2021-10-07,212.13,213.66,212.0,213.22,591443,GOOGL
2021-10-08,210.81,212.72,209.14,212.34,1106421,GOOGL
2021-10-09,202.62,202.85,200.06,200.62,994732,GOOGL
2021-10-10,201.23,202.02,199.15,200.72,737169,GOOGL
2021-10-11,198.88,201.58,197.47,200.08,1455247,GOOGL
2021-10-12,203.69,204.21,202.98,203.34,1080656,GOOGL
2021-10-13,212.3,212.61,211.32,211.61,706099,GOOGL
2021-10-14,214.65,219.94,213.41,216.98,402471,GOOGL
2021-10-15,215.34,217.75,214.66,216.11,1373380,GOOGL
2021-10-16,210.95,212.39,209.61,211.43,859996,GOOGL
2021-10-17,223.15,225.01,221.16,223.24,525562,GOOGL
2021-10-18,223.64,224.79,222.45,223.89,348746,GOOGL
2021-10-19,224.18,225.03,223.53,224.33,1814104,GOOGL
2021-10-20,224.84,226.31,223.65,224.58,883014,GOOGL
2021-10-21,225.76,226.24,225.66,225.89,532670,GOOGL
2021-10-22,225.66,228.12,224.25,225.58,697762,GOOGL
2021-10-23,224.73,225.77,221.94,223.22,305807,GOOGL
2021-10-24,223.57,223.73,220.25,221.02,1279264,GOOGL
2021-10-25,220.57,221.76,219.67,221.23,856417,GOOGL
2021-10-26,217.91,220.3,216.21,219.06,1173292,GOOGL
2021-10-27,215.06,216.59,213.16,216.13,322174,GOOGL
2021-10-28,217.35,218.2,216.87,216.97,902305,GOOGL
2021-10-29,215.06,216.68,214.05,216.16,629677,GOOGL
2021-10-30,222.62,223.74,221.65,223.37,990988,GOOGL
2021-10-31,208.32,211.82,207.17,211.26,785493,GOOGL
2021-11-01,218.7,220.49,216.31,216.47,633690,GOOGL
2021-11-02,222.44,223.17,222.34,222.51,484456,GOOGL
2021-11-03,214.57,215.37,211.81,213.15,574345,GOOGL
2021-11-04,211.67,212.35,211.52,211.97,372358,GOOGL
2021-11-05,210.91,211.67,209.74,210.66,674420,GOOGL
2021-11-06,202.77,205.21,201.53,204.75,1937279,GOOGL
2021-11-07,201.04,202.15,200.37,201.73,1121940,GOOGL
2021-11-08,196.35,197.9,194.0,197.34,1168436,GOOGL
2021-11-09,205.19,205.7,204.41,204.96,851789,GOOGL
2021-11-10,207.78,211.06,207.67,209.34,992692,GOOGL
2021-11-11,213.9,216.35,213.76,215.3,699475,GOOGL
2021-11-12,219.38,220.31,218.64,218.93,428399,GOOGL
2021-11-13,213.79,214.2,212.95,214.08,457290,GOOGL
2021-11-14,212.31,212.56,212.03,212.07,1222312,GOOGL
2021-11-15,215.6,217.33,214.44,214.61,522313,GOOGL
2021-11-16,212.53,215.31,208.08,209.43,688218,GOOGL
2021-11-17,212.18,215.68,209.96,212.92,1063526,GOOGL
2021-11-18,212.58,214.54,210.3,212.2,572999,GOOGL
2021-11-19,209.36,211.1,208.75,210.87,883525,GOOGL
2021-11-20,214.35,214.51,214.08,214.38,415273,GOOGL
2021-11-21,217.18,218.28,216.37,216.74,590495,GOOGL
2021-11-22,215.31,216.28,214.38,215.45,530270,GOOGL
2021-11-23,221.46,221.48,220.78,221.07,963806,GOOGL
2021-11-24,216.76,217.13,215.89,216.4,920707,GOOGL
2021-11-25,220.07,220.93,218.26,219.56,901605,GOOGL
2021-11-26,221.52,225.08,219.49,222.67,681044,GOOGL
2021-11-27,220.9,222.77,220.75,221.59,897155,GOOGL
2021-11-28,224.72,224.89,222.86,223.48,507749,GOOGL
2021-11-29,218.56,219.08,216.76,217.95,568269,GOOGL
2021-11-30,224.32,225.24,222.14,222.56,994726,GOOGL
2021-12-01,221.1,223.56,219.5,222.06,663796,GOOGL
2021-12-02,220.39,221.58,218.91,219.98,462181,GOOGL
2021-12-03,225.39,225.76,224.6,225.2,705963,GOOGL
2021-12-04,221.8,222.96,221.39,222.23,1433384,GOOGL
2021-12-05,218.8,218.84,214.67,216.0,626109,GOOGL
2021-12-06,210.36,210.45,209.01,209.27,719097,GOOGL
2021-12-07,211.81,213.2,211.12,212.29,1046583,GOOGL
2021-12-08,208.43,211.4,206.24,206.91,1264645,GOOGL
2021-12-09,214.47,214.92,213.86,214.9,875795,GOOGL
2021-12-10,208.51,209.61,203.5,205.83,602444,GOOGL
2021-12-11,213.78,214.13,212.85,213.53,1117609,GOOGL
2021-12-12,215.3,215.52,214.67,214.83,528939,GOOGL
2021-12-13,213.54,216.17,211.83,214.75,2087050,GOOGL
2021-12-14,211.82,213.47,210.62,212.63,496204,GOOGL
2021-12-15,215.24,215.26,214.14,214.77,1107915,GOOGL
2021-12-16,213.69,216.47,212.83,214.96,480151,GOOGL
2021-12-17,219.36,221.45,218.84,220.31,1438842,GOOGL
2021-12-18,221.99,222.41,221.07,221.21,226185,GOOGL
2021-12-19,223.52,225.34,220.36,222.27,522843,GOOGL
2021-12-20,217.81,221.25,216.72,220.94,307137,GOOGL
2021-12-21,219.62,221.95,217.68,221.04,434671,GOOGL
2021-12-22,225.06,226.45,220.19,222.84,978012,GOOGL
2021-12-23,215.19,216.58,214.39,215.17,1876665,GOOGL
2021-12-24,210.81,211.07,207.67,209.41,522213,GOOGL
2021-12-25,214.62,216.47,211.18,213.04,686693,GOOGL
2021-12-26,215.34,218.21,211.48,214.16,1385741,GOOGL
2021-12-27,213.99,214.37,212.57,213.68,697362,GOOGL
2021-12-28,212.43,215.32,210.77,214.12,863245,GOOGL
2021-12-29,214.84,216.88,213.5,216.04,293619,GOOGL
2021-12-30,212.16,214.0,211.55,213.94,1070165,GOOGL
2021-12-31,210.93,212.76,208.23,210.78,449667,GOOGL
2022-01-01,210.88,212.67,209.24,212.0,751838,GOOGL
2022-01-02,209.69,210.04,207.23,207.97,814070,GOOGL
2022-01-03,210.06,211.81,208.98,210.11,457178,GOOGL
2022-01-04,202.48,203.38,202.03,202.91,1373704,GOOGL
2022-01-05,208.27,208.72,207.19,207.65,1029943,GOOGL
2022-01-06,209.75,210.62,209.05,210.06,941898,GOOGL
2022-01-07,211.42,211.55,210.53,211.54,1032005,GOOGL
2022-01-08,215.43,218.17,214.89,216.28,536933,GOOGL
2022-01-09,223.9,224.33,222.73,224.23,365296,GOOGL
2022-01-10,228.34,231.49,226.79,229.39,1793455,GOOGL
2022-01-11,220.34,221.32,220.2,220.87,1237229,GOOGL
2022-01-12,216.8,216.81,213.82,215.27,2500090,GOOGL
2022-01-13,214.12,215.71,212.77,212.79,832960,GOOGL
2022-01-14,213.68,215.05,212.0,213.26,601775,GOOGL
2022-01-15,216.27,216.54,215.17,215.94,727983,GOOGL
2022-01-16,211.06,213.93,209.58,212.99,696600,GOOGL
2022-01-17,215.37,216.48,213.43,214.18,884403,GOOGL
2022-01-18,211.3,211.95,209.68,211.13,485336,GOOGL
2022-01-19,206.64,210.65,205.13,208.75,456659,GOOGL
2022-01-20,204.09,205.25,202.22,202.91,880350,GOOGL
2022-01-21,199.43,200.23,198.03,199.29,1175254,GOOGL
2022-01-22,194.06,194.39,193.72,193.94,842880,GOOGL
2022-01-23,189.22,190.79,188.18,190.27,1678983,GOOGL
2022-01-24,194.88,195.42,193.54,194.82,1018059,GOOGL
2022-01-25,190.32,193.9,189.69,191.24,789048,GOOGL
2022-01-26,204.27,205.63,200.76,202.17,1111741,GOOGL
2022-01-27,205.19,205.38,204.21,204.6,1156848,GOOGL
2022-01-28,205.04,207.01,203.76,205.74,2311309,GOOGL
2022-01-29,203.07,203.21,201.7,202.35,516222,GOOGL
2022-01-30,207.16,208.24,205.63,205.68,1538203,GOOGL
2022-01-31,203.35,204.32,202.15,203.52,455123,GOOGL
2022-02-01,205.67,206.6,202.99,204.38,346680,GOOGL
2022-02-02,215.45,217.87,212.78,215.75,468265,GOOGL
2022-02-03,214.73,216.87,214.13,215.67,1336636,GOOGL
2022-02-04,221.75,222.41,220.73,221.25,1427061,GOOGL
2022-02-05,218.73,220.56,217.03,218.33,1834593,GOOGL
2022-02-06,218.58,219.17,218.08,218.53,420421,GOOGL
2022-02-07,226.72,227.27,226.39,227.05,687156,GOOGL
2022-02-08,226.31,226.71,223.32,224.43,637108,GOOGL
2022-02-09,231.59,235.96,231.04,233.37,667853,GOOGL
2022-02-10,236.51,237.52,235.32,237.24,756577,GOOGL
2022-02-11,234.48,235.06,234.24,234.82,726961,GOOGL
2022-02-12,239.53,240.69,237.49,238.34,1566408,GOOGL
2022-02-13,244.71,246.39,242.97,243.62,979836,GOOGL
2022-02-14,247.94,248.35,246.25,247.21,962477,GOOGL
2022-02-15,241.51,243.73,236.57,239.44,934150,GOOGL
2022-02-16,236.75,237.37,235.55,236.16,1445354,GOOGL
2022-02-17,238.68,239.71,234.25,235.32,1497877,GOOGL
2022-02-18,234.98,237.46,232.38,235.34,1878954,GOOGL
2022-02-19,237.04,239.96,235.2,238.81,1383461,GOOGL
2022-02-20,241.7,243.53,239.68,240.1,1840417,GOOGL
2022-02-21,236.76,237.63,231.28,233.73,2948946,GOOGL
2022-02-22,234.11,237.58,234.04,235.99,1241373,GOOGL
2022-02-23,241.69,242.49,238.89,239.42,720718,GOOGL
2022-02-24,244.69,244.88,242.04,242.64,551985,GOOGL
2022-02-25,249.75,250.13,248.46,248.57,722437,GOOGL
2022-02-26,253.28,254.1,251.39,253.35,1241998,GOOGL
2022-02-27,256.03,258.01,255.08,256.22,2963931,GOOGL
2022-02-28,256.41,257.4,255.91,256.26,971093,GOOGL
2022-03-01,249.24,250.29,246.61,247.71,3120250,GOOGL
2022-03-02,249.61,250.42,248.7,250.37,1282349,GOOGL
2022-03-03,251.41,252.36,249.84,251.88,713756,GOOGL
2022-03-04,255.11,257.13,250.37,253.73,818738,GOOGL
2022-03-05,247.36,247.84,246.67,247.32,1037048,GOOGL
2022-03-06,239.07,242.11,236.09,242.1,1266018,GOOGL
2022-03-07,246.84,248.87,245.95,247.87,1042204,GOOGL
2022-03-08,246.14,248.19,246.0,248.07,1263443,GOOGL
2022-03-09,253.62,253.71,251.16,252.05,2779737,GOOGL
2022-03-10,249.99,253.39,248.37,252.61,2178263,GOOGL
2022-03-11,251.16,253.9,249.28,253.19,1175913,GOOGL
2022-03-12,257.86,259.32,257.81,258.62,457597,GOOGL
2022-03-13,254.84,258.05,253.66,256.23,1455488,GOOGL
2022-03-14,257.13,257.18,257.09,257.17,1443536,GOOGL
2022-03-15,255.57,256.31,254.6,255.09,2083736,GOOGL
2022-03-16,250.32,253.2,247.75,253.17,1281392,GOOGL
2022-03-17,250.14,252.5,248.44,251.94,669597,GOOGL
2022-03-18,253.97,254.39,253.26,253.54,1236572,GOOGL
2022-03-19,248.27,252.98,247.74,251.4,1477431,GOOGL
2022-03-20,260.26,260.75,258.19,258.47,680005,GOOGL
2022-03-21,252.48,254.7,251.41,254.02,969182,GOOGL
2022-03-22,254.27,254.57,253.2,253.44,738515,GOOGL
2022-03-23,251.09,252.15,250.93,251.51,3208974,GOOGL
2022-03-24,260.95,261.99,258.96,259.6,769379,GOOGL
2022-03-25,258.82,264.32,256.06,261.1,960254,GOOGL
2022-03-26,270.09,272.65,265.02,267.21,1441521,GOOGL
2022-03-27,258.93,261.12,258.05,259.28,1023649,GOOGL
2022-03-28,261.58,262.36,260.4,261.17,1357713,GOOGL
2022-03-29,265.2,267.38,264.84,266.5,1148754,GOOGL
2022-03-30,267.1,267.84,266.69,267.4,1410275,GOOGL
2022-03-31,274.88,276.3,272.42,273.85,1947304,GOOGL
2022-04-01,269.75,271.43,268.52,271.32,1538153,GOOGL
2022-04-02,282.96,284.09,278.36,279.83,1928407,GOOGL
2022-04-03,294.71,296.28,293.39,293.85,1275004,GOOGL
2022-04-04,293.77,295.7,291.6,292.09,1310350,GOOGL
2022-04-05,292.48,294.33,287.2,289.83,978374,GOOGL
2022-04-06,297.67,299.6,296.61,299.18,986140,GOOGL
2022-04-07,310.74,312.15,308.51,309.64,925681,GOOGL
2022-04-08,306.02,307.7,305.82,306.74,1666668,GOOGL
2022-04-09,303.61,305.62,300.19,304.53,2070270,GOOGL
2022-04-10,306.55,308.75,300.59,303.22,1747108,GOOGL
2022-04-11,294.45,298.93,290.75,295.13,1856497,GOOGL
2022-04-12,292.19,293.56,289.76,289.9,1344527,GOOGL
2022-04-13,286.71,288.9,282.04,284.24,991497,GOOGL
2022-04-14,278.54,281.48,276.27,280.11,2387704,GOOGL
2022-04-15,280.95,282.5,280.31,280.37,1399138,GOOGL
2022-04-16,281.14,285.39,280.84,282.22,448504,GOOGL
2022-04-17,290.87,293.49,290.21,291.91,1157230,GOOGL
2022-04-18,286.9,287.82,283.94,286.24,1007622,GOOGL
2022-04-19,292.78,293.73,292.07,292.66,1184464,GOOGL
2022-04-20,291.92,292.73,291.77,291.82,541729,GOOGL
2022-04-21,292.57,293.27,291.62,292.0,1530169,GOOGL
2022-04-22,296.13,298.76,294.69,296.63,985744,GOOGL
2022-04-23,289.07,291.23,288.0,290.1,2301113,GOOGL
2022-04-24,292.45,293.36,290.87,292.92,492023,GOOGL
2022-04-25,294.4,294.86,291.97,294.43,2224032,GOOGL
2022-04-26,295.38,299.09,294.11,297.97,1023960,GOOGL
2022-04-27,299.27,302.34,298.29,300.28,1548997,GOOGL
2022-04-28,319.1,320.63,314.1,316.32,791380,GOOGL
2022-04-29,313.62,315.1,309.84,312.59,1485117,GOOGL
2022-04-30,311.75,311.77,308.89,309.61,625482,GOOGL
2022-05-01,304.37,307.6,303.21,306.05,1543438,GOOGL
2022-05-02,302.09,303.89,301.53,302.97,793784,GOOGL
2022-05-03,303.07,303.34,298.32,299.4,547196,GOOGL
2022-05-04,308.89,311.24,303.63,307.4,1396129,GOOGL
2022-05-05,317.83,318.5,316.42,317.12,1568598,GOOGL
2022-05-06,314.74,316.92,313.52,313.82,1049947,GOOGL
2022-05-07,310.88,314.29,307.3,308.83,1677591,GOOGL
2022-05-08,312.13,313.03,310.4,312.41,2627610,GOOGL
2022-05-09,309.82,311.06,308.91,309.29,1966621,GOOGL
2022-05-10,314.67,317.61,310.95,313.93,671836,GOOGL
2022-05-11,315.04,316.87,314.68,315.79,402732,GOOGL
2022-05-12,303.62,310.18,302.1,306.22,832524,GOOGL
2022-05-13,318.28,318.6,315.07,316.72,619774,GOOGL
2022-05-14,328.49,330.37,327.9,329.23,2026029,GOOGL
2022-05-15,327.85,328.93,322.77,325.52,887305,GOOGL
2022-05-16,323.21,323.4,322.64,323.4,648265,GOOGL
2022-05-17,324.59,327.77,323.77,325.88,1890975,GOOGL
2022-05-18,327.2,329.23,326.31,328.72,1283332,GOOGL
2022-05-19,330.86,335.89,330.56,333.82,872949,GOOGL
2022-05-20,349.41,349.44,347.73,348.52,2955217,GOOGL
2022-05-21,346.24,348.15,344.21,347.8,1336648,GOOGL
2022-05-22,343.94,344.74,341.46,342.52,534019,GOOGL
2022-05-23,333.58,336.46,329.79,333.12,503713,GOOGL
2022-05-24,330.43,331.76,327.95,328.54,696991,GOOGL
2022-05-25,328.46,329.59,327.69,328.85,1796856,GOOGL
2022-05-26,343.79,344.27,340.44,341.84,2387640,GOOGL
2022-05-27,339.06,339.72,338.49,338.67,1008709,GOOGL
2022-05-28,343.55,343.83,337.59,340.83,775722,GOOGL
2022-05-29,340.25,343.83,339.35,341.27,1455480,GOOGL
2022-05-30,348.15,353.26,346.37,350.39,2014556,GOOGL
2022-05-31,368.14,372.59,365.44,369.63,434699,GOOGL
2022-06-01,366.59,367.93,364.99,366.11,828624,GOOGL
2022-06-02,362.94,366.28,361.27,362.93,1373316,GOOGL
2022-06-03,372.15,373.19,370.06,371.52,1571929,GOOGL
2022-06-04,381.36,385.59,373.59,377.48,791791,GOOGL
2022-06-05,389.79,396.29,386.48,392.79,1166853,GOOGL
2022-06-06,396.22,399.26,395.32,398.28,1975917,GOOGL
2022-06-07,395.73,396.13,394.97,395.92,290304,GOOGL
2022-06-08,400.23,404.37,397.81,401.5,1312447,GOOGL
2022-06-09,416.02,421.31,406.3,411.55,2020082,GOOGL
2022-06-10,418.92,419.39,418.85,419.35,672854,GOOGL
2022-06-11,423.95,427.21,419.09,424.53,644344,GOOGL
2022-06-12,436.89,439.67,432.38,434.77,530018,GOOGL
2022-06-13,445.23,447.81,444.44,446.21,889370,GOOGL
2022-06-14,457.97,465.11,457.02,459.95,1233320,GOOGL
2022-06-15,466.78,472.7,465.21,467.0,566906,GOOGL
2022-06-16,467.33,471.36,464.28,466.12,1221542,GOOGL
2022-06-17,473.03,474.49,462.13,468.33,1804687,GOOGL
2022-06-18,477.77,484.13,474.3,481.02,1634054,GOOGL
2022-06-19,471.95,474.17,470.37,473.53,2436307,GOOGL
2022-06-20,475.09,479.62,472.37,477.99,1086167,GOOGL
2022-06-21,475.41,476.02,473.09,474.82,940578,GOOGL
2022-06-22,476.03,476.21,475.26,475.89,1488472,GOOGL
2022-06-23,488.79,493.65,485.49,489.5,484600,GOOGL
2022-06-24,495.94,498.41,489.94,492.28,489276,GOOGL
2022-06-25,486.66,500.7,481.03,493.57,627164,GOOGL
2022-06-26,476.93,485.41,473.24,480.24,458099,GOOGL
2022-06-27,491.41,493.8,486.39,488.59,1205791,GOOGL
2022-06-28,497.76,497.89,495.29,496.04,886549,GOOGL
2022-06-29,516.47,521.9,514.52,519.48,622161,GOOGL
2022-06-30,517.48,520.58,516.41,516.97,295400,GOOGL
2022-07-01,514.67,523.71,513.62,520.21,475712,GOOGL
2022-07-02,526.17,531.43,523.46,523.81,1643183,GOOGL
2022-07-03,542.86,546.63,537.23,542.09,2096750,GOOGL
2022-07-04,541.17,543.52,540.75,541.9,1886142,GOOGL
2022-07-05,544.4,550.24,541.79,545.98,883578,GOOGL
2022-07-06,555.72,558.64,550.33,553.88,423062,GOOGL
2022-07-07,556.78,562.25,551.78,556.97,545115,GOOGL
2022-07-08,552.79,554.49,550.96,552.65,1110408,GOOGL
2022-07-09,557.65,560.39,552.91,555.82,2421295,GOOGL
2022-07-10,569.35,569.72,567.4,569.32,1119864,GOOGL
2022-07-11,560.43,560.52,552.96,557.94,747206,GOOGL
2022-07-12,558.24,564.81,554.58,560.43,799120,GOOGL
2022-07-13,553.6,557.59,548.75,553.08,399819,GOOGL
2022-07-14,565.93,568.26,563.91,567.93,362095,GOOGL
2022-07-15,550.16,550.95,548.75,550.63,522008,GOOGL
2022-07-16,549.63,551.37,542.5,545.05,683173,GOOGL
2022-07-17,553.58,556.71,547.72,550.28,430315,GOOGL
2022-07-18,570.96,573.97,569.17,569.35,1703816,GOOGL
2022-07-19,569.25,572.05,568.03,569.5,476119,GOOGL
2022-07-20,564.3,571.15,562.46,563.78,647943,GOOGL
2022-07-21,590.05,593.14,584.5,587.07,464371,GOOGL
2022-07-22,568.23,574.89,567.32,570.12,400225,GOOGL
2022-07-23,542.87,547.18,542.36,544.63,478802,GOOGL
2022-07-24,551.54,555.09,550.41,550.58,1612167,GOOGL
2022-07-25,552.0,554.11,540.73,545.66,944997,GOOGL
2022-07-26,535.8,537.83,532.16,534.82,705312,GOOGL
2022-07-27,549.09,551.56,540.18,543.69,625265,GOOGL
2022-07-28,545.67,547.85,540.94,547.38,1296173,GOOGL
2022-07-29,548.4,554.68,540.04,541.77,806292,GOOGL
2022-07-30,529.57,529.84,527.03,528.05,607683,GOOGL
2022-07-31,539.97,543.23,536.82,538.63,870494,GOOGL
2022-08-01,553.52,555.87,541.55,546.9,432293,GOOGL
2022-08-02,550.55,552.14,541.1,546.66,568727,GOOGL
2022-08-03,576.02,576.84,561.94,568.85,1367846,GOOGL
2022-08-04,557.61,557.98,556.37,556.95,1852238,GOOGL
2022-08-05,538.46,543.63,536.9,539.96,414749,GOOGL
2022-08-06,531.31,533.19,523.96,532.98,636697,GOOGL
2022-08-07,529.17,534.29,524.71,533.34,775197,GOOGL
2022-08-08,536.41,543.47,529.78,536.96,653264,GOOGL
2022-08-09,534.48,536.29,533.62,535.12,1171213,GOOGL
2022-08-10,542.36,547.21,535.28,539.97,408378,GOOGL
2022-08-11,527.28,529.55,524.12,526.62,843309,GOOGL
2022-08-12,547.04,550.44,543.45,543.51,1086202,GOOGL
2022-08-13,543.05,543.66,542.99,543.47,1749455,GOOGL
2022-08-14,555.01,560.45,552.14,557.17,372958,GOOGL
2022-08-15,565.01,569.39,557.19,562.11,671834,GOOGL
2022-08-16,573.51,578.75,564.69,568.45,833673,GOOGL
2022-08-17,578.28,580.36,572.96,576.22,648792,GOOGL
2022-08-18,582.77,583.79,582.22,582.61,443037,GOOGL
2022-08-19,592.12,592.27,590.27,591.47,359260,GOOGL
2022-08-20,608.01,609.33,603.47,609.02,1155530,GOOGL
2022-08-21,609.26,613.21,607.87,612.55,974178,GOOGL
2022-08-22,622.81,624.1,619.94,622.71,1358720,GOOGL
2022-08-23,627.26,632.1,620.15,622.56,468965,GOOGL
2022-08-24,643.48,644.2,640.47,642.49,563181,GOOGL
2022-08-25,635.48,636.97,632.87,634.39,1775142,GOOGL
2022-08-26,660.96,661.4,658.73,659.52,1180752,GOOGL
2022-08-27,662.0,663.69,657.88,660.06,1114563,GOOGL
2022-08-28,639.14,649.14,638.36,641.24,1034819,GOOGL
2022-08-29,642.14,644.92,641.1,644.03,288439,GOOGL
2022-08-30,629.47,636.04,627.03,635.84,1362812,GOOGL
2022-08-31,643.75,650.22,641.8,648.16,327450,GOOGL
2022-09-01,638.41,642.76,637.36,640.31,553446,GOOGL
2022-09-02,636.09,636.92,633.8,635.35,915570,GOOGL
2022-09-03,613.96,617.51,610.83,611.09,863086,GOOGL
2022-09-04,608.65,610.47,605.76,606.27,634579,GOOGL
2022-09-05,574.74,578.24,571.63,576.29,786657,GOOGL
2022-09-06,559.13,559.88,556.66,558.0,760794,GOOGL
2022-09-07,564.37,573.21,561.51,567.87,1061272,GOOGL
2022-09-08,578.77,581.72,576.35,578.21,1032720,GOOGL
2022-09-09,583.08,584.69,582.84,584.35,890203,GOOGL
2022-09-10,568.77,579.66,565.89,573.41,1040229,GOOGL
2022-09-11,577.98,578.75,570.51,573.78,952362,GOOGL
2022-09-12,577.37,580.67,570.33,574.68,974478,GOOGL
2022-09-13,562.82,564.33,559.39,561.59,1058631,GOOGL
2022-09-14,576.24,586.59,569.63,580.32,791175,GOOGL
2022-09-15,593.45,599.3,588.18,592.01,805807,GOOGL
2022-09-16,585.91,591.16,585.43,590.23,1439175,GOOGL
2022-09-17,596.88,598.21,588.41,591.54,635183,GOOGL
2022-09-18,595.53,596.12,593.51,595.12,499724,GOOGL
2022-09-19,569.72,573.14,565.67,570.48,1171998,GOOGL
2022-09-20,563.09,572.49,562.15,568.45,1140301,GOOGL
2022-09-21,561.72,568.81,556.43,561.22,1555168,GOOGL
2022-09-22,546.09,552.02,544.17,550.3,942180,GOOGL
2022-09-23,542.86,547.99,539.36,547.94,1019509,GOOGL
2022-09-24,569.84,570.42,568.67,569.61,810125,GOOGL
2022-09-25,582.13,583.04,576.11,578.25,445562,GOOGL
2022-09-26,569.06,572.44,566.07,572.24,846841,GOOGL
2022-09-27,583.2,585.65,578.65,580.09,1402518,GOOGL
2022-09-28,600.06,603.02,593.34,598.16,1056041,GOOGL
2022-09-29,613.19,614.81,606.27,610.81,1574853,GOOGL
2022-09-30,613.92,617.36,607.89,612.59,1323486,GOOGL
2022-10-01,605.84,609.72,603.58,605.25,902044,GOOGL
2022-10-02,608.79,616.06,604.77,615.15,3157419,GOOGL
2022-10-03,624.87,627.64,617.08,621.27,2223293,GOOGL
2022-10-04,636.49,640.39,629.36,634.02,811488,GOOGL
2022-10-05,649.79,657.76,637.18,643.56,965114,GOOGL
2022-10-06,660.25,667.32,653.75,658.86,2151011,GOOGL
2022-10-07,649.22,653.79,645.93,652.52,2730665,GOOGL
2022-10-08,672.65,674.1,668.73,671.71,2516027,GOOGL
2022-10-09,684.55,692.18,668.17,675.62,559697,GOOGL
2022-10-10,700.25,713.17,698.46,706.3,1317029,GOOGL
2022-10-11,697.98,698.3,688.89,697.2,2380277,GOOGL
2022-10-12,728.91,731.16,718.08,723.87,1073619,GOOGL
2022-10-13,730.88,733.42,724.91,728.08,2446238,GOOGL
2022-10-14,719.71,719.98,719.21,719.29,1081316,GOOGL
2022-10-15,712.38,716.39,710.59,713.14,1428301,GOOGL
2022-10-16,707.09,711.21,706.4,709.5,881380,GOOGL
2022-10-17,715.01,718.65,712.28,717.01,891109,GOOGL
2022-10-18,723.54,730.84,718.52,726.1,794652,GOOGL
2022-10-19,715.63,720.11,712.94,718.52,1132160,GOOGL
2022-10-20,723.59,726.36,715.0,719.33,762131,GOOGL
2022-10-21,744.38,757.6,741.04,753.01,2329219,GOOGL
2022-10-22,782.32,783.46,780.59,781.68,978414,GOOGL
2022-10-23,790.72,795.23,787.88,790.16,1344601,GOOGL
2022-10-24,793.66,794.91,790.7,792.09,1019462,GOOGL
2022-10-25,795.11,799.75,793.75,795.41,2175768,GOOGL
2022-10-26,808.76,811.02,803.32,807.01,1286483,GOOGL
2022-10-27,787.8,796.69,787.25,790.94,1701848,GOOGL
2022-10-28,798.07,804.49,780.57,787.95,1337765,GOOGL
2022-10-29,765.29,767.63,757.48,761.54,2400499,GOOGL
2022-10-30,771.64,778.59,767.66,769.2,1140036,GOOGL
2022-10-31,784.28,787.13,778.39,780.97,490861,GOOGL
2022-11-01,772.76,777.14,770.98,774.3,1478461,GOOGL
2022-11-02,802.38,804.49,796.85,801.28,1396724,GOOGL
2022-11-03,786.53,791.58,776.37,781.89,1079016,GOOGL
2022-11-04,764.47,767.23,755.42,759.05,1035538,GOOGL
2022-11-05,760.97,767.34,759.35,763.89,1217831,GOOGL
2022-11-06,781.51,783.34,777.59,782.01,1289815,GOOGL
2022-11-07,813.66,815.74,810.37,811.07,1997152,GOOGL
2022-11-08,802.24,806.9,800.13,804.56,1101676,GOOGL
2022-11-09,814.4,826.07,811.91,824.18,1868928,GOOGL
2022-11-10,818.12,834.83,808.14,824.88,503473,GOOGL
2022-11-11,819.78,828.8,816.62,823.24,1439308,GOOGL
2022-11-12,839.32,840.04,839.09,839.93,595756,GOOGL
2022-11-13,853.04,858.54,844.82,852.87,1844346,GOOGL
2022-11-14,825.63,826.71,824.37,825.93,4419700,GOOGL
2022-11-15,854.92,858.8,849.71,853.01,721827,GOOGL
2022-11-16,876.62,882.41,875.6,879.23,2655042,GOOGL
2022-11-17,874.18,884.0,860.11,869.09,878198,GOOGL
2022-11-18,874.61,884.19,868.09,877.78,1255091,GOOGL
2022-11-19,890.49,892.98,886.71,888.37,1958710,GOOGL
2022-11-20,892.6,895.73,888.31,894.72,850361,GOOGL
2022-11-21,882.93,890.21,882.14,885.81,1345325,GOOGL
2022-11-22,873.46,878.13,869.36,874.73,761251,GOOGL
2022-11-23,881.88,883.19,872.77,875.71,2228658,GOOGL
2022-11-24,901.32,905.29,896.85,898.8,1101625,GOOGL
2022-11-25,915.11,919.28,907.8,910.59,1017317,GOOGL
2022-11-26,917.9,919.34,896.06,904.98,1062257,GOOGL
2022-11-27,917.01,930.47,910.27,921.19,824824,GOOGL
2022-11-28,867.31,871.87,863.49,867.4,1177629,GOOGL
2022-11-29,886.9,894.98,884.31,889.83,475492,GOOGL
2022-11-30,862.08,866.58,858.46,858.67,3324146,GOOGL
2022-12-01,856.87,857.63,849.64,853.53,1869694,GOOGL
2022-12-02,839.8,845.53,833.4,834.79,1322802,GOOGL
2022-12-03,820.95,822.03,810.43,813.38,585254,GOOGL
2022-12-04,840.07,844.99,831.78,834.63,1717739,GOOGL
2022-12-05,818.39,835.13,812.7,827.78,1532763,GOOGL
2022-12-06,834.63,837.78,833.8,835.19,791004,GOOGL
2022-12-07,829.25,838.17,823.03,835.74,1325813,GOOGL
2022-12-08,847.92,850.82,844.09,845.53,1144080,GOOGL
2022-12-09,848.1,852.44,844.4,848.3,330543,GOOGL
2022-12-10,831.02,833.39,825.44,826.75,1407930,GOOGL
2022-12-11,841.88,847.31,841.45,845.48,1895867,GOOGL
2022-12-12,836.69,840.89,829.67,838.08,717602,GOOGL
2022-12-13,819.27,826.95,804.23,811.96,1056927,GOOGL
2022-12-14,806.54,806.76,802.44,805.97,1334187,GOOGL
2022-12-15,835.82,842.74,828.83,832.8,865142,GOOGL
2022-12-16,839.66,852.53,834.68,849.1,1421477,GOOGL
2022-12-17,839.59,847.86,836.83,844.26,1945806,GOOGL
2022-12-18,837.19,840.1,835.25,839.44,1271853,GOOGL
2022-12-19,839.41,841.93,831.79,835.14,1174737,GOOGL
2022-12-20,866.84,878.32,859.34,873.08,799055,GOOGL
2022-12-21,883.66,890.0,875.48,881.55,1099158,GOOGL
2022-12-22,888.77,894.51,884.2,891.0,923385,GOOGL
2022-12-23,908.38,914.34,907.93,911.82,3272677,GOOGL
2022-12-24,920.81,922.48,915.55,917.92,1697391,GOOGL
2022-12-25,915.66,918.33,912.58,914.42,2679177,GOOGL
2022-12-26,902.8,923.36,900.71,912.14,2575967,GOOGL
2022-12-27,912.18,916.28,906.43,912.27,675122,GOOGL
2022-12-28,913.61,914.25,912.18,913.06,3093786,GOOGL
2022-12-29,924.4,938.03,921.66,928.58,1199958,GOOGL
2022-12-30,926.87,936.86,924.24,931.13,1632009,GOOGL
2022-12-31,944.94,949.16,942.78,947.05,916309,GOOGL
2023-01-01,934.85,956.45,934.83,947.0,1212251,GOOGL
2023-01-02,943.61,959.4,940.54,950.13,672814,GOOGL
2023-01-03,910.85,915.3,907.36,911.68,1961822,GOOGL
2023-01-04,927.27,933.65,926.78,930.79,1208683,GOOGL
2023-01-05,926.42,950.59,917.62,939.13,1397209,GOOGL
2023-01-06,960.46,960.95,959.37,960.44,862988,GOOGL
2023-01-07,906.14,909.67,902.51,903.38,1212427,GOOGL
2023-01-08,955.08,956.34,936.01,944.65,1138906,GOOGL
2023-01-09,949.4,951.74,941.68,943.43,999522,GOOGL
2023-01-10,967.23,970.39,964.85,967.02,619419,GOOGL
2023-01-11,956.66,968.19,941.33,947.42,1244653,GOOGL
2023-01-12,963.74,969.98,952.82,961.22,2121640,GOOGL
2023-01-13,944.44,946.13,939.4,941.47,961046,GOOGL
2023-01-14,926.6,936.45,917.94,930.64,3086261,GOOGL
2023-01-15,969.97,971.19,967.61,969.73,1292682,GOOGL
2023-01-16,968.18,971.77,964.93,967.43,1906216,GOOGL
2023-01-17,977.79,983.44,970.92,973.46,1541887,GOOGL
2023-01-18,990.23,1001.64,980.87,992.93,834997,GOOGL
2023-01-19,1002.19,1005.65,992.47,1004.94,1414766,GOOGL
2023-01-20,1012.67,1013.37,1002.08,1009.79,939157,GOOGL
2023-01-21,1024.94,1030.51,1017.84,1019.22,1303319,GOOGL
2023-01-22,1076.09,1076.74,1067.79,1072.55,1635064,GOOGL
2023-01-23,1069.03,1076.08,1064.72,1073.02,773791,GOOGL
2023-01-24,1078.11,1081.76,1074.49,1079.34,2007009,GOOGL
2023-01-25,1099.38,1105.6,1093.94,1105.03,907048,GOOGL
2023-01-26,1128.98,1135.03,1126.54,1132.6,674744,GOOGL
2023-01-27,1168.92,1170.96,1155.6,1162.82,1126671,GOOGL
2023-01-28,1170.22,1193.16,1160.98,1180.4,654245,GOOGL
2023-01-29,1147.88,1169.97,1139.34,1153.9,614194,GOOGL
2023-01-30,1191.87,1204.8,1182.75,1195.54,573043,GOOGL
2023-01-31,1177.96,1180.27,1165.39,1168.62,3171830,GOOGL
2023-02-01,1185.05,1192.1,1173.16,1178.01,1556426,GOOGL
2023-02-02,1160.86,1172.0,1147.91,1161.22,1352761,GOOGL
2023-02-03,1158.31,1164.15,1153.45,1161.57,1360265,GOOGL
2023-02-04,1174.75,1174.91,1165.49,1171.54,1401611,GOOGL
2023-02-05,1185.24,1187.88,1177.07,1181.41,1854125,GOOGL
2023-02-06,1196.34,1212.37,1188.72,1193.87,1177407,GOOGL
2023-02-07,1227.19,1244.82,1226.93,1236.45,1099137,GOOGL
2023-02-08,1246.81,1256.52,1242.0,1250.32,547338,GOOGL
2023-02-09,1241.13,1246.11,1235.82,1245.95,689897,GOOGL
2023-02-10,1277.41,1279.33,1264.76,1273.33,1204009,GOOGL
2023-02-11,1309.96,1320.76,1297.36,1307.36,501006,GOOGL
2023-02-12,1277.39,1285.41,1273.94,1275.68,1471617,GOOGL
2023-02-13,1286.62,1301.58,1285.21,1293.86,946016,GOOGL
2023-02-14,1320.02,1322.05,1310.71,1315.12,803840,GOOGL
2023-02-15,1313.06,1326.94,1306.03,1309.04,2145487,GOOGL
2023-02-16,1349.1,1352.02,1344.75,1349.17,604010,GOOGL
2023-02-17,1347.06,1351.11,1341.1,1347.13,963430,GOOGL
2023-02-18,1347.88,1356.3,1343.17,1352.92,764642,GOOGL
2023-02-19,1348.29,1359.09,1340.92,1350.21,2143231,GOOGL
2023-02-20,1338.78,1362.16,1338.46,1352.89,624127,GOOGL
2023-02-21,1323.59,1329.57,1320.71,1323.85,894120,GOOGL
2023-02-22,1294.89,1296.98,1276.02,1285.85,679526,GOOGL
2023-02-23,1328.7,1331.97,1324.2,1331.2,1158260,GOOGL
2023-02-24,1315.2,1315.39,1309.27,1309.62,1338553,GOOGL
2023-02-25,1275.75,1289.14,1267.62,1284.42,426569,GOOGL
2023-02-26,1224.73,1234.48,1213.52,1228.23,709392,GOOGL
2023-02-27,1214.41,1216.75,1207.53,1213.71,974265,GOOGL
2023-02-28,1178.86,1189.62,1174.48,1181.86,1114634,GOOGL
2023-03-01,1231.62,1237.62,1218.21,1224.73,715128,GOOGL
2023-03-02,1260.29,1275.97,1248.63,1252.82,852484,GOOGL
2023-03-03,1232.17,1236.89,1227.73,1236.71,1264063,GOOGL
2023-03-04,1291.97,1303.08,1285.57,1297.48,1341803,GOOGL
2023-03-05,1326.04,1331.03,1314.32,1326.48,270083,GOOGL
2023-03-06,1334.14,1334.92,1318.4,1319.58,771135,GOOGL
2023-03-07,1260.66,1260.83,1248.28,1252.23,639860,GOOGL
2023-03-08,1318.93,1336.3,1308.22,1314.78,893298,GOOGL
2023-03-09,1277.37,1280.66,1274.52,1278.43,1104795,GOOGL
2023-03-10,1233.43,1238.7,1233.12,1236.2,540457,GOOGL
2023-03-11,1253.41,1277.9,1248.55,1264.89,683258,GOOGL
2023-03-12,1326.8,1336.97,1323.38,1332.04,837638,GOOGL
2023-03-13,1367.57,1378.13,1361.76,1373.11,1037791,GOOGL
2023-03-14,1394.95,1396.81,1389.15,1391.7,537887,GOOGL
2023-03-15,1408.03,1424.81,1394.18,1411.45,755471,GOOGL
2023-03-16,1433.99,1442.53,1421.81,1439.17,424717,GOOGL
2023-03-17,1476.46,1490.71,1455.01,1464.57,758717,GOOGL
2023-03-18,1484.77,1495.86,1475.09,1475.67,784807,GOOGL
2023-03-19,1496.35,1509.3,1464.08,1481.35,409589,GOOGL
2023-03-20,1479.12,1482.98,1472.1,1481.84,1251339,GOOGL
2023-03-21,1464.12,1464.19,1453.34,1460.73,1011032,GOOGL
2023-03-22,1465.6,1466.05,1448.17,1454.5,467931,GOOGL
2023-03-23,1399.38,1405.12,1398.66,1404.99,839891,GOOGL
2023-03-24,1390.43,1404.68,1375.46,1404.4,835034,GOOGL
2023-03-25,1368.71,1379.93,1363.65,1377.45,294760,GOOGL
2023-03-26,1355.92,1363.25,1341.07,1347.68,580584,GOOGL
2023-03-27,1358.12,1361.88,1353.54,1355.01,834343,GOOGL
2023-03-28,1401.58,1403.41,1392.4,1397.01,338213,GOOGL
2023-03-29,1429.49,1434.48,1413.7,1426.37,554810,GOOGL
2023-03-30,1377.5,1384.35,1375.16,1381.5,957362,GOOGL
2023-03-31,1351.91,1357.9,1351.5,1354.96,872668,GOOGL
2023-04-01,1391.69,1400.1,1383.44,1384.07,368794,GOOGL
2023-04-02,1349.25,1362.33,1345.3,1357.68,1230132,GOOGL
2023-04-03,1358.97,1361.64,1350.92,1353.5,926444,GOOGL
2023-04-04,1359.84,1376.45,1343.09,1371.43,953938,GOOGL
2023-04-05,1337.96,1352.6,1337.81,1345.69,2220913,GOOGL
2023-04-06,1352.27,1362.79,1338.37,1350.91,636873,GOOGL
2023-04-07,1308.92,1315.81,1303.7,1315.14,1147871,GOOGL
2023-04-08,1304.78,1308.46,1300.58,1300.64,329314,GOOGL
2023-04-09,1309.14,1323.62,1302.34,1311.56,950144,GOOGL
2023-04-10,1270.78,1280.59,1269.25,1269.68,2286110,GOOGL
2023-04-11,1286.87,1303.67,1270.64,1283.57,1026788,GOOGL
2023-04-12,1284.77,1286.8,1283.72,1285.15,581688,GOOGL
2023-04-13,1311.52,1317.82,1293.56,1302.24,318214,GOOGL
2023-04-14,1312.53,1317.51,1308.72,1310.54,557148,GOOGL
2023-04-15,1348.51,1359.4,1334.91,1350.39,862800,GOOGL
2023-04-16,1353.54,1357.25,1352.57,1356.19,262630,GOOGL
2023-04-17,1347.69,1360.25,1340.48,1346.15,784342,GOOGL
2023-04-18,1334.37,1352.29,1330.4,1351.84,547167,GOOGL
2023-04-19,1370.75,1374.19,1367.81,1369.56,464072,GOOGL
2023-04-20,1370.76,1377.76,1367.52,1373.23,831018,GOOGL
2023-04-21,1381.54,1383.34,1373.61,1376.67,532410,GOOGL
2023-04-22,1360.0,1360.74,1354.81,1358.57,527075,GOOGL
2023-04-23,1344.0,1359.06,1335.7,1341.83,547326,GOOGL
2023-04-24,1300.01,1312.46,1292.33,1304.37,418168,GOOGL
2023-04-25,1353.61,1361.4,1349.3,1354.63,838997,GOOGL
2023-04-26,1331.86,1340.45,1314.34,1321.35,291597,GOOGL
2023-04-27,1293.89,1306.21,1288.17,1304.23,788728,GOOGL
2023-04-28,1284.94,1286.87,1284.94,1286.63,972403,GOOGL
2023-04-29,1307.49,1313.41,1301.73,1313.03,1189761,GOOGL
2023-04-30,1310.7,1320.5,1302.12,1307.03,902684,GOOGL
2023-05-01,1339.29,1357.96,1329.67,1343.57,1364347,GOOGL
2023-05-02,1335.79,1341.08,1320.44,1326.71,394509,GOOGL
2023-05-03,1334.19,1338.27,1327.02,1336.71,628098,GOOGL
2023-05-04,1313.88,1328.71,1306.86,1315.37,499210,GOOGL
2023-05-05,1372.48,1379.46,1368.04,1377.03,298911,GOOGL
2023-05-06,1345.39,1346.98,1341.06,1344.83,955744,GOOGL
2023-05-07,1363.57,1366.26,1342.39,1355.83,1124600,GOOGL
2023-05-08,1369.27,1384.07,1366.43,1376.19,740448,GOOGL
2023-05-09,1391.16,1403.8,1385.88,1390.46,1369134,GOOGL
2023-05-10,1396.37,1399.32,1378.27,1387.33,690676,GOOGL
2023-05-11,1390.9,1397.35,1376.57,1385.82,627890,GOOGL
2023-05-12,1380.42,1393.77,1366.11,1389.39,1022807,GOOGL
2023-05-13,1383.36,1387.99,1374.0,1387.38,935801,GOOGL
2023-05-14,1417.92,1424.67,1416.47,1417.86,1268593,GOOGL
2023-05-15,1492.52,1494.09,1484.35,1486.28,566115,GOOGL
2023-05-16,1457.75,1478.14,1447.57,1471.26,385579,GOOGL
2023-05-17,1434.75,1436.6,1425.94,1431.21,512506,GOOGL
2023-05-18,1431.26,1434.25,1428.81,1430.91,486548,GOOGL
2023-05-19,1514.9,1517.07,1506.04,1511.09,980795,GOOGL
2023-05-20,1490.88,1497.62,1487.68,1487.98,1201034,GOOGL
2023-05-21,1543.47,1559.87,1537.6,1541.85,1370481,GOOGL
2023-05-22,1599.52,1604.38,1591.32,1598.93,557973,GOOGL
2023-05-23,1576.94,1584.15,1576.2,1582.91,695744,GOOGL
2023-05-24,1587.29,1611.4,1585.8,1604.51,597874,GOOGL
2023-05-25,1670.74,1690.74,1641.43,1662.24,1038834,GOOGL
2023-05-26,1654.44,1654.96,1647.99,1651.7,953019,GOOGL
2023-05-27,1646.9,1656.17,1644.71,1647.34,1031755,GOOGL
2023-05-28,1629.77,1630.13,1625.95,1629.86,585377,GOOGL
2023-05-29,1611.8,1623.44,1589.2,1597.68,525050,GOOGL
2023-05-30,1582.34,1582.89,1577.98,1578.45,784573,GOOGL
2023-05-31,1543.35,1543.67,1529.25,1540.33,523990,GOOGL
2023-06-01,1548.25,1551.08,1534.81,1543.98,1987091,GOOGL
2023-06-02,1515.94,1526.56,1505.32,1521.47,1151007,GOOGL
2023-06-03,1526.93,1533.95,1524.95,1531.48,496932,GOOGL
2023-06-04,1477.46,1485.17,1471.9,1483.78,1621083,GOOGL
2023-06-05,1512.21,1527.94,1479.69,1496.58,821789,GOOGL
2023-06-06,1514.02,1533.39,1496.26,1525.34,976772,GOOGL
2023-06-07,1464.25,1466.3,1462.48,1463.75,1558306,GOOGL
2023-06-08,1484.78,1492.35,1462.0,1477.71,1184831,GOOGL
2023-06-09,1527.36,1530.09,1515.49,1518.4,750300,GOOGL
2023-06-10,1473.26,1496.37,1469.28,1482.18,1203600,GOOGL
2023-06-11,1547.81,1559.15,1531.42,1536.89,453571,GOOGL
2023-06-12,1540.02,1560.02,1534.74,1553.01,503225,GOOGL
2023-06-13,1511.58,1553.73,1491.0,1532.49,1323512,GOOGL
2023-06-14,1536.09,1543.85,1528.84,1533.22,959588,GOOGL
2023-06-15,1554.65,1560.9,1545.18,1553.8,622504,GOOGL
2023-06-16,1558.23,1562.33,1557.03,1558.85,1066865,GOOGL
2023-06-17,1589.68,1599.02,1577.62,1579.13,1272876,GOOGL
2023-06-18,1554.42,1569.62,1549.68,1551.09,616546,GOOGL
2023-06-19,1558.02,1563.11,1554.56,1559.19,1695269,GOOGL
2023-06-20,1525.88,1529.9,1502.25,1515.29,1823231,GOOGL
2023-06-21,1506.45,1521.22,1498.87,1514.24,1392007,GOOGL
2023-06-22,1496.23,1508.77,1479.12,1487.89,589549,GOOGL
2023-06-23,1469.84,1476.14,1455.9,1467.27,1178113,GOOGL
2023-06-24,1513.04,1516.99,1493.9,1507.93,1778008,GOOGL
2023-06-25,1546.1,1552.52,1543.28,1545.11,774600,GOOGL
2023-06-26,1554.08,1573.89,1545.48,1567.5,734871,GOOGL
2023-06-27,1529.35,1542.89,1520.4,1534.0,650569,GOOGL
2023-06-28,1514.36,1528.17,1503.79,1526.3,711290,GOOGL
2023-06-29,1549.42,1578.35,1532.23,1567.85,823650,GOOGL
2023-06-30,1568.57,1587.14,1559.26,1575.12,1479777,GOOGL
2023-07-01,1648.71,1659.7,1643.95,1654.74,1910077,GOOGL
2023-07-02,1659.06,1676.13,1650.26,1671.19,579523,GOOGL
2023-07-03,1692.64,1705.99,1679.33,1680.72,1489051,GOOGL
2023-07-04,1656.02,1686.36,1638.95,1672.54,1619267,GOOGL
2023-07-05,1685.49,1698.78,1676.1,1680.01,1613656,GOOGL
2023-07-06,1686.32,1697.21,1674.97,1677.38,1962267,GOOGL
2023-07-07,1718.96,1738.04,1689.46,1705.19,636264,GOOGL
2023-07-08,1753.27,1758.92,1733.87,1742.4,691233,GOOGL
2023-07-09,1718.88,1742.82,1699.74,1716.41,1930233,GOOGL
2023-07-10,1665.52,1674.82,1662.1,1671.07,1967237,GOOGL
2023-07-11,1625.17,1636.82,1598.0,1609.14,508400,GOOGL
2023-07-12,1637.83,1649.6,1627.45,1629.03,774726,GOOGL
2023-07-13,1589.56,1604.79,1581.17,1593.83,1839767,GOOGL
2023-07-14,1517.67,1538.87,1496.28,1524.12,1195183,GOOGL
2023-07-15,1528.81,1541.03,1528.55,1539.13,1822043,GOOGL
2023-07-16,1613.95,1623.33,1612.14,1622.56,1276625,GOOGL
2023-07-17,1622.07,1630.74,1618.49,1625.03,1690135,GOOGL
2023-07-18,1644.88,1669.92,1634.87,1656.44,702838,GOOGL
2023-07-19,1670.88,1674.86,1658.63,1662.03,847539,GOOGL
2023-07-20,1667.39,1667.61,1655.13,1661.31,888814,GOOGL
2023-07-21,1682.15,1697.64,1663.08,1696.24,1489616,GOOGL
2023-07-22,1699.09,1701.49,1682.9,1688.66,1726980,GOOGL
2023-07-23,1683.7,1709.12,1671.65,1700.97,1413744,GOOGL
2023-07-24,1728.16,1747.81,1713.29,1715.31,1016713,GOOGL
2023-07-25,1701.64,1708.0,1675.73,1693.99,1268549,GOOGL
2023-07-26,1728.52,1733.52,1713.88,1732.21,1133974,GOOGL
2023-07-27,1728.09,1742.09,1716.76,1728.68,1292695,GOOGL
2023-07-28,1702.8,1707.98,1695.03,1704.0,1521793,GOOGL
2023-07-29,1731.34,1736.86,1713.76,1726.08,1421538,GOOGL
2023-07-30,1713.42,1718.85,1693.16,1696.24,1216036,GOOGL
2023-07-31,1708.46,1713.0,1696.74,1700.05,664041,GOOGL
2023-08-01,1715.41,1715.77,1685.33,1702.53,814518,GOOGL
2023-08-02,1749.54,1752.38,1737.67,1744.31,1094971,GOOGL
2023-08-03,1761.8,1769.69,1753.96,1764.65,602891,GOOGL
2023-08-04,1762.69,1769.77,1759.33,1766.63,2144368,GOOGL
2023-08-05,1786.16,1806.91,1765.96,1800.01,1465407,GOOGL
2023-08-06,1859.92,1864.04,1852.8,1855.73,3154080,GOOGL
2023-08-07,1873.68,1882.31,1872.17,1880.62,2049363,GOOGL
2023-08-08,1883.8,1892.26,1875.43,1884.13,1507414,GOOGL
2023-08-09,1830.46,1845.49,1828.47,1835.14,1809967,GOOGL
2023-08-10,1799.94,1801.98,1788.78,1796.96,2482881,GOOGL
2023-08-11,1781.93,1795.49,1778.01,1788.37,1047101,GOOGL
2023-08-12,1772.6,1777.3,1756.7,1768.34,1504803,GOOGL
2023-08-13,1755.75,1780.51,1740.92,1764.29,1267076,GOOGL
2023-08-14,1751.72,1775.23,1733.56,1769.31,1418951,GOOGL
2023-08-15,1799.7,1814.56,1774.59,1791.99,1461603,GOOGL
2023-08-16,1789.19,1793.02,1783.02,1792.28,1522626,GOOGL
2023-08-17,1835.46,1843.52,1799.17,1813.62,2079026,GOOGL
2023-08-18,1818.22,1823.54,1817.71,1819.08,3122027,GOOGL
2023-08-19,1751.02,1755.83,1742.3,1746.33,1124496,GOOGL
2023-08-20,1708.97,1719.12,1707.63,1714.63,814483,GOOGL
2023-08-21,1694.68,1728.7,1678.26,1712.26,1047105,GOOGL
2023-08-22,1663.46,1677.75,1658.4,1671.42,2042943,GOOGL
2023-08-23,1702.21,1706.83,1690.21,1695.31,1240067,GOOGL
2023-08-24,1741.34,1763.02,1730.77,1752.82,656617,GOOGL
2023-08-25,1807.44,1828.93,1782.53,1800.75,1631794,GOOGL
2023-08-26,1791.21,1803.84,1779.27,1795.62,1089941,GOOGL
2023-08-27,1854.16,1870.06,1850.42,1855.02,1037778,GOOGL
2023-08-28,1869.73,1878.84,1840.82,1863.9,1153691,GOOGL
2023-08-29,1848.04,1857.36,1847.19,1853.73,852800,GOOGL
2023-08-30,1851.2,1866.93,1819.98,1832.82,1116037,GOOGL
2023-08-31,1841.55,1851.81,1810.21,1824.16,1762607,GOOGL
2023-09-01,1812.85,1833.9,1796.99,1812.24,3487536,GOOGL
2023-09-02,1815.24,1823.86,1802.65,1821.74,2966289,GOOGL
2023-09-03,1832.92,1836.77,1823.88,1830.92,573694,GOOGL
2023-09-04,1832.46,1835.32,1830.91,1834.06,1266437,GOOGL
2023-09-05,1860.34,1863.67,1846.9,1853.98,1945500,GOOGL
2023-09-06,1903.31,1907.71,1896.37,1903.58,2041854,GOOGL
2023-09-07,1943.96,1951.45,1940.96,1944.83,1045811,GOOGL
2023-09-08,1879.55,1898.59,1874.32,1887.16,943638,GOOGL
2023-09-09,1805.68,1809.3,1768.08,1788.67,2552718,GOOGL
2023-09-10,1815.36,1842.98,1793.6,1826.85,2256193,GOOGL
2023-09-11,1773.55,1778.54,1773.35,1777.23,889849,GOOGL
2023-09-12,1758.31,1776.29,1753.67,1771.74,1579047,GOOGL
2023-09-13,1725.21,1731.79,1720.33,1730.96,1411402,GOOGL
2023-09-14,1664.44,1675.57,1658.17,1668.06,1194470,GOOGL
2023-09-15,1672.03,1701.59,1665.11,1689.86,1839916,GOOGL
2023-09-16,1720.57,1721.43,1717.05,1719.69,1497206,GOOGL
2023-09-17,1692.98,1703.46,1689.88,1701.63,694354,GOOGL
2023-09-18,1610.39,1615.43,1606.66,1611.49,575863,GOOGL
2023-09-19,1593.13,1596.73,1592.49,1595.6,1983359,GOOGL
2023-09-20,1623.69,1633.82,1601.37,1611.41,905085,GOOGL
2023-09-21,1550.63,1578.44,1545.34,1563.83,1641086,GOOGL
2023-09-22,1577.83,1579.47,1566.64,1572.46,1361594,GOOGL
2023-09-23,1582.13,1584.3,1568.5,1574.55,3764982,GOOGL
2023-09-24,1603.46,1612.21,1590.4,1596.38,996243,GOOGL
2023-09-25,1601.3,1603.05,1600.95,1603.04,1551763,GOOGL
2023-09-26,1586.52,1594.66,1562.79,1572.8,1694642,GOOGL
2023-09-27,1634.2,1651.72,1609.23,1615.07,1097853,GOOGL
2023-09-28,1626.92,1630.23,1600.33,1612.34,1281394,GOOGL
2023-09-29,1605.71,1621.58,1591.13,1614.07,944513,GOOGL
2023-09-30,1585.42,1589.76,1575.01,1584.98,976196,GOOGL
2023-10-01,1579.66,1587.58,1571.11,1572.79,1084986,GOOGL
2023-10-02,1549.56,1553.87,1545.35,1546.05,1449747,GOOGL
2023-10-03,1538.54,1547.15,1534.1,1542.96,1835468,GOOGL
2023-10-04,1606.26,1611.64,1598.76,1601.19,596381,GOOGL
2023-10-05,1555.4,1558.11,1549.48,1557.52,1733646,GOOGL
2023-10-06,1507.2,1512.38,1502.09,1507.11,1396991,GOOGL
2023-10-07,1558.68,1567.11,1546.21,1556.35,1724810,GOOGL
2023-10-08,1553.03,1554.85,1548.68,1552.05,682480,GOOGL
2023-10-09,1533.39,1550.52,1516.03,1532.72,628702,GOOGL
2023-10-10,1553.61,1571.34,1542.78,1568.85,1004886,GOOGL
2023-10-11,1544.92,1554.64,1537.94,1551.41,713089,GOOGL
2023-10-12,1631.08,1645.04,1597.11,1613.69,886990,GOOGL
2023-10-13,1639.47,1644.16,1635.76,1639.42,973580,GOOGL
2023-10-14,1620.78,1628.52,1618.7,1625.27,2319628,GOOGL
2023-10-15,1714.34,1723.69,1695.9,1701.86,1594489,GOOGL
2023-10-16,1665.33,1702.03,1658.31,1682.94,1219519,GOOGL
2023-10-17,1720.49,1735.76,1695.12,1712.05,456378,GOOGL
2023-10-18,1725.35,1734.66,1719.04,1725.68,2494201,GOOGL
2023-10-19,1772.85,1787.37,1767.93,1775.89,366200,GOOGL
2023-10-20,1864.16,1876.58,1833.4,1837.28,767025,GOOGL
2023-10-21,1852.58,1857.19,1834.06,1841.55,1373106,GOOGL
2023-10-22,1821.77,1831.7,1811.89,1815.34,3159847,GOOGL
2023-10-23,1832.91,1842.18,1825.51,1835.94,1315375,GOOGL
2023-10-24,1796.5,1824.83,1791.6,1812.74,781415,GOOGL
2023-10-25,1911.07,1911.48,1876.01,1892.68,575027,GOOGL
2023-10-26,1894.19,1919.5,1881.76,1901.25,2242641,GOOGL
2023-10-27,1898.17,1899.07,1880.49,1889.75,741083,GOOGL
2023-10-28,1901.67,1903.83,1899.63,1900.23,2384085,GOOGL
2023-10-29,1846.44,1859.43,1835.06,1849.4,1336557,GOOGL
2023-10-30,1812.34,1814.94,1805.33,1814.57,1023745,GOOGL
2023-10-31,1855.41,1864.96,1849.9,1863.49,1252196,GOOGL
2023-11-01,1835.26,1855.54,1827.42,1840.76,1615293,GOOGL
2023-11-02,1798.83,1804.96,1797.94,1803.17,1248155,GOOGL
2023-11-03,1845.78,1863.74,1821.71,1826.55,358782,GOOGL
2023-11-04,1890.28,1890.42,1874.73,1875.22,1518617,GOOGL
2023-11-05,1905.57,1913.97,1897.2,1906.74,271602,GOOGL
2023-11-06,1960.34,1977.94,1936.86,1949.93,939848,GOOGL
2023-11-07,1921.7,1932.29,1902.77,1922.04,539182,GOOGL
2023-11-08,1863.38,1878.29,1860.25,1867.6,615764,GOOGL
2023-11-09,1935.05,1938.31,1927.34,1929.79,596296,GOOGL
2023-11-10,1920.38,1922.68,1917.69,1919.85,659004,GOOGL
2023-11-11,1916.6,1921.07,1912.53,1912.87,902026,GOOGL
2023-11-12,1976.53,1977.02,1963.62,1969.59,622824,GOOGL
2023-11-13,1994.26,2014.94,1982.35,1995.94,1047484,GOOGL
2023-11-14,2031.5,2043.66,2011.51,2018.42,636851,GOOGL
2023-11-15,2115.06,2117.85,2107.55,2113.87,195350,GOOGL
2023-11-16,2106.0,2133.73,2060.57,2088.69,374260,GOOGL
2023-11-17,2130.04,2143.82,2120.43,2132.99,523955,GOOGL
2023-11-18,2140.76,2143.29,2133.2,2139.07,551277,GOOGL
2023-11-19,2163.88,2166.78,2152.61,2154.72,487122,GOOGL
2023-11-20,2204.06,2234.9,2195.33,2227.71,578846,GOOGL
2023-11-21,2261.93,2267.74,2248.45,2255.23,945980,GOOGL
2023-11-22,2284.68,2303.6,2282.42,2284.55,744036,GOOGL
2023-11-23,2320.0,2342.29,2318.33,2339.98,1365559,GOOGL
2023-11-24,2322.31,2331.35,2320.64,2325.84,647139,GOOGL
2023-11-25,2283.05,2304.5,2277.51,2288.53,425610,GOOGL
2023-11-26,2235.34,2246.4,2234.31,2241.9,767444,GOOGL
2023-11-27,2150.29,2163.84,2139.82,2152.67,740555,GOOGL
2023-11-28,2232.92,2256.87,2215.31,2249.54,1172201,GOOGL
2023-11-29,2201.35,2205.6,2190.73,2200.93,590136,GOOGL
2023-11-30,2209.22,2219.13,2182.48,2194.3,1288141,GOOGL
2023-12-01,2194.19,2214.42,2174.58,2185.12,371119,GOOGL
2023-12-02,2195.07,2206.84,2184.46,2202.89,602198,GOOGL
2023-12-03,2258.12,2274.05,2238.62,2244.41,768708,GOOGL
2023-12-04,2293.49,2297.19,2279.53,2288.83,2438847,GOOGL
2023-12-05,2261.13,2265.42,2255.45,2264.47,1080671,GOOGL
2023-12-06,2249.39,2261.81,2247.98,2260.23,348744,GOOGL
2023-12-07,2308.34,2316.79,2274.21,2277.43,983687,GOOGL
2023-12-08,2248.86,2288.01,2242.59,2269.25,1620624,GOOGL
2023-12-09,2359.52,2373.28,2347.89,2349.89,549032,GOOGL
2023-12-10,2355.84,2397.15,2338.54,2378.09,849006,GOOGL
2023-12-11,2425.48,2429.01,2404.59,2418.86,2210324,GOOGL
2023-12-12,2458.75,2472.02,2442.58,2456.66,1805269,GOOGL
2023-12-13,2523.95,2533.83,2509.47,2521.49,506704,GOOGL
2023-12-14,2530.11,2537.07,2527.63,2535.27,520153,GOOGL
2023-12-15,2477.61,2505.41,2442.19,2470.15,1513074,GOOGL
2023-12-16,2496.68,2510.53,2481.11,2495.04,1287886,GOOGL
2023-12-17,2467.62,2473.06,2461.1,2464.9,389592,GOOGL
2023-12-18,2445.28,2464.37,2426.06,2441.5,983695,GOOGL
2023-12-19,2486.71,2497.4,2472.19,2475.71,1591438,GOOGL
2023-12-20,2540.34,2546.63,2537.08,2544.43,2693054,GOOGL
2023-12-21,2534.55,2566.15,2522.32,2549.77,447537,GOOGL
2023-12-22,2571.79,2574.36,2565.84,2570.58,507611,GOOGL
2023-12-23,2664.05,2671.6,2642.76,2667.07,1692181,GOOGL
2023-12-24,2681.77,2687.15,2671.25,2685.01,421060,GOOGL
2023-12-25,2847.45,2850.48,2833.32,2836.71,679957,GOOGL
2023-12-26,2872.65,2882.3,2848.73,2875.21,664911,GOOGL
2023-12-27,2788.5,2815.02,2767.22,2773.23,506106,GOOGL
2023-12-28,2814.72,2826.43,2812.05,2821.86,488558,GOOGL
2023-12-29,2860.86,2877.89,2838.65,2849.19,444490,GOOGL
2023-12-30,2909.45,2934.06,2887.77,2931.36,622610,GOOGL
2023-12-31,2999.75,3033.82,2940.78,2977.81,565104,GOOGL
2024-01-01,2973.9,2982.98,2960.83,2974.03,501384,GOOGL
2024-01-02,2881.9,2911.34,2873.89,2902.18,331730,GOOGL
2024-01-03,2909.67,2917.98,2893.67,2894.19,1712734,GOOGL
2024-01-04,2841.92,2878.88,2811.04,2847.07,953991,GOOGL
2024-01-05,2808.07,2824.25,2795.87,2816.93,853096,GOOGL
2024-01-06,2866.08,2889.7,2849.44,2856.53,1181738,GOOGL
2024-01-07,2946.88,2976.57,2937.35,2961.81,454474,GOOGL
2024-01-08,3014.16,3020.93,2984.38,2991.34,751441,GOOGL
2024-01-09,2925.39,2948.02,2920.83,2920.87,1590601,GOOGL
2024-01-10,2959.61,2959.65,2925.39,2953.07,1545783,GOOGL
2024-01-11,3031.33,3037.62,3022.4,3032.44,667687,GOOGL
2024-01-12,2979.39,3001.45,2969.1,2998.46,1166294,GOOGL
2024-01-13,2987.58,3004.96,2978.19,2994.94,738516,GOOGL
2024-01-14,2974.88,3010.84,2934.4,3000.82,1006621,GOOGL
2024-01-15,2950.29,2969.25,2928.52,2956.12,833723,GOOGL
2024-01-16,2976.6,3013.96,2975.93,3001.4,233205,GOOGL
2024-01-17,2976.66,3032.33,2963.3,2998.7,1814871,GOOGL
2024-01-18,3062.23,3096.26,3027.84,3030.18,1087414,GOOGL
2024-01-19,2983.42,2985.16,2977.35,2978.48,550470,GOOGL
2024-01-20,2979.63,2979.84,2934.4,2955.93,699237,GOOGL
2024-01-21,3004.25,3012.77,2998.88,3005.83,767054,GOOGL
2024-01-22,2981.73,3003.73,2979.91,2987.17,1266619,GOOGL
2024-01-23,3143.23,3168.05,3080.06,3100.85,1472166,GOOGL
2024-01-24,3078.13,3080.38,3075.82,3079.85,1433491,GOOGL
2024-01-25,3106.37,3133.72,3090.56,3099.52,1243965,GOOGL
2024-01-26,3172.53,3174.47,3158.94,3165.58,476018,GOOGL
2024-01-27,3097.33,3110.13,3051.54,3076.15,1206404,GOOGL
2024-01-28,2944.32,2974.42,2923.83,2967.04,1052228,GOOGL
2024-01-29,2891.82,2899.1,2871.3,2876.51,795997,GOOGL
2024-01-30,2966.68,2975.9,2951.28,2957.83,807481,GOOGL
2024-01-31,2923.1,2940.56,2912.81,2928.3,1357981,GOOGL
2024-02-01,3069.91,3102.0,3063.78,3091.06,1282152,GOOGL
2024-02-02,3058.58,3059.6,3048.56,3059.39,872497,GOOGL
2024-02-03,3069.51,3080.95,3068.05,3076.35,335428,GOOGL
2024-02-04,3172.83,3183.12,3152.19,3181.44,372114,GOOGL
2024-02-05,3301.29,3327.61,3298.98,3321.24,422925,GOOGL
2024-02-06,3463.26,3481.48,3446.62,3471.06,876706,GOOGL
2024-02-07,3580.9,3582.49,3560.6,3565.22,1121099,GOOGL
2024-02-08,3645.19,3668.23,3640.17,3648.07,1307613,GOOGL
2020-01-01,150.8,151.69,149.48,150.04,1137348,MSFT
2020-01-02,152.7,153.1,151.57,152.01,639678,MSFT
2020-01-03,152.12,153.53,151.26,151.84,839953,MSFT
2020-01-04,155.21,155.66,153.93,154.35,782480,MSFT
2020-01-05,160.69,162.49,159.89,159.95,1581651,MSFT
2020-01-06,158.81,161.46,157.01,159.42,843765,MSFT
2020-01-07,158.2,159.28,158.15,158.89,1340223,MSFT
2020-01-08,165.93,166.17,162.95,164.86,2874510,MSFT
2020-01-09,168.64,169.05,168.01,168.04,1992071,MSFT
2020-01-10,166.0,166.67,165.36,166.59,856428,MSFT
2020-01-11,168.87,169.4,168.27,168.95,903206,MSFT
2020-01-12,167.9,168.33,166.92,167.52,1357683,MSFT
2020-01-13,166.79,167.83,164.86,166.09,472556,MSFT
2020-01-14,166.55,167.41,165.88,167.32,711919,MSFT
2020-01-15,160.22,160.95,159.55,160.43,1410764,MSFT
2020-01-16,155.2,156.18,154.31,154.51,1042732,MSFT
2020-01-17,151.96,153.59,151.2,152.85,2938191,MSFT
2020-01-18,149.88,150.47,148.97,149.66,824585,MSFT
2020-01-19,152.74,152.9,149.25,151.01,669612,MSFT
2020-01-20,148.1,149.26,146.38,148.22,728668,MSFT
2020-01-21,142.2,144.81,140.61,143.79,1151531,MSFT
2020-01-22,149.6,150.57,148.09,148.82,1061143,MSFT
2020-01-23,149.24,150.66,147.73,148.36,3527248,MSFT
2020-01-24,148.49,149.14,148.43,148.87,952411,MSFT
2020-01-25,143.61,146.32,142.71,144.38,1201255,MSFT
2020-01-26,141.99,142.91,141.35,142.89,1828441,MSFT
2020-01-27,142.38,143.66,141.23,143.53,1119062,MSFT
2020-01-28,139.33,141.12,139.16,140.09,1567171,MSFT
2020-01-29,141.27,142.41,141.01,141.55,1453227,MSFT
2020-01-30,139.6,140.56,139.33,139.91,1821532,MSFT
2020-01-31,139.87,140.33,138.8,139.26,595563,MSFT
2020-02-01,137.6,138.47,137.04,137.65,1811414,MSFT
2020-02-02,143.23,144.74,142.67,143.66,1133607,MSFT
2020-02-03,144.15,144.42,143.43,143.9,1339599,MSFT
2020-02-04,142.06,143.04,139.53,140.75,1009604,MSFT
2020-02-05,144.23,144.94,143.18,143.64,2819012,MSFT
2020-02-06,140.2,140.62,139.7,139.97,443601,MSFT
2020-02-07,139.1,142.19,138.12,140.9,2494469,MSFT
2020-02-08,136.15,137.1,134.09,134.95,885583,MSFT
2020-02-09,130.84,131.89,130.63,131.17,2680308,MSFT
2020-02-10,133.81,134.81,131.72,132.01,2305635,MSFT
2020-02-11,134.01,135.49,133.91,134.47,2086350,MSFT
2020-02-12,135.45,135.98,134.98,135.25,1906032,MSFT
2020-02-13,134.21,136.49,134.17,135.17,3923583,MSFT
2020-02-14,134.88,135.61,134.33,134.51,940958,MSFT
2020-02-15,129.37,130.37,128.41,130.29,949909,MSFT
2020-02-16,128.45,128.74,128.24,128.43,917396,MSFT
2020-02-17,127.48,128.56,126.48,127.35,2027192,MSFT
2020-02-18,131.09,132.67,129.99,130.64,668113,MSFT
2020-02-19,132.23,132.33,131.62,131.9,2125342,MSFT
2020-02-20,127.41,128.16,126.81,126.92,1111882,MSFT
2020-02-21,128.0,128.24,127.02,128.1,754426,MSFT
2020-02-22,127.97,128.42,126.46,127.23,751939,MSFT
2020-02-23,125.79,126.69,125.44,125.54,866594,MSFT
2020-02-24,128.38,129.34,126.97,127.52,614799,MSFT
2020-02-25,130.81,131.53,130.23,130.73,1673375,MSFT
2020-02-26,134.82,135.5,133.01,133.73,1983271,MSFT
2020-02-27,131.54,131.82,130.94,131.47,2094092,MSFT
2020-02-28,129.48,131.47,128.81,130.81,948692,MSFT
2020-02-29,132.41,132.85,131.41,132.04,1514646,MSFT
2020-03-01,134.58,135.58,134.14,135.2,1302547,MSFT
2020-03-02,135.65,137.3,132.51,134.01,1836466,MSFT
2020-03-03,134.01,134.88,132.91,133.71,1623726,MSFT
2020-03-04,130.33,131.29,130.07,130.64,1360026,MSFT
2020-03-05,127.58,127.96,127.07,127.37,513308,MSFT
2020-03-06,130.48,131.35,129.73,129.95,1195766,MSFT
2020-03-07,133.81,135.37,132.62,134.18,1373218,MSFT
2020-03-08,134.34,134.63,133.12,134.22,917438,MSFT
2020-03-09,135.83,137.6,135.61,137.52,1134263,MSFT
2020-03-10,137.18,139.49,136.13,138.91,677172,MSFT
2020-03-11,136.78,137.64,135.33,137.17,1103293,MSFT
2020-03-12,137.79,138.72,137.26,138.55,1666478,MSFT
2020-03-13,143.87,144.65,143.47,143.63,3673303,MSFT
2020-03-14,143.84,144.49,143.23,143.79,777904,MSFT
2020-03-15,149.34,150.11,148.3,149.15,1273430,MSFT
2020-03-16,142.11,143.7,139.57,140.63,795586,MSFT
2020-03-17,142.74,144.69,142.37,143.51,1226287,MSFT
2020-03-18,144.46,145.17,143.87,144.07,1146235,MSFT
2020-03-19,144.48,144.68,142.45,143.38,1940080,MSFT
2020-03-20,143.47,143.98,143.09,143.96,2077441,MSFT
2020-03-21,137.59,138.61,137.3,137.79,1381459,MSFT
2020-03-22,136.85,137.48,136.05,137.38,1199613,MSFT
2020-03-23,138.78,139.58,138.72,138.76,2292987,MSFT
2020-03-24,143.12,144.48,142.23,143.65,1382308,MSFT
2020-03-25,141.54,142.9,139.99,142.25,2689028,MSFT
2020-03-26,139.38,141.2,138.24,139.94,554829,MSFT
2020-03-27,137.23,139.25,135.96,138.63,3051807,MSFT
2020-03-28,141.79,141.96,141.49,141.76,916288,MSFT
2020-03-29,144.51,145.14,142.51,143.09,722379,MSFT
2020-03-30,141.23,141.79,141.07,141.66,1211719,MSFT
2020-03-31,143.88,144.58,143.02,143.58,689943,MSFT
2020-04-01,143.19,144.79,142.42,144.18,1634492,MSFT
2020-04-02,148.19,148.81,146.63,147.61,971965,MSFT
2020-04-03,144.44,145.88,143.56,145.56,1408406,MSFT
2020-04-04,143.43,146.48,142.95,144.77,745184,MSFT
2020-04-05,144.98,146.17,143.4,143.77,1082166,MSFT
2020-04-06,138.97,140.46,137.33,139.31,1263844,MSFT
2020-04-07,142.01,143.61,139.44,140.51,1090769,MSFT
2020-04-08,142.89,144.56,139.81,141.62,2643582,MSFT
2020-04-09,141.1,142.79,139.43,141.91,1591018,MSFT
2020-04-10,141.1,141.76,140.36,141.44,1307764,MSFT
2020-04-11,137.88,138.34,137.1,137.2,464456,MSFT
2020-04-12,136.44,137.76,135.79,136.17,1412328,MSFT
2020-04-13,134.04,136.77,133.27,135.38,2157327,MSFT
2020-04-14,133.97,134.08,132.84,133.2,819019,MSFT
2020-04-15,133.15,133.84,132.42,132.98,1041419,MSFT
2020-04-16,133.51,134.53,132.73,134.45,251881,MSFT
2020-04-17,140.23,140.54,138.2,140.43,609851,MSFT
2020-04-18,141.64,142.11,140.82,141.26,398656,MSFT
2020-04-19,143.43,144.49,141.62,142.35,1183419,MSFT
2020-04-20,143.54,145.43,142.2,142.39,1035732,MSFT
2020-04-21,137.57,137.59,135.68,136.51,1052421,MSFT
2020-04-22,136.65,137.92,136.34,136.7,886210,MSFT
2020-04-23,136.3,138.65,135.48,137.15,1823615,MSFT
2020-04-24,145.39,145.62,144.86,145.04,587623,MSFT
2020-04-25,145.83,147.14,143.47,144.69,1041912,MSFT
2020-04-26,144.96,147.02,143.78,145.96,1447170,MSFT
2020-04-27,144.57,146.32,143.61,146.13,975237,MSFT
2020-04-28,143.7,143.98,141.24,142.57,1012423,MSFT
2020-04-29,146.78,147.02,146.4,146.52,696451,MSFT
2020-04-30,149.56,149.99,149.14,149.29,883607,MSFT
2020-05-01,152.31,153.51,151.92,152.24,1485571,MSFT
2020-05-02,149.33,149.69,148.78,149.42,375199,MSFT
2020-05-03,155.43,156.76,153.64,154.44,944742,MSFT
2020-05-04,149.07,149.89,148.74,149.86,757854,MSFT
2020-05-05,151.95,152.32,151.86,152.14,972678,MSFT
2020-05-06,158.45,159.96,158.1,159.95,2426841,MSFT
2020-05-07,156.31,157.58,154.98,156.69,793880,MSFT
2020-05-08,153.78,156.38,153.29,155.0,2074293,MSFT
2020-05-09,155.13,156.88,154.78,155.65,1694656,MSFT
2020-05-10,154.06,154.19,153.77,154.19,984740,MSFT
2020-05-11,148.4,149.16,148.34,149.1,1005551,MSFT
2020-05-12,150.33,151.03,149.39,149.62,1045896,MSFT
2020-05-13,146.62,147.54,144.88,146.33,627453,MSFT
2020-05-14,147.81,148.59,146.89,148.18,1286770,MSFT
2020-05-15,144.84,145.62,144.82,145.4,686988,MSFT
2020-05-16,150.29,151.15,149.16,150.76,942669,MSFT
2020-05-17,148.82,149.26,147.42,148.4,306442,MSFT
2020-05-18,147.8,147.87,147.46,147.61,592014,MSFT
2020-05-19,151.49,152.38,150.0,150.61,1181903,MSFT
2020-05-20,146.85,147.37,146.61,146.72,511712,MSFT
2020-05-21,149.07,150.44,146.87,147.76,1052212,MSFT
2020-05-22,150.86,152.78,149.09,152.41,685563,MSFT
2020-05-23,147.7,148.34,146.51,147.18,1438191,MSFT
2020-05-24,148.32,150.07,146.87,148.08,1631533,MSFT
2020-05-25,147.71,150.13,147.12,149.24,943301,MSFT
2020-05-26,150.16,153.09,149.35,152.16,850180,MSFT
2020-05-27,148.74,149.8,147.98,148.22,867360,MSFT
2020-05-28,144.87,145.39,142.87,144.1,834572,MSFT
2020-05-29,146.02,146.38,145.58,146.08,1519192,MSFT
2020-05-30,147.95,148.12,146.3,147.34,2907552,MSFT
2020-05-31,148.64,149.1,148.09,148.46,423478,MSFT
2020-06-01,150.49,150.7,149.59,149.91,489691,MSFT
2020-06-02,149.33,151.22,145.92,147.91,1607215,MSFT
2020-06-03,149.01,149.09,148.27,148.97,455952,MSFT
2020-06-04,150.69,151.36,149.42,150.25,403616,MSFT
2020-06-05,148.16,148.43,148.0,148.12,2292091,MSFT
2020-06-06,155.11,155.27,154.47,154.64,689222,MSFT
2020-06-07,156.37,157.05,155.72,156.6,692921,MSFT
2020-06-08,152.49,153.4,152.29,152.7,604853,MSFT
2020-06-09,155.36,155.85,154.83,155.26,1036513,MSFT
2020-06-10,152.05,153.84,151.18,152.15,437065,MSFT
2020-06-11,153.98,156.69,152.4,155.15,1858749,MSFT
2020-06-12,161.7,163.73,157.72,159.5,1108732,MSFT
2020-06-13,157.23,158.64,156.56,156.86,737078,MSFT
2020-06-14,160.47,161.19,159.87,160.58,570808,MSFT
2020-06-15,162.29,162.92,161.34,162.39,789595,MSFT
2020-06-16,167.34,167.76,164.33,165.71,1253936,MSFT
2020-06-17,171.3,174.26,169.33,173.12,2739775,MSFT
2020-06-18,174.29,174.64,171.09,172.51,1566092,MSFT
2020-06-19,170.43,170.53,169.71,169.91,1216398,MSFT
2020-06-20,167.07,167.18,166.63,166.84,745585,MSFT
2020-06-21,163.45,164.73,162.85,164.1,1345548,MSFT
2020-06-22,164.31,164.72,163.9,164.13,608486,MSFT
2020-06-23,166.78,167.34,164.69,165.72,850834,MSFT
2020-06-24,168.02,169.02,166.55,167.07,1289417,MSFT
2020-06-25,169.8,171.0,169.42,170.52,969265,MSFT
2020-06-26,170.36,170.96,170.0,170.9,511626,MSFT
2020-06-27,177.0,178.4,176.31,176.84,330492,MSFT
2020-06-28,176.27,176.79,176.07,176.13,911411,MSFT
2020-06-29,187.62,187.68,187.03,187.27,756790,MSFT
2020-06-30,190.08,190.71,188.76,190.28,1123873,MSFT
2020-07-01,188.89,190.78,186.7,186.98,725248,MSFT
2020-07-02,181.98,184.04,181.37,182.83,581763,MSFT
2020-07-03,184.69,185.24,184.68,185.18,1189605,MSFT
2020-07-04,184.71,185.66,183.71,184.61,1154432,MSFT
2020-07-05,186.15,189.23,186.14,187.94,244125,MSFT
2020-07-06,189.84,191.09,188.84,190.31,327685,MSFT
2020-07-07,191.02,191.25,189.5,190.37,747049,MSFT
2020-07-08,187.55,188.2,185.7,187.11,677535,MSFT
2020-07-09,180.76,181.28,180.47,181.09,637606,MSFT
2020-07-10,180.03,180.3,178.21,179.62,1057411,MSFT
2020-07-11,184.1,185.22,182.92,183.44,1919897,MSFT
2020-07-12,184.78,184.79,184.46,184.68,418837,MSFT
2020-07-13,179.17,180.0,178.32,179.86,679014,MSFT
2020-07-14,180.5,182.55,180.29,180.91,694481,MSFT
2020-07-15,183.64,184.72,182.42,182.84,780720,MSFT
2020-07-16,179.11,180.08,179.09,179.55,382880,MSFT
2020-07-17,182.15,182.17,180.29,180.53,893800,MSFT
2020-07-18,182.21,182.31,180.83,181.12,722412,MSFT
2020-07-19,178.11,179.72,176.23,176.81,1971246,MSFT
2020-07-20,176.9,179.65,175.04,178.58,864669,MSFT
2020-07-21,180.84,182.96,179.23,181.19,504157,MSFT
2020-07-22,184.78,187.83,184.02,185.97,339685,MSFT
2020-07-23,191.13,191.53,189.89,190.75,686291,MSFT
2020-07-24,185.58,186.37,184.89,185.2,497380,MSFT
2020-07-25,180.7,182.44,180.47,181.64,587848,MSFT
2020-07-26,185.16,186.37,183.71,184.11,867375,MSFT
2020-07-27,185.79,187.68,184.03,186.6,824442,MSFT
2020-07-28,187.63,190.31,187.14,189.13,811516,MSFT
2020-07-29,204.84,206.27,203.74,205.93,1484808,MSFT
2020-07-30,211.32,212.47,206.56,208.99,912361,MSFT
2020-07-31,214.71,215.33,214.06,214.74,2904837,MSFT
2020-08-01,218.57,220.62,217.45,219.78,815314,MSFT
2020-08-02,224.43,226.45,220.58,223.44,617171,MSFT
2020-08-03,222.35,222.35,221.95,222.29,359927,MSFT
2020-08-04,226.48,226.78,226.4,226.53,396739,MSFT
2020-08-05,223.81,224.26,222.3,223.03,1212016,MSFT
2020-08-06,221.36,223.13,220.22,222.27,1072142,MSFT
2020-08-07,222.91,225.0,217.95,220.28,745871,MSFT
2020-08-08,219.67,223.0,218.27,221.11,701906,MSFT
2020-08-09,233.59,233.99,232.62,233.08,507197,MSFT
2020-08-10,223.65,224.14,223.26,223.73,732417,MSFT
2020-08-11,227.21,227.82,226.95,227.63,852541,MSFT
2020-08-12,220.8,220.83,218.77,219.8,294324,MSFT
2020-08-13,217.37,218.19,216.82,217.89,1168259,MSFT
2020-08-14,225.19,225.6,222.5,223.67,297165,MSFT
2020-08-15,225.91,228.51,223.02,224.43,976254,MSFT
2020-08-16,217.41,220.8,217.22,219.42,812637,MSFT
2020-08-17,216.64,219.07,215.5,216.31,968882,MSFT
2020-08-18,220.07,220.72,218.69,220.05,609959,MSFT
2020-08-19,218.95,219.56,215.38,216.85,1982225,MSFT
2020-08-20,217.77,219.05,217.73,218.34,1226510,MSFT
2020-08-21,219.73,220.53,218.59,218.99,1185928,MSFT
2020-08-22,218.2,218.42,215.9,216.2,795392,MSFT
2020-08-23,225.55,227.82,223.85,227.07,844242,MSFT
2020-08-24,231.65,231.7,229.22,230.76,1375683,MSFT
2020-08-25,220.85,222.44,218.64,220.68,1707547,MSFT
2020-08-26,222.02,222.17,221.41,222.04,1807287,MSFT
2020-08-27,219.49,219.72,218.88,219.16,883717,MSFT
2020-08-28,223.76,224.03,222.81,223.8,937786,MSFT
2020-08-29,220.38,221.33,219.79,220.24,1084150,MSFT
2020-08-30,220.0,221.36,219.62,220.11,812368,MSFT
2020-08-31,221.65,224.01,220.78,223.04,654606,MSFT
2020-09-01,228.52,230.5,225.39,227.83,1022188,MSFT
2020-09-02,221.67,222.73,221.15,222.11,1201007,MSFT
2020-09-03,219.78,222.12,219.32,220.87,1241237,MSFT
2020-09-04,218.84,219.21,218.25,218.94,927015,MSFT
2020-09-05,217.69,219.99,214.11,216.15,698133,MSFT
2020-09-06,224.66,225.24,224.18,225.17,1254778,MSFT
2020-09-07,227.82,228.16,226.84,227.67,1203738,MSFT
2020-09-08,221.3,221.94,220.31,221.64,626860,MSFT
2020-09-09,225.12,226.83,223.66,226.66,1607073,MSFT
2020-09-10,239.3,239.48,235.94,237.95,1473095,MSFT
2020-09-11,245.2,246.4,243.04,243.96,993928,MSFT
2020-09-12,238.77,240.46,234.62,236.08,546102,MSFT
2020-09-13,233.68,234.01,232.05,233.96,561223,MSFT
2020-09-14,241.46,242.24,240.67,241.1,1288980,MSFT
2020-09-15,236.86,238.96,236.61,237.73,803337,MSFT
2020-09-16,241.01,241.61,240.22,240.57,917346,MSFT
2020-09-17,245.08,248.51,242.36,245.25,602480,MSFT
2020-09-18,241.6,242.39,239.48,240.6,1610029,MSFT
2020-09-19,241.94,242.61,239.13,240.75,417079,MSFT
2020-09-20,223.55,223.88,222.54,223.63,1055785,MSFT
2020-09-21,218.28,219.52,218.26,218.9,1299956,MSFT
2020-09-22,219.83,221.43,216.27,218.09,1487684,MSFT
2020-09-23,212.52,212.89,212.0,212.38,1403266,MSFT
2020-09-24,221.47,222.11,220.48,220.61,603044,MSFT
2020-09-25,212.67,215.68,211.63,213.93,908445,MSFT
2020-09-26,211.92,213.69,211.87,212.23,774204,MSFT
2020-09-27,214.68,216.29,210.96,213.27,628961,MSFT
2020-09-28,220.74,221.6,217.83,220.62,471486,MSFT
2020-09-29,214.44,215.4,213.73,213.91,1452610,MSFT
2020-09-30,219.72,220.22,219.11,219.94,2074160,MSFT
2020-10-01,221.46,222.81,219.56,220.42,869036,MSFT
2020-10-02,214.76,216.27,213.0,215.97,1705893,MSFT
2020-10-03,217.9,219.22,217.38,218.64,1528752,MSFT
2020-10-04,219.24,220.73,218.4,220.05,747719,MSFT
2020-10-05,216.97,217.66,216.6,217.51,1115430,MSFT
2020-10-06,218.28,218.89,218.25,218.28,1211969,MSFT
2020-10-07,215.81,217.12,215.06,216.81,1726183,MSFT
2020-10-08,216.69,218.68,216.14,217.79,1266089,MSFT
2020-10-09,221.37,221.53,220.81,221.46,503704,MSFT
2020-10-10,228.69,231.31,227.91,229.82,3021126,MSFT
2020-10-11,223.44,225.58,221.73,223.85,1475580,MSFT
2020-10-12,235.22,237.64,232.54,235.06,742056,MSFT
2020-10-13,225.59,226.33,224.78,225.17,567910,MSFT
2020-10-14,224.36,225.63,224.1,224.84,795418,MSFT
2020-10-15,227.48,229.7,226.71,228.27,1036050,MSFT
2020-10-16,230.22,230.37,229.52,230.16,882344,MSFT
2020-10-17,229.63,232.1,225.04,227.38,980538,MSFT
2020-10-18,228.68,228.93,224.06,226.76,749535,MSFT
2020-10-19,222.74,224.87,219.7,224.68,1652823,MSFT
2020-10-20,220.85,223.06,219.83,222.14,743582,MSFT
2020-10-21,228.24,229.74,225.86,226.83,1649377,MSFT
2020-10-22,230.63,232.44,227.32,229.1,1774050,MSFT
2020-10-23,227.93,230.0,225.14,225.97,597367,MSFT
2020-10-24,231.84,231.86,228.2,230.99,1003052,MSFT
2020-10-25,232.9,234.63,232.22,233.04,2006453,MSFT
2020-10-26,241.02,242.4,235.44,237.77,1381253,MSFT
2020-10-27,240.97,243.74,240.2,241.61,1972778,MSFT
2020-10-28,238.12,238.5,237.17,237.57,2203843,MSFT
2020-10-29,234.8,237.01,233.45,235.03,731113,MSFT
2020-10-30,239.61,240.36,237.92,239.45,1034528,MSFT
2020-10-31,242.33,243.23,242.01,243.22,1489380,MSFT
2020-11-01,242.76,246.21,241.8,243.58,1120051,MSFT
2020-11-02,242.18,245.94,240.58,244.7,1524478,MSFT
2020-11-03,251.3,252.97,251.2,252.23,2688187,MSFT
2020-11-04,245.9,252.4,244.66,249.36,1169148,MSFT
2020-11-05,255.22,257.18,251.02,252.92,1442297,MSFT
2020-11-06,251.6,252.52,251.3,252.27,1213951,MSFT
2020-11-07,254.61,257.39,249.92,251.52,462652,MSFT
2020-11-08,258.77,259.17,258.03,258.24,851011,MSFT
2020-11-09,264.1,264.88,263.17,263.56,1162713,MSFT
2020-11-10,269.67,271.57,268.22,268.9,1027638,MSFT
2020-11-11,273.99,280.25,271.02,277.34,1923588,MSFT
2020-11-12,275.16,279.49,271.84,278.02,2218922,MSFT
2020-11-13,281.28,283.34,280.58,282.84,913224,MSFT
2020-11-14,283.13,283.68,280.92,281.41,2202110,MSFT
2020-11-15,283.49,284.25,282.52,284.02,992759,MSFT
2020-11-16,284.86,285.56,282.39,283.74,1500445,MSFT
2020-11-17,284.32,285.49,283.99,284.92,1057175,MSFT
2020-11-18,290.16,291.04,288.86,289.3,656065,MSFT
2020-11-19,284.1,286.33,283.62,284.53,869291,MSFT
2020-11-20,298.16,299.53,297.43,298.51,562227,MSFT
2020-11-21,290.62,293.88,288.83,292.33,1922635,MSFT
2020-11-22,285.27,285.3,284.8,284.9,2528289,MSFT
2020-11-23,295.28,296.36,291.01,292.89,2015577,MSFT
2020-11-24,296.48,302.1,294.87,298.69,1095553,MSFT
2020-11-25,302.47,305.53,302.09,303.48,1812859,MSFT
2020-11-26,309.66,311.26,306.14,308.37,480099,MSFT
2020-11-27,309.21,310.35,308.0,308.89,2128830,MSFT
2020-11-28,306.83,309.39,299.74,303.25,3211533,MSFT
2020-11-29,305.31,305.41,303.67,304.36,1770245,MSFT
2020-11-30,300.46,302.01,298.76,300.31,981309,MSFT
2020-12-01,311.06,312.5,304.6,307.5,1915817,MSFT
2020-12-02,303.19,308.08,301.67,307.08,1294602,MSFT
2020-12-03,302.9,304.14,299.67,301.97,745456,MSFT
2020-12-04,300.06,303.64,299.83,300.38,634040,MSFT
2020-12-05,306.0,309.0,300.64,303.76,1110294,MSFT
2020-12-06,301.86,305.57,297.65,300.5,1256762,MSFT
2020-12-07,294.91,296.17,294.3,295.51,340940,MSFT
2020-12-08,296.07,300.14,293.31,297.72,5288172,MSFT
2020-12-09,301.26,301.48,299.07,299.94,984270,MSFT
2020-12-10,298.71,300.82,295.46,297.1,2341370,MSFT
2020-12-11,295.92,297.84,292.41,294.53,1234985,MSFT
2020-12-12,297.26,297.48,296.45,296.65,2288885,MSFT
2020-12-13,288.08,289.07,287.1,287.55,3662408,MSFT
2020-12-14,279.27,279.55,278.76,278.99,915327,MSFT
2020-12-15,273.46,275.8,272.88,275.01,1008698,MSFT
2020-12-16,273.0,275.32,271.35,274.23,1604871,MSFT
2020-12-17,276.6,277.75,275.71,276.69,1935849,MSFT
2020-12-18,287.12,288.7,285.04,286.43,1315571,MSFT
2020-12-19,292.58,293.21,292.19,292.53,1082146,MSFT
2020-12-20,292.24,294.0,291.22,292.05,580165,MSFT
2020-12-21,292.53,294.08,290.96,292.5,1214750,MSFT
2020-12-22,285.5,288.48,285.28,286.46,690953,MSFT
2020-12-23,287.51,289.97,285.33,286.9,1151054,MSFT
2020-12-24,284.09,288.55,283.35,285.6,2095930,MSFT
2020-12-25,288.5,289.23,287.94,288.23,1377358,MSFT
2020-12-26,283.61,284.25,282.96,283.42,1345263,MSFT
2020-12-27,287.26,288.44,285.85,287.3,517110,MSFT
2020-12-28,300.72,303.91,297.35,297.79,1418859,MSFT
2020-12-29,300.82,301.65,296.7,297.64,848486,MSFT
2020-12-30,300.92,302.59,300.19,300.92,416694,MSFT
2020-12-31,308.98,311.87,305.28,306.19,2122470,MSFT
2021-01-01,303.58,304.77,302.73,304.02,958034,MSFT
2021-01-02,306.95,308.9,303.98,306.15,1102834,MSFT
2021-01-03,305.16,309.3,303.63,306.84,1359840,MSFT
2021-01-04,307.66,308.79,307.61,308.11,2001431,MSFT
2021-01-05,303.04,306.27,300.56,303.35,726354,MSFT
2021-01-06,305.4,306.98,301.13,304.11,2181092,MSFT
2021-01-07,305.69,308.65,303.82,308.12,1021481,MSFT
2021-01-08,318.9,321.32,317.71,318.8,693692,MSFT
2021-01-09,324.65,326.35,322.46,326.32,1087803,MSFT
2021-01-10,343.34,344.56,342.48,342.8,743555,MSFT
2021-01-11,336.12,338.6,334.3,337.54,963997,MSFT
2021-01-12,347.17,349.68,342.93,344.84,2138100,MSFT
2021-01-13,344.29,348.87,342.53,346.94,388450,MSFT
2021-01-14,363.87,367.15,362.53,364.75,1025598,MSFT
2021-01-15,358.38,359.28,357.4,358.81,976698,MSFT
2021-01-16,349.69,355.39,349.17,352.72,834886,MSFT
2021-01-17,347.6,349.91,347.44,348.65,768430,MSFT
2021-01-18,330.42,334.1,329.42,332.64,1352823,MSFT
2021-01-19,328.72,329.91,328.21,329.35,705542,MSFT
2021-01-20,324.15,326.22,323.58,324.36,222943,MSFT
2021-01-21,324.42,326.19,323.95,326.09,442141,MSFT
2021-01-22,328.87,330.44,327.16,329.24,799282,MSFT
2021-01-23,345.75,350.09,341.5,343.81,1456126,MSFT
2021-01-24,353.99,354.99,351.18,351.85,1212117,MSFT
2021-01-25,348.25,349.91,345.67,347.97,309774,MSFT
2021-01-26,337.94,341.68,334.45,341.6,1192899,MSFT
2021-01-27,345.74,346.35,345.33,346.06,946977,MSFT
2021-01-28,332.16,341.08,330.04,336.44,683852,MSFT
2021-01-29,350.31,351.13,350.23,350.99,684554,MSFT
2021-01-30,361.18,364.03,360.22,361.01,1174931,MSFT
2021-01-31,357.92,359.03,356.69,357.89,1006291,MSFT
2021-02-01,345.98,347.08,344.57,344.77,520760,MSFT
2021-02-02,357.14,359.32,352.2,355.97,496905,MSFT
2021-02-03,356.4,356.66,354.89,355.75,898300,MSFT
2021-02-04,366.9,369.73,366.35,366.37,2129926,MSFT
2021-02-05,352.37,354.8,352.07,353.92,1415460,MSFT
2021-02-06,349.85,349.88,349.61,349.83,1118494,MSFT
2021-02-07,351.0,351.76,349.63,350.56,483720,MSFT
2021-02-08,352.84,353.96,349.03,351.62,544852,MSFT
2021-02-09,351.43,353.0,346.4,348.74,1131379,MSFT
2021-02-10,353.56,355.11,352.75,354.32,1204003,MSFT
2021-02-11,346.65,346.91,344.98,346.49,534847,MSFT
2021-02-12,347.17,347.37,344.67,346.05,731799,MSFT
2021-02-13,347.55,348.88,347.42,347.67,519837,MSFT
2021-02-14,350.27,356.13,346.74,352.38,587542,MSFT
2021-02-15,361.74,364.03,355.82,358.73,1289709,MSFT
2021-02-16,352.41,354.1,348.42,350.33,672645,MSFT
2021-02-17,338.92,342.13,335.88,338.9,483875,MSFT
2021-02-18,347.68,354.06,347.23,349.33,364288,MSFT
2021-02-19,351.99,354.31,350.73,352.63,706944,MSFT
2021-02-20,345.91,348.31,345.13,347.37,647865,MSFT
2021-02-21,361.77,366.22,359.26,360.2,1548816,MSFT
2021-02-22,362.54,365.5,358.95,361.84,488332,MSFT
2021-02-23,370.33,372.4,369.59,372.17,460900,MSFT
2021-02-24,370.61,375.46,370.2,373.47,1012553,MSFT
2021-02-25,391.42,391.81,391.12,391.55,821328,MSFT
2021-02-26,405.87,409.07,403.36,407.81,730864,MSFT
2021-02-27,407.6,407.91,402.67,406.32,790885,MSFT
2021-02-28,411.7,418.1,408.61,416.01,576695,MSFT
2021-03-01,423.02,424.23,422.74,422.88,751634,MSFT
2021-03-02,440.27,443.35,433.12,436.76,1055626,MSFT
2021-03-03,428.71,429.84,427.8,428.11,409827,MSFT
2021-03-04,436.13,437.59,433.18,435.57,1115186,MSFT
2021-03-05,447.24,451.47,441.9,446.82,1216913,MSFT
2021-03-06,428.52,430.97,428.52,429.98,548443,MSFT
2021-03-07,417.66,419.54,416.98,419.35,3018957,MSFT
2021-03-08,400.5,400.93,397.72,400.89,1817397,MSFT
2021-03-09,399.68,400.74,399.05,399.24,301238,MSFT
2021-03-10,405.76,407.84,405.61,406.48,1173104,MSFT
2021-03-11,418.99,422.35,418.88,421.05,1024463,MSFT
2021-03-12,425.34,427.99,418.46,422.57,408807,MSFT
2021-03-13,441.18,446.57,435.32,438.92,907490,MSFT
2021-03-14,429.2,431.93,422.69,426.12,553918,MSFT
2021-03-15,408.35,412.06,406.68,410.59,1096110,MSFT
2021-03-16,414.07,414.8,409.03,410.88,430790,MSFT
2021-03-17,419.34,422.71,410.59,415.25,426779,MSFT
2021-03-18,414.54,416.53,410.58,415.75,1799303,MSFT
2021-03-19,393.62,397.4,391.11,397.19,714109,MSFT
2021-03-20,394.42,399.89,389.9,397.17,1033073,MSFT
2021-03-21,386.25,387.85,385.72,386.27,1149754,MSFT
2021-03-22,394.7,396.18,391.24,392.86,657518,MSFT
2021-03-23,397.12,398.96,392.86,396.87,570848,MSFT
2021-03-24,391.37,392.91,387.08,389.24,909781,MSFT
2021-03-25,387.34,387.69,384.91,385.5,1726577,MSFT
2021-03-26,379.24,380.2,374.51,377.05,765923,MSFT
2021-03-27,372.41,378.98,369.74,377.25,878743,MSFT
2021-03-28,384.42,386.37,382.29,386.11,649299,MSFT
2021-03-29,378.85,380.29,377.68,378.29,848982,MSFT
2021-03-30,385.71,389.03,380.23,383.33,558098,MSFT
2021-03-31,375.33,380.85,371.32,379.5,864249,MSFT
2021-04-01,374.24,377.11,371.64,373.46,1183760,MSFT
2021-04-02,371.41,373.36,368.44,373.29,1487984,MSFT
2021-04-03,364.35,367.36,364.06,365.31,1166648,MSFT
2021-04-04,360.02,361.67,360.0,361.47,921362,MSFT
2021-04-05,355.11,356.06,349.01,352.41,1975884,MSFT
2021-04-06,366.82,370.43,366.29,368.71,716830,MSFT
2021-04-07,371.8,373.75,369.15,369.73,679849,MSFT
2021-04-08,366.76,368.9,362.81,364.62,299311,MSFT
2021-04-09,361.82,367.33,358.29,367.09,883255,MSFT
2021-04-10,369.79,370.35,364.37,366.88,1057581,MSFT
2021-04-11,369.48,369.88,364.61,365.77,1328810,MSFT
2021-04-12,373.84,374.72,368.31,371.55,722818,MSFT
2021-04-13,377.54,379.78,375.83,378.63,2458005,MSFT
2021-04-14,375.83,377.13,372.84,374.84,1204615,MSFT
2021-04-15,372.23,372.94,366.71,370.71,457124,MSFT
2021-04-16,368.3,369.55,368.28,369.14,954200,MSFT
2021-04-17,350.61,351.97,350.6,350.71,783312,MSFT
2021-04-18,338.74,343.55,337.65,339.41,1549081,MSFT
2021-04-19,350.81,351.32,350.15,350.54,818598,MSFT
2021-04-20,367.26,370.81,362.61,364.22,530688,MSFT
2021-04-21,361.97,364.86,359.79,362.89,950045,MSFT
2021-04-22,368.37,371.47,367.81,368.32,622593,MSFT
2021-04-23,369.42,373.75,366.7,371.62,342531,MSFT
2021-04-24,396.34,398.35,394.77,398.14,542956,MSFT
2021-04-25,408.34,412.42,406.6,408.97,899990,MSFT
2021-04-26,408.16,409.47,406.14,408.59,639776,MSFT
2021-04-27,402.37,403.58,399.23,400.59,1624815,MSFT
2021-04-28,387.44,387.71,383.47,386.87,440418,MSFT
2021-04-29,389.58,391.4,388.5,389.4,583539,MSFT
2021-04-30,384.05,384.96,383.04,383.53,524871,MSFT
2021-05-01,372.33,374.11,369.07,371.98,947660,MSFT
2021-05-02,368.24,368.74,364.66,367.29,1753544,MSFT
2021-05-03,359.91,360.21,358.77,359.05,893678,MSFT
2021-05-04,372.98,375.17,372.65,373.41,808759,MSFT
2021-05-05,386.28,388.46,378.01,381.57,1682242,MSFT
2021-05-06,385.81,390.92,377.83,382.24,2883968,MSFT
2021-05-07,395.72,396.92,391.79,395.74,1113147,MSFT
2021-05-08,395.6,397.4,393.94,397.21,349835,MSFT
2021-05-09,395.42,400.5,386.05,390.28,494716,MSFT
2021-05-10,406.21,407.72,404.35,404.44,1228521,MSFT
2021-05-11,408.34,413.78,407.52,410.15,1137355,MSFT
2021-05-12,405.43,407.81,397.55,401.36,326817,MSFT
2021-05-13,402.65,406.95,398.82,400.42,1238452,MSFT
2021-05-14,395.07,395.25,392.37,393.3,1329106,MSFT
2021-05-15,379.95,383.07,378.62,381.81,496046,MSFT
2021-05-16,389.4,391.44,388.12,390.53,2218940,MSFT
2021-05-17,405.97,411.16,405.65,408.11,1076552,MSFT
2021-05-18,394.03,396.94,393.58,396.04,1315737,MSFT
2021-05-19,402.38,403.57,398.26,401.84,762673,MSFT
2021-05-20,395.97,400.04,395.51,396.74,2374935,MSFT
2021-05-21,395.94,397.97,392.71,393.16,3300685,MSFT
2021-05-22,388.19,390.53,387.51,388.68,1131473,MSFT
2021-05-23,377.0,386.88,372.44,381.87,2216644,MSFT
2021-05-24,387.11,388.55,380.66,383.03,599974,MSFT
2021-05-25,376.55,377.15,375.63,376.61,1085514,MSFT
2021-05-26,375.39,380.49,372.51,379.64,665540,MSFT
2021-05-27,380.52,380.87,378.47,379.96,983893,MSFT
2021-05-28,379.7,383.42,377.7,378.66,682392,MSFT
2021-05-29,373.7,377.62,369.46,371.65,938060,MSFT
2021-05-30,370.11,370.11,365.31,367.55,1521149,MSFT
2021-05-31,373.88,374.54,370.47,374.52,485716,MSFT
2021-06-01,378.07,379.81,373.88,379.49,592000,MSFT
2021-06-02,370.95,372.03,370.1,371.87,909880,MSFT
2021-06-03,374.62,374.83,373.05,373.43,1525341,MSFT
2021-06-04,379.1,380.75,378.42,380.49,2710730,MSFT
2021-06-05,369.24,369.5,366.15,366.91,938427,MSFT
2021-06-06,368.42,372.47,367.84,372.13,1107912,MSFT
2021-06-07,369.07,371.08,366.77,367.3,909312,MSFT
2021-06-08,371.01,375.17,368.68,372.74,851404,MSFT
2021-06-09,363.15,367.63,361.54,367.06,1243358,MSFT
2021-06-10,353.06,355.52,350.89,352.84,919296,MSFT
2021-06-11,341.6,343.51,340.53,340.59,1737217,MSFT
2021-06-12,343.27,344.41,338.84,341.62,1062014,MSFT
2021-06-13,345.02,346.21,343.0,344.29,1604492,MSFT
2021-06-14,340.39,342.92,337.59,337.95,2037450,MSFT
2021-06-15,343.94,344.72,343.47,343.48,1732548,MSFT
2021-06-16,332.36,332.39,330.86,331.28,827359,MSFT
2021-06-17,326.82,333.74,324.42,331.44,1506652,MSFT
2021-06-18,321.11,323.24,320.83,323.04,1724508,MSFT
2021-06-19,321.4,324.45,315.9,318.93,1103078,MSFT
2021-06-20,319.53,320.58,319.3,319.89,2573173,MSFT
2021-06-21,313.26,315.63,312.18,314.31,1139350,MSFT
2021-06-22,311.74,312.74,310.12,312.21,949513,MSFT
2021-06-23,318.77,321.61,318.31,319.9,907521,MSFT
2021-06-24,316.1,319.32,315.77,316.37,1431688,MSFT
2021-06-25,322.1,323.16,321.47,322.94,1793148,MSFT
2021-06-26,314.75,319.24,312.35,315.35,1130158,MSFT
2021-06-27,318.25,321.44,315.52,319.74,2112815,MSFT
2021-06-28,329.43,331.55,329.12,330.75,3336063,MSFT
2021-06-29,313.02,314.36,310.66,312.97,841646,MSFT
2021-06-30,308.76,309.14,307.85,307.96,1789823,MSFT
2021-07-01,312.91,314.44,311.09,312.57,2585662,MSFT
2021-07-02,311.86,313.18,311.24,311.76,967703,MSFT
2021-07-03,314.71,317.0,312.31,314.97,688730,MSFT
2021-07-04,311.99,312.17,311.17,311.3,1726304,MSFT
2021-07-05,312.79,313.38,312.28,312.52,1579718,MSFT
2021-07-06,312.55,313.55,310.43,312.04,922601,MSFT
2021-07-07,317.08,321.04,313.78,320.86,1685159,MSFT
2021-07-08,323.67,323.86,320.99,323.33,1540154,MSFT
2021-07-09,327.45,328.67,325.85,326.42,1194191,MSFT
2021-07-10,324.98,326.34,323.62,324.03,1744067,MSFT
2021-07-11,322.11,323.02,320.92,321.11,1130397,MSFT
2021-07-12,316.51,318.64,314.62,318.6,1727933,MSFT
2021-07-13,322.3,322.87,321.23,322.06,371705,MSFT
2021-07-14,319.31,320.28,318.42,319.63,1039111,MSFT
2021-07-15,320.63,323.67,320.22,322.35,1345395,MSFT
2021-07-16,338.9,339.02,337.36,338.06,735633,MSFT
2021-07-17,345.45,345.68,344.82,345.36,1148915,MSFT
2021-07-18,346.5,346.62,340.22,343.5,961058,MSFT
2021-07-19,352.5,354.3,351.33,353.47,1332457,MSFT
2021-07-20,347.75,354.13,343.47,350.92,679364,MSFT
2021-07-21,336.85,337.67,330.89,335.48,674819,MSFT
2021-07-22,329.5,329.73,328.13,328.51,742762,MSFT
2021-07-23,313.93,316.05,312.71,315.3,785935,MSFT
2021-07-24,311.95,314.55,311.03,313.42,735232,MSFT
2021-07-25,315.17,315.42,313.64,314.17,1245682,MSFT
2021-07-26,327.41,329.37,323.19,326.65,3306584,MSFT
2021-07-27,331.22,332.7,328.44,329.7,1990257,MSFT
2021-07-28,327.92,328.76,325.92,328.72,579884,MSFT
2021-07-29,337.81,339.64,334.66,335.51,2430500,MSFT
2021-07-30,320.04,320.19,318.49,319.44,1801682,MSFT
2021-07-31,321.21,323.81,319.64,321.77,1218506,MSFT
2021-08-01,330.33,332.11,324.59,327.99,738556,MSFT
2021-08-02,318.16,320.25,315.77,317.7,2883105,MSFT
2021-08-03,324.84,326.66,324.45,326.51,790699,MSFT
2021-08-04,326.53,330.44,325.34,329.64,1085253,MSFT
2021-08-05,329.19,332.76,324.12,327.2,2963107,MSFT
2021-08-06,333.47,333.7,332.51,332.51,1497127,MSFT
2021-08-07,349.85,351.91,345.88,350.18,1832530,MSFT
2021-08-08,352.0,354.18,350.11,352.3,1271276,MSFT
2021-08-09,356.24,357.09,353.76,354.96,1173493,MSFT
2021-08-10,351.14,352.55,350.15,351.98,1347915,MSFT
2021-08-11,348.3,351.53,343.42,345.93,2463725,MSFT
2021-08-12,353.92,354.49,352.12,353.08,1282554,MSFT
2021-08-13,347.71,348.5,346.52,346.96,1746636,MSFT
2021-08-14,345.61,350.44,343.68,348.2,658903,MSFT
2021-08-15,344.43,346.36,343.42,345.13,1622361,MSFT
2021-08-16,347.72,349.64,347.1,349.54,1488737,MSFT
2021-08-17,356.42,356.49,351.37,352.85,1321455,MSFT
2021-08-18,362.55,363.06,358.09,361.79,2248560,MSFT
2021-08-19,357.57,358.61,356.01,358.34,2612966,MSFT
2021-08-20,357.62,357.99,356.64,356.86,2079149,MSFT
2021-08-21,348.18,350.38,348.14,349.69,1323270,MSFT
2021-08-22,346.47,347.89,342.52,346.87,1371057,MSFT
2021-08-23,349.49,350.72,348.03,350.5,1362819,MSFT
2021-08-24,353.99,358.41,352.21,357.17,1927072,MSFT
2021-08-25,351.78,351.79,349.49,350.44,728200,MSFT
2021-08-26,360.58,362.97,354.73,358.0,530914,MSFT
2021-08-27,368.14,371.6,366.1,369.64,2090842,MSFT
2021-08-28,375.29,375.48,373.36,373.81,555831,MSFT
2021-08-29,389.67,391.53,387.56,390.36,417850,MSFT
2021-08-30,379.85,386.46,377.4,384.31,2449464,MSFT
2021-08-31,372.07,375.0,371.9,374.28,855683,MSFT
2021-09-01,358.98,361.63,357.7,360.01,492986,MSFT
2021-09-02,372.84,373.85,372.13,372.86,1978209,MSFT
2021-09-03,374.92,382.84,371.77,379.09,1103563,MSFT
2021-09-04,378.61,381.75,375.88,379.35,960883,MSFT
2021-09-05,382.07,382.94,381.29,382.49,1017928,MSFT
2021-09-06,374.41,376.25,373.28,373.54,1099987,MSFT
2021-09-07,392.67,397.45,390.09,394.86,1323161,MSFT
2021-09-08,394.29,398.76,392.51,396.79,832598,MSFT
2021-09-09,393.94,402.47,393.64,398.54,1216805,MSFT
2021-09-10,406.22,410.78,401.54,405.84,1085376,MSFT
2021-09-11,408.13,412.93,405.67,411.04,324486,MSFT
2021-09-12,416.93,420.05,411.06,413.92,518418,MSFT
2021-09-13,409.2,413.35,403.61,407.35,638982,MSFT
2021-09-14,411.82,414.52,409.81,412.48,944642,MSFT
2021-09-15,427.67,433.23,426.47,430.79,1296802,MSFT
2021-09-16,445.86,448.41,441.25,444.7,2604519,MSFT
2021-09-17,461.74,462.61,460.09,461.54,559799,MSFT
2021-09-18,460.58,465.7,454.43,457.12,1176108,MSFT
2021-09-19,443.69,452.18,441.97,447.82,1325657,MSFT
2021-09-20,448.57,448.94,446.31,447.43,1678206,MSFT
2021-09-21,448.47,450.01,447.53,448.87,905510,MSFT
2021-09-22,460.0,463.35,455.91,460.82,1172465,MSFT
2021-09-23,442.59,446.1,442.1,444.14,1120029,MSFT
2021-09-24,457.15,461.56,455.29,460.32,1350665,MSFT
2021-09-25,459.39,459.85,457.5,459.59,1294904,MSFT
2021-09-26,461.11,463.46,454.06,456.06,220719,MSFT
2021-09-27,450.83,454.07,442.43,446.55,836008,MSFT
2021-09-28,430.37,431.31,430.22,430.77,1092487,MSFT
2021-09-29,442.96,448.54,438.46,439.61,416593,MSFT
2021-09-30,442.56,443.92,440.63,441.19,1942467,MSFT
2021-10-01,428.38,430.07,427.75,429.23,763245,MSFT
2021-10-02,419.13,421.21,416.64,417.54,1617619,MSFT
2021-10-03,410.16,419.74,405.89,415.19,531612,MSFT
2021-10-04,432.02,432.99,431.29,431.63,858641,MSFT
2021-10-05,431.14,431.67,428.77,429.95,928749,MSFT
2021-10-06,416.83,417.69,415.24,416.22,689918,MSFT
2021-10-07,412.62,415.6,412.36,414.73,591443,MSFT
2021-10-08,410.02,413.72,406.76,412.99,1106421,MSFT
2021-10-09,392.57,393.02,387.6,388.7,994732,MSFT
2021-10-10,389.96,391.5,385.94,388.98,737169,MSFT
2021-10-11,385.4,390.63,382.67,387.72,1455247,MSFT
2021-10-12,395.24,396.24,393.86,394.56,1080656,MSFT
2021-10-13,413.13,413.74,411.23,411.78,706099,MSFT
2021-10-14,418.51,428.81,416.09,423.05,402471,MSFT
2021-10-15,419.82,424.5,418.48,421.31,1373380,MSFT
2021-10-16,410.71,413.5,408.1,411.63,859996,MSFT
2021-10-17,436.12,439.76,432.24,436.31,525562,MSFT
2021-10-18,437.25,439.51,434.92,437.75,348746,MSFT
2021-10-19,438.46,440.11,437.18,438.74,1814104,MSFT
2021-10-20,439.86,442.74,437.53,439.36,883014,MSFT
2021-10-21,441.93,442.87,441.74,442.19,532670,MSFT
2021-10-22,441.78,446.59,439.02,441.61,697762,MSFT
2021-10-23,439.72,441.75,434.27,436.77,305807,MSFT
2021-10-24,437.23,437.55,430.74,432.24,1279264,MSFT
2021-10-25,431.48,433.8,429.72,432.77,856417,MSFT
2021-10-26,426.05,430.74,422.74,428.31,1173292,MSFT
2021-10-27,420.19,423.17,416.48,422.27,322174,MSFT
2021-10-28,424.85,426.51,423.91,424.11,902305,MSFT
2021-10-29,420.34,423.51,418.38,422.5,629677,MSFT
2021-10-30,436.17,438.38,434.27,437.65,990988,MSFT
2021-10-31,406.63,413.46,404.37,412.36,785493,MSFT
2021-11-01,427.67,431.18,423.01,423.31,633690,MSFT
2021-11-02,435.89,437.32,435.7,436.03,484456,MSFT
2021-11-03,419.27,420.84,413.88,416.51,574345,MSFT
2021-11-04,413.53,414.85,413.24,414.1,372358,MSFT
2021-11-05,411.95,413.42,409.66,411.45,674420,MSFT
2021-11-06,395.32,400.09,392.9,399.2,1937279,MSFT
2021-11-07,391.64,393.79,390.32,392.98,1121940,MSFT
2021-11-08,381.98,385.0,377.41,383.91,1168436,MSFT
2021-11-09,400.28,401.28,398.76,399.83,851789,MSFT
2021-11-10,406.0,412.4,405.78,409.05,992692,MSFT
2021-11-11,418.83,423.64,418.55,421.57,699475,MSFT
2021-11-12,430.14,431.96,428.7,429.26,428399,MSFT
2021-11-13,418.6,419.41,416.96,419.17,457290,MSFT
2021-11-14,415.51,416.0,414.96,415.04,1222312,MSFT
2021-11-15,422.37,425.77,420.11,420.43,522313,MSFT
2021-11-16,415.74,421.16,407.02,409.67,688218,MSFT
2021-11-17,415.6,422.45,411.24,417.06,1063526,MSFT
2021-11-18,416.37,420.19,411.89,415.61,572999,MSFT
2021-11-19,409.97,413.36,408.76,412.92,883525,MSFT
2021-11-20,420.29,420.61,419.75,420.34,415273,MSFT
2021-11-21,426.23,428.4,424.65,425.38,590495,MSFT
2021-11-22,422.47,424.38,420.65,422.75,530270,MSFT
2021-11-23,435.39,435.42,434.05,434.62,963806,MSFT
2021-11-24,425.6,426.31,423.89,424.88,920707,MSFT
2021-11-25,432.62,434.31,429.04,431.62,901605,MSFT
2021-11-26,435.97,442.97,431.97,438.23,681044,MSFT
2021-11-27,434.68,438.36,434.37,436.03,897155,MSFT
2021-11-28,442.54,442.88,438.88,440.09,507749,MSFT
2021-11-29,429.74,430.77,426.2,428.54,568269,MSFT
2021-11-30,441.79,443.6,437.48,438.31,994726,MSFT
2021-12-01,435.45,440.3,432.3,437.34,663796,MSFT
2021-12-02,433.85,436.2,430.95,433.04,462181,MSFT
2021-12-03,444.5,445.22,442.93,444.13,705963,MSFT
2021-12-04,437.1,439.39,436.29,437.95,1433384,MSFT
2021-12-05,430.4,430.49,422.28,424.9,626109,MSFT
2021-12-06,412.96,413.14,410.33,410.82,719097,MSFT
2021-12-07,416.29,419.04,414.94,417.24,1046583,MSFT
2021-12-08,409.0,414.82,404.7,406.02,1264645,MSFT
2021-12-09,422.03,422.9,420.82,422.87,875795,MSFT
2021-12-10,409.11,411.28,399.29,403.85,602444,MSFT
2021-12-11,420.58,421.28,418.75,420.09,1117609,MSFT
2021-12-12,423.83,424.27,422.59,422.91,528939,MSFT
2021-12-13,420.45,425.63,417.08,422.82,2087050,MSFT
2021-12-14,416.84,420.1,414.48,418.45,496204,MSFT
2021-12-15,423.96,423.99,421.78,423.04,1107915,MSFT
2021-12-16,421.01,426.48,419.32,423.51,480151,MSFT
2021-12-17,432.98,437.1,431.95,434.87,1438842,MSFT
2021-12-18,438.38,439.21,436.57,436.84,226185,MSFT
2021-12-19,441.63,445.23,435.39,439.18,522843,MSFT
2021-12-20,430.26,437.05,428.11,436.44,307137,MSFT
2021-12-21,433.94,438.54,430.1,436.73,434671,MSFT
2021-12-22,445.01,447.75,435.39,440.62,978012,MSFT
2021-12-23,424.53,427.27,422.96,424.49,1876665,MSFT
2021-12-24,415.18,415.7,409.0,412.42,522213,MSFT
2021-12-25,423.26,426.91,416.48,420.14,686693,MSFT
2021-12-26,424.93,430.57,417.31,422.58,1385741,MSFT
2021-12-27,422.27,423.02,419.47,421.66,697362,MSFT
2021-12-28,419.33,425.05,416.07,422.66,863245,MSFT
2021-12-29,424.44,428.47,421.79,426.8,293619,MSFT
2021-12-30,418.94,422.57,417.73,422.44,1070165,MSFT
2021-12-31,416.15,419.77,410.82,415.86,449667,MSFT
2022-01-01,416.3,419.84,413.06,418.51,751838,MSFT
2022-01-02,413.48,414.17,408.63,410.1,814070,MSFT
2022-01-03,414.58,418.04,412.45,414.68,457178,MSFT
2022-01-04,398.71,400.5,397.83,399.57,1373704,MSFT
2022-01-05,410.84,411.74,408.72,409.63,1029943,MSFT
2022-01-06,414.17,415.89,412.79,414.79,941898,MSFT
2022-01-07,417.76,418.0,416.0,418.0,1032005,MSFT
2022-01-08,426.4,431.82,425.33,428.08,536933,MSFT
2022-01-09,444.34,445.19,442.02,444.99,365296,MSFT
2022-01-10,453.95,460.2,450.86,456.03,1793455,MSFT
2022-01-11,436.96,438.9,436.67,438.0,1237229,MSFT
2022-01-12,429.24,429.28,423.35,426.23,2500090,MSFT
2022-01-13,423.67,426.83,421.0,421.06,832960,MSFT
2022-01-14,422.95,425.67,419.63,422.13,601775,MSFT
2022-01-15,428.54,429.07,426.35,427.88,727983,MSFT
2022-01-16,417.9,423.57,414.96,421.72,696600,MSFT
2022-01-17,426.68,428.86,422.83,424.32,884403,MSFT
2022-01-18,418.27,419.55,415.07,417.93,485336,MSFT
2022-01-19,408.8,416.73,405.81,412.99,456659,MSFT
2022-01-20,403.03,405.32,399.35,400.7,880350,MSFT
2022-01-21,393.4,394.99,390.65,393.14,1175254,MSFT
2022-01-22,382.16,382.81,381.49,381.94,842880,MSFT
2022-01-23,372.21,375.3,370.16,374.28,1678983,MSFT
2022-01-24,384.03,385.09,381.39,383.9,1018059,MSFT
2022-01-25,374.63,381.67,373.4,376.44,789048,MSFT
2022-01-26,403.67,406.36,396.73,399.52,1111741,MSFT
2022-01-27,405.9,406.29,403.97,404.74,1156848,MSFT
2022-01-28,405.84,409.75,403.3,407.22,2311309,MSFT
2022-01-29,401.56,401.84,398.84,400.14,516222,MSFT
2022-01-30,410.19,412.31,407.15,407.24,1538203,MSFT
2022-01-31,402.41,404.35,400.03,402.75,455123,MSFT
2022-02-01,407.2,409.05,401.91,404.65,346680,MSFT
2022-02-02,428.2,433.01,422.9,428.79,468265,MSFT
2022-02-03,426.85,431.09,425.65,428.71,1336636,MSFT
2022-02-04,441.64,442.96,439.63,440.65,1427061,MSFT
2022-02-05,435.31,438.97,431.94,434.53,1834593,MSFT
2022-02-06,435.13,436.3,434.13,435.04,420421,MSFT
2022-02-07,452.59,453.68,451.94,453.26,687156,MSFT
2022-02-08,451.5,452.3,445.52,447.74,637108,MSFT
2022-02-09,463.35,472.09,462.25,466.91,667853,MSFT
2022-02-10,473.81,475.83,471.43,475.27,756577,MSFT
2022-02-11,469.49,470.65,469.02,470.18,726961,MSFT
2022-02-12,480.19,482.52,476.1,477.8,1566408,MSFT
2022-02-13,491.41,494.79,487.92,489.21,979836,MSFT
2022-02-14,498.49,499.33,495.09,497.03,962477,MSFT
2022-02-15,484.57,489.03,474.66,480.41,934150,MSFT
2022-02-16,474.66,475.91,472.26,473.48,1445354,MSFT
2022-02-17,478.51,480.56,469.62,471.76,1497877,MSFT
2022-02-18,471.18,476.14,465.97,471.89,1878954,MSFT
2022-02-19,475.88,481.74,472.18,479.42,1383461,MSFT
2022-02-20,485.51,489.18,481.45,482.28,1840417,MSFT
2022-02-21,474.79,476.52,463.78,468.71,2948946,MSFT
2022-02-22,469.86,476.82,469.72,473.64,1241373,MSFT
2022-02-23,485.64,487.26,480.02,481.09,720718,MSFT
2022-02-24,492.22,492.61,486.9,488.1,551985,MSFT
2022-02-25,503.32,504.09,500.74,500.95,722437,MSFT
2022-02-26,511.21,512.87,507.39,511.35,1241998,MSFT
2022-02-27,517.25,521.26,515.35,517.64,2963931,MSFT
2022-02-28,518.13,520.14,517.12,517.84,971093,MSFT
2022-03-01,502.54,504.67,497.23,499.46,3120250,MSFT
2022-03-02,503.76,505.39,501.91,505.28,1282349,MSFT
2022-03-03,507.7,509.6,504.53,508.64,713756,MSFT
2022-03-04,515.52,519.62,505.95,512.75,818738,MSFT
2022-03-05,499.06,500.03,497.68,498.99,1037048,MSFT
2022-03-06,481.71,487.85,475.71,487.81,1266018,MSFT
2022-03-07,498.26,502.36,496.47,500.35,1042204,MSFT
2022-03-08,496.99,501.11,496.69,500.88,1263443,MSFT
2022-03-09,512.73,512.91,507.77,509.56,2779737,MSFT
2022-03-10,505.58,512.45,502.3,510.88,2178263,MSFT
2022-03-11,508.11,513.65,504.31,512.22,1175913,MSFT
2022-03-12,522.54,525.49,522.42,524.06,457597,MSFT
2022-03-13,516.18,522.68,513.8,518.99,1455488,MSFT
2022-03-14,521.04,521.15,520.97,521.13,1443536,MSFT
2022-03-15,517.69,519.19,515.73,516.72,2083736,MSFT
2022-03-16,506.9,512.72,501.69,512.67,1281392,MSFT
2022-03-17,506.45,511.24,503.02,510.1,669597,MSFT
2022-03-18,514.54,515.38,513.09,513.66,1236572,MSFT
2022-03-19,502.79,512.32,501.71,509.12,1477431,MSFT
2022-03-20,528.16,529.16,523.96,524.53,680005,MSFT
2022-03-21,511.85,516.35,509.68,514.98,969182,MSFT
2022-03-22,515.5,516.12,513.33,513.82,738515,MSFT
2022-03-23,508.88,511.04,508.55,509.73,3208974,MSFT
2022-03-24,530.11,532.23,526.07,527.36,769379,MSFT
2022-03-25,526.09,537.27,520.49,530.73,960254,MSFT
2022-03-26,549.97,555.18,539.66,544.11,1441521,MSFT
2022-03-27,526.24,530.69,524.45,526.96,1023649,MSFT
2022-03-28,531.99,533.58,529.59,531.16,1357713,MSFT
2022-03-29,540.21,544.65,539.48,542.85,1148754,MSFT
2022-03-30,544.3,545.81,543.47,544.92,1410275,MSFT
2022-03-31,561.18,564.07,556.16,559.08,1947304,MSFT
2022-04-01,550.46,553.89,547.95,553.65,1538153,MSFT
2022-04-02,578.74,581.05,569.34,572.33,1928407,MSFT
2022-04-03,604.87,608.09,602.17,603.11,1275004,MSFT
2022-04-04,602.82,606.78,598.36,599.36,1310350,MSFT
2022-04-05,599.95,603.74,589.13,594.51,978374,MSFT
2022-04-06,612.05,616.0,609.86,615.15,986140,MSFT
2022-04-07,640.53,643.43,635.94,638.26,925681,MSFT
2022-04-08,630.5,633.96,630.1,631.99,1666668,MSFT
2022-04-09,625.36,629.5,618.3,627.24,2070270,MSFT
2022-04-10,631.33,635.87,619.07,624.49,1747108,MSFT
2022-04-11,605.39,614.61,597.78,606.78,1856497,MSFT
2022-04-12,600.1,602.92,595.13,595.41,1344527,MSFT
2022-04-13,588.15,592.64,578.58,583.1,991497,MSFT
2022-04-14,570.92,576.95,566.28,574.15,2387704,MSFT
2022-04-15,576.01,579.19,574.7,574.82,1399138,MSFT
2022-04-16,576.77,585.49,576.17,578.98,448504,MSFT
2022-04-17,598.22,603.62,596.87,600.35,1157230,MSFT
2022-04-18,589.37,591.25,583.28,588.02,1007622,MSFT
2022-04-19,602.47,604.43,601.01,602.22,1184464,MSFT
2022-04-20,600.69,602.36,600.39,600.49,541729,MSFT
2022-04-21,602.18,603.62,600.22,601.0,1530169,MSFT
2022-04-22,610.27,615.69,607.32,611.32,985744,MSFT
2022-04-23,594.93,599.37,592.72,597.04,2301113,MSFT
2022-04-24,602.38,604.27,599.15,603.36,492023,MSFT
2022-04-25,606.75,607.69,601.73,606.81,2224032,MSFT
2022-04-26,609.38,617.03,606.76,614.73,1023960,MSFT
2022-04-27,617.84,624.19,615.82,619.94,1548997,MSFT
2022-04-28,661.22,664.4,650.87,655.47,791380,MSFT
2022-04-29,649.47,652.53,641.64,647.33,1485117,MSFT
2022-04-30,645.29,645.33,639.36,640.85,625482,MSFT
2022-05-01,629.63,636.3,627.22,633.1,1543438,MSFT
2022-05-02,624.59,628.32,623.43,626.42,793784,MSFT
2022-05-03,626.22,626.78,616.41,618.64,547196,MSFT
2022-05-04,639.52,644.39,628.62,636.44,1396129,MSFT
2022-05-05,659.54,660.94,656.62,658.06,1568598,MSFT
2022-05-06,652.78,657.3,650.25,650.88,1049947,MSFT
2022-05-07,644.18,651.24,636.76,639.95,1677591,MSFT
2022-05-08,647.42,649.28,643.82,648.0,2627610,MSFT
2022-05-09,642.29,644.87,640.4,641.2,1966621,MSFT
2022-05-10,653.15,659.24,645.42,651.61,671836,MSFT
2022-05-11,654.3,658.1,653.55,655.87,402732,MSFT
2022-05-12,629.35,642.95,626.2,634.74,832524,MSFT
2022-05-13,661.38,662.04,654.7,658.13,619774,MSFT
2022-05-14,684.52,688.43,683.29,686.06,2026029,MSFT
2022-05-15,682.77,685.03,672.19,677.93,887305,MSFT
2022-05-16,672.93,673.34,671.75,673.33,648265,MSFT
2022-05-17,676.29,682.91,674.58,678.99,1890975,MSFT
2022-05-18,682.28,686.5,680.42,685.44,1283332,MSFT
2022-05-19,690.75,701.26,690.13,696.95,872949,MSFT
2022-05-20,731.75,731.82,728.24,729.9,2955217,MSFT
2022-05-21,725.15,729.16,720.91,728.42,1336648,MSFT
2022-05-22,719.7,721.39,714.52,716.74,534019,MSFT
2022-05-23,696.81,702.83,688.9,695.86,503713,MSFT
2022-05-24,689.7,692.47,684.53,685.75,696991,MSFT
2022-05-25,685.77,688.12,684.16,686.58,1796856,MSFT
2022-05-26,719.8,720.8,712.78,715.7,2387640,MSFT
2022-05-27,709.56,710.95,708.38,708.76,1008709,MSFT
2022-05-28,719.41,720.01,706.93,713.72,775722,MSFT
2022-05-29,712.7,720.2,710.81,714.85,1455480,MSFT
2022-05-30,730.7,741.43,726.96,735.4,2014556,MSFT
2022-05-31,775.6,784.96,769.91,778.74,434699,MSFT
2022-06-01,771.95,774.79,768.58,770.94,828624,MSFT
2022-06-02,763.97,770.99,760.45,763.95,1373316,MSFT
2022-06-03,784.74,786.94,780.34,783.42,1571929,MSFT
2022-06-04,805.2,814.13,788.8,797.0,791791,MSFT
2022-06-05,825.37,839.15,818.37,831.74,1166853,MSFT
2022-06-06,839.95,846.41,838.05,844.32,1975917,MSFT
2022-06-07,838.72,839.57,837.11,839.13,290304,MSFT
2022-06-08,849.25,858.04,844.11,851.95,1312447,MSFT
2022-06-09,884.41,895.67,863.75,874.91,2020082,MSFT
2022-06-10,891.9,892.89,891.75,892.81,672854,MSFT
2022-06-11,903.55,910.49,893.18,904.77,644344,MSFT
2022-06-12,932.82,938.76,923.19,928.29,530018,MSFT
2022-06-13,952.49,958.0,950.8,954.58,889370,MSFT
2022-06-14,981.96,997.26,979.91,986.19,1233320,MSFT
2022-06-15,1002.08,1014.8,998.71,1002.55,566906,MSFT
2022-06-16,1003.32,1011.97,996.77,1000.73,1221542,MSFT
2022-06-17,1016.09,1019.22,992.67,1006.0,1804687,MSFT
2022-06-18,1028.35,1042.04,1020.87,1035.33,1634054,MSFT
2022-06-19,1014.9,1019.68,1011.51,1018.3,2436307,MSFT
2022-06-20,1022.51,1032.27,1016.65,1028.75,1086167,MSFT
2022-06-21,1022.93,1024.23,1017.94,1021.65,940578,MSFT
2022-06-22,1024.62,1025.01,1022.97,1024.31,1488472,MSFT
2022-06-23,1054.3,1064.79,1047.18,1055.84,484600,MSFT
2022-06-24,1070.35,1075.68,1057.39,1062.45,489276,MSFT
2022-06-25,1050.71,1081.03,1038.57,1065.65,627164,MSFT
2022-06-26,1027.93,1046.2,1019.98,1035.07,458099,MSFT
2022-06-27,1060.59,1065.76,1049.77,1054.51,1205791,MSFT
2022-06-28,1075.63,1075.9,1070.3,1071.92,886549,MSFT
2022-06-29,1119.75,1131.52,1115.53,1126.29,622161,MSFT
2022-06-30,1121.79,1128.51,1119.46,1120.68,295400,MSFT
2022-07-01,1116.4,1135.99,1114.11,1128.41,475712,MSFT
2022-07-02,1142.1,1153.51,1136.21,1136.97,1643183,MSFT
2022-07-03,1181.29,1189.5,1169.05,1179.62,2096750,MSFT
2022-07-04,1177.82,1182.92,1176.91,1179.4,1886142,MSFT
2022-07-05,1185.68,1198.41,1180.01,1189.13,883578,MSFT
2022-07-06,1211.76,1218.13,1200.02,1207.75,423062,MSFT
2022-07-07,1214.79,1226.72,1203.87,1215.2,545115,MSFT
2022-07-08,1205.65,1209.37,1201.66,1205.35,1110408,MSFT
2022-07-09,1216.97,1222.95,1206.63,1212.98,2421295,MSFT
2022-07-10,1244.78,1245.58,1240.51,1244.72,1119864,MSFT
2022-07-11,1223.79,1223.99,1207.47,1218.35,747206,MSFT
2022-07-12,1219.61,1233.97,1211.62,1224.39,799120,MSFT
2022-07-13,1208.61,1217.31,1198.01,1207.47,399819,MSFT
2022-07-14,1237.99,1243.08,1233.57,1242.36,362095,MSFT
2022-07-15,1201.11,1202.83,1198.04,1202.13,522008,MSFT
2022-07-16,1199.33,1203.13,1183.77,1189.34,683173,MSFT
2022-07-17,1208.98,1215.81,1196.18,1201.79,430315,MSFT
2022-07-18,1250.06,1256.66,1246.15,1246.55,1703816,MSFT
2022-07-19,1246.58,1252.71,1243.91,1247.15,476119,MSFT
2022-07-20,1235.11,1250.11,1231.1,1233.98,647943,MSFT
2022-07-21,1295.28,1302.05,1283.08,1288.72,464371,MSFT
2022-07-22,1245.05,1259.63,1243.05,1249.18,400225,MSFT
2022-07-23,1185.87,1195.28,1184.75,1189.71,478802,MSFT
2022-07-24,1205.93,1213.69,1203.47,1203.84,1612167,MSFT
2022-07-25,1206.42,1211.03,1181.78,1192.58,944997,MSFT
2022-07-26,1169.6,1174.04,1161.65,1167.46,705312,MSFT
2022-07-27,1200.19,1205.59,1180.72,1188.39,625265,MSFT
2022-07-28,1193.5,1198.27,1183.17,1197.25,1296173,MSFT
2022-07-29,1198.85,1212.59,1180.58,1184.37,806292,MSFT
2022-07-30,1155.83,1156.43,1150.29,1152.51,607683,MSFT
2022-07-31,1180.36,1187.48,1173.48,1177.43,870494,MSFT
2022-08-01,1211.48,1216.63,1185.29,1196.99,432293,MSFT
2022-08-02,1205.17,1208.66,1184.48,1196.66,568727,MSFT
2022-08-03,1264.57,1266.38,1233.66,1248.82,1367846,MSFT
2022-08-04,1222.58,1223.41,1219.87,1221.14,1852238,MSFT
2022-08-05,1178.26,1189.57,1174.84,1181.54,414749,MSFT
2022-08-06,1161.79,1165.89,1145.71,1165.43,636697,MSFT
2022-08-07,1157.38,1168.58,1147.63,1166.51,775197,MSFT
2022-08-08,1173.99,1189.45,1159.48,1175.2,653264,MSFT
2022-08-09,1169.72,1173.68,1167.84,1171.11,1171213,MSFT
2022-08-10,1187.94,1198.56,1172.42,1182.7,408378,MSFT
2022-08-11,1153.1,1158.07,1146.18,1151.65,843309,MSFT
2022-08-12,1199.11,1206.57,1191.24,1191.38,1086202,MSFT
2022-08-13,1190.59,1191.92,1190.46,1191.51,1749455,MSFT
2022-08-14,1219.1,1231.07,1212.82,1223.85,372958,MSFT
2022-08-15,1242.08,1251.7,1224.89,1235.71,671834,MSFT
2022-08-16,1261.98,1273.51,1242.56,1250.85,833673,MSFT
2022-08-17,1273.89,1278.49,1262.19,1269.37,648792,MSFT
2022-08-18,1285.01,1287.27,1283.79,1284.66,443037,MSFT
2022-08-19,1307.24,1307.57,1303.14,1305.79,359260,MSFT
2022-08-20,1345.26,1348.17,1335.2,1347.48,1155530,MSFT
2022-08-21,1348.81,1357.55,1345.74,1356.08,974178,MSFT
2022-08-22,1380.63,1383.48,1374.26,1380.41,1358720,MSFT
2022-08-23,1390.74,1401.47,1374.98,1380.33,468965,MSFT
2022-08-24,1430.03,1431.65,1423.34,1427.84,563181,MSFT
2022-08-25,1411.27,1414.6,1405.49,1408.87,1775142,MSFT
2022-08-26,1472.02,1472.99,1467.05,1468.82,1180752,MSFT
2022-08-27,1474.71,1478.48,1465.52,1470.37,1114563,MSFT
2022-08-28,1421.17,1443.39,1419.42,1425.83,1034819,MSFT
2022-08-29,1428.54,1434.72,1426.23,1432.74,288439,MSFT
2022-08-30,1399.38,1413.98,1393.95,1413.55,1362812,MSFT
2022-08-31,1433.28,1447.68,1428.94,1443.1,327450,MSFT
2022-09-01,1420.47,1430.13,1418.13,1424.7,553446,MSFT
2022-09-02,1414.81,1416.66,1409.73,1413.16,915570,MSFT
2022-09-03,1362.11,1369.97,1355.16,1355.73,863086,MSFT
2022-09-04,1349.85,1353.87,1343.44,1344.57,634579,MSFT
2022-09-05,1270.3,1278.04,1263.43,1273.73,786657,MSFT
2022-09-06,1233.25,1234.9,1227.8,1230.75,760794,MSFT
2022-09-07,1246.53,1266.06,1240.22,1254.26,1061272,MSFT
2022-09-08,1280.17,1286.69,1274.81,1278.93,1032720,MSFT
2022-09-09,1290.88,1294.44,1290.36,1293.7,890203,MSFT
2022-09-10,1257.8,1281.86,1251.42,1268.04,1040229,MSFT
2022-09-11,1278.46,1280.15,1261.94,1269.16,952362,MSFT
2022-09-12,1277.49,1284.8,1261.92,1271.54,974478,MSFT
2022-09-13,1243.55,1246.87,1235.95,1240.83,1058631,MSFT
2022-09-14,1276.28,1299.19,1261.64,1285.31,791175,MSFT
2022-09-15,1316.44,1329.41,1304.76,1313.25,805807,MSFT
2022-09-16,1299.69,1311.35,1298.63,1309.28,1439175,MSFT
2022-09-17,1324.49,1327.45,1305.7,1312.64,635183,MSFT
2022-09-18,1322.3,1323.61,1317.8,1321.38,499724,MSFT
2022-09-19,1261.45,1269.04,1252.49,1263.15,1171998,MSFT
2022-09-20,1246.7,1267.51,1244.64,1258.58,1140301,MSFT
2022-09-21,1242.81,1258.49,1231.1,1241.7,1555168,MSFT
2022-09-22,1206.8,1219.92,1202.56,1216.1,942180,MSFT
2022-09-23,1199.54,1210.87,1191.82,1210.77,1019509,MSFT
2022-09-24,1262.7,1264.0,1260.11,1262.21,810125,MSFT
2022-09-25,1291.53,1293.53,1278.17,1282.92,445562,MSFT
2022-09-26,1261.85,1269.34,1255.22,1268.91,846841,MSFT
2022-09-27,1294.66,1300.11,1284.57,1287.77,1402518,MSFT
2022-09-28,1335.14,1341.73,1320.18,1330.92,1056041,MSFT
2022-09-29,1366.57,1370.18,1351.15,1361.27,1574853,MSFT
2022-09-30,1368.73,1376.39,1355.29,1365.76,1323486,MSFT
2022-10-01,1349.84,1358.5,1344.82,1348.52,902044,MSFT
2022-10-02,1358.19,1374.4,1349.21,1372.39,3157419,MSFT
2022-10-03,1395.29,1401.46,1377.88,1387.25,2223293,MSFT
2022-10-04,1423.48,1432.2,1407.54,1417.96,811488,MSFT
2022-10-05,1454.99,1472.84,1426.75,1441.04,965114,MSFT
2022-10-06,1481.07,1496.92,1466.49,1477.96,2151011,MSFT
2022-10-07,1455.64,1465.87,1448.27,1463.02,2730665,MSFT
2022-10-08,1511.45,1514.7,1502.62,1509.33,2516027,MSFT
2022-10-09,1539.08,1556.25,1502.26,1519.01,559697,MSFT
2022-10-10,1579.42,1608.55,1575.39,1593.05,1317029,MSFT
2022-10-11,1573.19,1573.9,1552.69,1571.42,2380277,MSFT
2022-10-12,1647.39,1652.48,1622.93,1635.99,1073619,MSFT
2022-10-13,1652.83,1658.56,1639.33,1646.5,2446238,MSFT
2022-10-14,1626.51,1627.12,1625.37,1625.55,1081316,MSFT
2022-10-15,1609.3,1618.35,1605.25,1611.0,1428301,MSFT
2022-10-16,1597.09,1606.4,1595.52,1602.52,881380,MSFT
2022-10-17,1616.45,1624.69,1610.29,1620.98,891109,MSFT
2022-10-18,1637.47,1653.99,1626.12,1643.26,794652,MSFT
2022-10-19,1618.69,1628.82,1612.63,1625.23,1132160,MSFT
2022-10-20,1637.16,1643.42,1617.72,1627.52,762131,MSFT
2022-10-21,1689.73,1719.73,1682.15,1709.3,2329219,MSFT
2022-10-22,1780.69,1783.28,1776.74,1779.22,978414,MSFT
2022-10-23,1801.5,1811.76,1795.01,1800.2,1344601,MSFT
2022-10-24,1808.85,1811.7,1802.09,1805.27,1019462,MSFT
2022-10-25,1813.01,1823.6,1809.92,1813.69,2175768,MSFT
2022-10-26,1846.32,1851.48,1833.91,1842.33,1286483,MSFT
2022-10-27,1796.31,1816.57,1795.04,1803.46,1701848,MSFT
2022-10-28,1819.59,1834.23,1779.69,1796.53,1337765,MSFT
2022-10-29,1741.0,1746.33,1723.24,1732.48,2400499,MSFT
2022-10-30,1757.0,1772.84,1747.95,1751.46,1140036,MSFT
2022-10-31,1788.0,1794.49,1774.56,1780.44,490861,MSFT
2022-11-01,1761.02,1770.99,1756.96,1764.54,1478461,MSFT
2022-11-02,1833.13,1837.95,1820.49,1830.6,1396724,MSFT
2022-11-03,1794.17,1805.7,1771.01,1783.61,1079016,MSFT
2022-11-04,1740.57,1746.87,1719.97,1728.22,1035538,MSFT
2022-11-05,1733.69,1748.21,1730.02,1740.35,1217831,MSFT
2022-11-06,1783.68,1787.86,1774.74,1784.84,1289815,MSFT
2022-11-07,1862.02,1866.78,1854.5,1856.09,1997152,MSFT
2022-11-08,1835.21,1845.89,1830.4,1840.52,1101676,MSFT
2022-11-09,1866.47,1893.22,1860.76,1888.88,1868928,MSFT
2022-11-10,1875.46,1913.77,1852.58,1890.94,503473,MSFT
2022-11-11,1879.37,1900.06,1872.13,1887.29,1439308,MSFT
2022-11-12,1927.19,1928.83,1926.65,1928.58,595756,MSFT
2022-11-13,1961.1,1973.75,1942.21,1960.72,1844346,MSFT
2022-11-14,1894.18,1896.67,1891.3,1894.88,4419700,MSFT
2022-11-15,1966.06,1974.99,1954.08,1961.67,721827,MSFT
2022-11-16,2020.52,2033.86,2018.16,2026.54,2655042,MSFT
2022-11-17,2013.65,2036.28,1981.23,2001.93,878198,MSFT
2022-11-18,2016.42,2038.51,2001.37,2023.71,1255091,MSFT
2022-11-19,2055.12,2060.85,2046.4,2050.21,1958710,MSFT
2022-11-20,2061.39,2068.62,2051.48,2066.28,850361,MSFT
2022-11-21,2038.05,2054.83,2036.22,2044.69,1345325,MSFT
2022-11-22,2014.8,2025.56,2005.34,2017.74,761251,MSFT
2022-11-23,2034.77,2037.8,2013.75,2020.53,2228658,MSFT
2022-11-24,2083.72,2092.91,2073.39,2077.9,1101625,MSFT
2022-11-25,2117.9,2127.56,2100.98,2107.44,1017317,MSFT
2022-11-26,2123.86,2127.19,2073.33,2093.96,1062257,MSFT
2022-11-27,2124.78,2155.98,2109.18,2134.49,824824,MSFT
2022-11-28,2001.4,2011.92,1992.59,2001.61,1177629,MSFT
2022-11-29,2050.57,2069.26,2044.59,2057.36,475492,MSFT
2022-11-30,1988.57,1998.96,1980.23,1980.71,3324146,MSFT
2022-12-01,1976.12,1977.87,1959.44,1968.4,1869694,MSFT
2022-12-02,1934.13,1947.33,1919.39,1922.58,1322802,MSFT
2022-12-03,1887.62,1890.12,1863.46,1870.23,585254,MSFT
2022-12-04,1935.38,1946.7,1916.28,1922.83,1717739,MSFT
2022-12-05,1884.71,1923.27,1871.61,1906.33,1532763,MSFT
2022-12-06,1923.66,1930.91,1921.74,1924.95,791004,MSFT
2022-12-07,1911.72,1932.27,1897.38,1926.69,1325813,MSFT
2022-12-08,1956.7,1963.4,1947.86,1951.18,1144080,MSFT
2022-12-09,1957.94,1967.95,1949.4,1958.38,330543,MSFT
2022-12-10,1915.41,1920.87,1902.56,1905.58,1407930,MSFT
2022-12-11,1943.79,1956.32,1942.81,1952.11,1895867,MSFT
2022-12-12,1931.01,1940.71,1914.79,1934.2,717602,MSFT
2022-12-13,1886.97,1904.66,1852.33,1870.12,1056927,MSFT
2022-12-14,1857.05,1857.55,1847.61,1855.74,1334187,MSFT
2022-12-15,1929.12,1945.1,1912.98,1922.15,865142,MSFT
2022-12-16,1940.93,1970.67,1929.42,1962.76,1421477,MSFT
2022-12-17,1940.37,1959.48,1934.0,1951.18,1945806,MSFT
2022-12-18,1934.44,1941.16,1929.96,1939.64,1271853,MSFT
2022-12-19,1939.24,1945.07,1921.65,1929.37,1174737,MSFT
2022-12-20,2009.01,2035.63,1991.63,2023.48,799055,MSFT
2022-12-21,2049.75,2064.45,2030.79,2044.86,1099158,MSFT
2022-12-22,2063.52,2076.85,2052.9,2068.69,923385,MSFT
2022-12-23,2112.79,2126.64,2111.73,2120.79,3272677,MSFT
2022-12-24,2143.09,2146.98,2130.84,2136.36,1697391,MSFT
2022-12-25,2130.94,2137.16,2123.79,2128.07,2679177,MSFT
2022-12-26,2101.08,2148.93,2096.21,2122.82,2575967,MSFT
2022-12-27,2123.34,2132.86,2109.96,2123.55,675122,MSFT
2022-12-28,2127.2,2128.69,2123.88,2125.93,3093786,MSFT
2022-12-29,2155.23,2187.01,2148.84,2164.96,1199958,MSFT
2022-12-30,2161.8,2185.11,2155.67,2171.74,1632009,MSFT
2022-12-31,2206.93,2216.79,2201.89,2211.86,916309,MSFT
2023-01-01,2183.79,2234.26,2183.74,2212.17,1212251,MSFT
2023-01-02,2205.19,2242.07,2198.01,2220.42,672814,MSFT
2023-01-03,2122.82,2133.19,2114.69,2124.75,1961822,MSFT
2023-01-04,2164.59,2179.47,2163.45,2172.8,1208683,MSFT
2023-01-05,2164.34,2220.81,2143.78,2194.03,1397209,MSFT
2023-01-06,2247.74,2248.88,2245.2,2247.69,862988,MSFT
2023-01-07,2111.77,2119.99,2103.3,2105.34,1212427,MSFT
2023-01-08,2232.98,2235.92,2188.39,2208.58,1138906,MSFT
2023-01-09,2219.92,2225.39,2201.87,2205.96,999522,MSFT
2023-01-10,2265.87,2273.28,2260.29,2265.39,619419,MSFT
2023-01-11,2238.33,2265.31,2202.47,2216.72,1244653,MSFT
2023-01-12,2257.56,2272.19,2231.99,2251.68,2121640,MSFT
2023-01-13,2209.59,2213.54,2197.79,2202.62,961046,MSFT
2023-01-14,2166.52,2189.55,2146.28,2175.97,3086261,MSFT
2023-01-15,2274.68,2277.55,2269.15,2274.11,1292682,MSFT
2023-01-16,2270.54,2278.96,2262.93,2268.79,1906216,MSFT
2023-01-17,2294.52,2307.78,2278.39,2284.36,1541887,MSFT
2023-01-18,2327.3,2354.12,2305.3,2333.64,834997,MSFT
2023-01-19,2357.82,2365.95,2334.95,2364.28,1414766,MSFT
2023-01-20,2383.72,2385.37,2358.78,2376.93,939157,MSFT
2023-01-21,2414.61,2427.72,2397.88,2401.14,1303319,MSFT
2023-01-22,2544.31,2545.85,2524.69,2535.94,1635064,MSFT
2023-01-23,2528.18,2544.85,2517.98,2537.61,773791,MSFT
2023-01-24,2551.18,2559.83,2542.62,2554.09,2007009,MSFT
2023-01-25,2606.19,2620.94,2593.29,2619.58,907048,MSFT
2023-01-26,2681.38,2695.76,2675.6,2689.99,674744,MSFT
2023-01-27,2781.78,2786.62,2750.07,2767.24,1126671,MSFT
2023-01-28,2788.27,2842.92,2766.25,2812.51,654245,MSFT
2023-01-29,2731.22,2783.79,2710.91,2745.55,614194,MSFT
2023-01-30,2843.27,2874.11,2821.52,2852.02,573043,MSFT
2023-01-31,2806.16,2811.66,2776.21,2783.91,3171830,MSFT
2023-02-01,2825.13,2841.94,2796.79,2808.36,1556426,MSFT
2023-02-02,2765.24,2791.78,2734.4,2766.11,1352761,MSFT
2023-02-03,2759.76,2773.67,2748.19,2767.52,1360265,MSFT
2023-02-04,2801.12,2801.49,2779.04,2793.46,1401611,MSFT
2023-02-05,2828.3,2834.62,2808.82,2819.16,1854125,MSFT
2023-02-06,2857.4,2895.7,2839.2,2851.5,1177407,MSFT
2023-02-07,2938.64,2980.86,2938.01,2960.81,1099137,MSFT
2023-02-08,2988.47,3011.75,2976.95,2996.88,547338,MSFT
2023-02-09,2974.73,2986.65,2961.98,2986.26,689897,MSFT
2023-02-10,3066.81,3071.43,3036.44,3057.01,1204009,MSFT
2023-02-11,3151.23,3177.21,3120.92,3144.97,501006,MSFT
2023-02-12,3068.19,3087.46,3059.9,3064.1,1471617,MSFT
2023-02-13,3093.97,3129.94,3090.58,3111.36,946016,MSFT
2023-02-14,3178.44,3183.33,3156.02,3166.64,803840,MSFT
2023-02-15,3161.28,3194.7,3144.36,3151.6,2145487,MSFT
2023-02-16,3255.36,3262.39,3244.86,3255.51,604010,MSFT
2023-02-17,3250.72,3260.49,3236.34,3250.87,963430,MSFT
2023-02-18,3254.28,3274.62,3242.92,3266.44,764642,MSFT
2023-02-19,3255.45,3281.53,3237.66,3260.1,2143231,MSFT
2023-02-20,3233.57,3290.02,3232.78,3267.63,624127,MSFT
2023-02-21,3192.65,3207.06,3185.7,3193.28,894120,MSFT
2023-02-22,3117.65,3122.67,3072.2,3095.87,679526,MSFT
2023-02-23,3207.2,3215.08,3196.32,3213.21,1158260,MSFT
2023-02-24,3171.61,3172.06,3157.3,3158.16,1338553,MSFT
2023-02-25,3072.89,3105.14,3053.32,3093.77,426569,MSFT
2023-02-26,2941.25,2964.65,2914.32,2949.65,709392,MSFT
2023-02-27,2914.62,2920.24,2898.1,2912.94,974265,MSFT
2023-02-28,2824.57,2850.36,2814.07,2831.76,1114634,MSFT
2023-03-01,2958.68,2973.11,2926.48,2942.13,715128,MSFT
2023-03-02,3032.84,3070.59,3004.78,3014.87,852484,MSFT
2023-03-03,2963.07,2974.43,2952.41,2974.0,1264063,MSFT
2023-03-04,3117.55,3144.35,3102.1,3130.83,1341803,MSFT
2023-03-05,3205.21,3217.27,3176.88,3206.26,270083,MSFT
2023-03-06,3224.24,3226.13,3186.2,3189.06,771135,MSFT
2023-03-07,3035.92,3036.33,3006.12,3015.63,639860,MSFT
2023-03-08,3187.29,3229.27,3161.42,3177.27,893298,MSFT
2023-03-09,3081.4,3089.34,3074.53,3083.97,1104795,MSFT
2023-03-10,2968.95,2981.65,2968.21,2975.62,540457,MSFT
2023-03-11,3022.36,3081.42,3010.64,3050.04,683258,MSFT
2023-03-12,3211.09,3235.7,3202.81,3223.76,837638,MSFT
2023-03-13,3317.24,3342.85,3303.16,3330.67,1037791,MSFT
2023-03-14,3387.44,3391.96,3373.34,3379.54,537887,MSFT
2023-03-15,3423.16,3463.95,3389.49,3431.47,755471,MSFT
2023-03-16,3491.59,3512.39,3461.94,3504.2,424717,MSFT
2023-03-17,3600.0,3634.74,3547.71,3571.02,758717,MSFT
2023-03-18,3622.85,3649.9,3599.22,3600.65,784807,MSFT
2023-03-19,3652.78,3684.39,3574.0,3616.16,409589,MSFT
2023-03-20,3611.51,3620.92,3594.35,3618.14,1251339,MSFT
2023-03-21,3572.0,3572.15,3545.69,3563.73,1011032,MSFT
2023-03-22,3575.23,3576.34,3532.72,3548.17,467931,MSFT
2023-03-23,3406.04,3420.01,3404.29,3419.71,839891,MSFT
2023-03-24,3384.8,3419.49,3348.38,3418.82,835034,MSFT
2023-03-25,3328.07,3355.35,3315.77,3349.33,294760,MSFT
2023-03-26,3292.59,3310.39,3256.52,3272.57,580584,MSFT
2023-03-27,3299.8,3308.94,3288.67,3292.25,834343,MSFT
2023-03-28,3413.12,3417.57,3390.76,3402.01,338213,MSFT
2023-03-29,3486.72,3498.89,3448.2,3479.1,554810,MSFT
2023-03-30,3353.01,3369.68,3347.32,3362.74,957362,MSFT
2023-03-31,3286.9,3301.48,3285.91,3294.31,872668,MSFT
2023-04-01,3389.2,3409.67,3369.1,3370.63,368794,MSFT
2023-04-02,3282.06,3313.89,3272.46,3302.58,1230132,MSFT
2023-04-03,3305.62,3312.12,3286.07,3292.32,926444,MSFT
2023-04-04,3311.39,3351.83,3270.6,3339.6,953938,MSFT
2023-04-05,3254.41,3290.03,3254.07,3273.24,2220913,MSFT
2023-04-06,3290.76,3316.35,3256.92,3287.42,636873,MSFT
2023-04-07,3179.88,3196.62,3167.2,3195.0,1147871,MSFT
2023-04-08,3168.0,3176.92,3157.8,3157.95,329314,MSFT
2023-04-09,3181.02,3216.21,3164.51,3186.9,950144,MSFT
2023-04-10,3081.38,3105.17,3077.67,3078.7,2286110,MSFT
2023-04-11,3123.32,3164.09,3083.93,3115.3,1026788,MSFT
2023-04-12,3119.1,3124.03,3116.53,3120.03,581688,MSFT
2023-04-13,3187.55,3202.84,3143.89,3165.0,318214,MSFT
2023-04-14,3192.0,3204.11,3182.73,3187.17,557148,MSFT
2023-04-15,3286.82,3313.36,3253.69,3291.42,862800,MSFT
2023-04-16,3300.7,3309.75,3298.34,3307.16,262630,MSFT
2023-04-17,3285.37,3316.0,3267.79,3281.63,784342,MSFT
2023-04-18,3254.48,3298.19,3244.81,3297.1,547167,MSFT
2023-04-19,3346.85,3355.24,3339.67,3343.94,464072,MSFT
2023-04-20,3348.14,3365.23,3340.22,3354.17,831018,MSFT
2023-04-21,3375.7,3380.1,3356.31,3363.81,532410,MSFT
2023-04-22,3320.65,3322.46,3307.98,3317.17,527075,MSFT
2023-04-23,3279.39,3316.15,3259.15,3274.1,547326,MSFT
2023-04-24,3166.38,3196.71,3147.67,3176.99,418168,MSFT
2023-04-25,3306.02,3325.05,3295.48,3308.51,838997,MSFT
2023-04-26,3247.85,3268.81,3205.14,3222.23,291597,MSFT
2023-04-27,3153.02,3183.02,3139.08,3178.21,788728,MSFT
2023-04-28,3128.84,3133.55,3128.84,3132.96,972403,MSFT
2023-04-29,3188.8,3203.24,3174.74,3202.3,1189761,MSFT
2023-04-30,3196.23,3220.13,3175.32,3187.28,902684,MSFT
2023-05-01,3272.72,3318.33,3249.2,3283.18,1364347,MSFT
2023-05-02,3261.94,3274.85,3224.44,3239.76,394509,MSFT
2023-05-03,3260.33,3270.29,3242.81,3266.48,628098,MSFT
2023-05-04,3207.72,3243.93,3190.59,3211.37,499210,MSFT
2023-05-05,3361.8,3378.89,3350.93,3372.95,298911,MSFT
2023-05-06,3290.63,3294.54,3280.04,3289.26,955744,MSFT
2023-05-07,3337.62,3344.19,3285.77,3318.68,1124600,MSFT
2023-05-08,3355.64,3391.91,3348.69,3372.59,740448,MSFT
2023-05-09,3412.35,3443.38,3399.42,3410.66,1369134,MSFT
2023-05-10,3425.28,3432.51,3380.87,3403.09,690676,MSFT
2023-05-11,3412.25,3428.07,3377.09,3399.8,627890,MSFT
2023-05-12,3387.81,3420.56,3352.68,3409.82,1022807,MSFT
2023-05-13,3395.33,3406.7,3372.36,3405.2,935801,MSFT
2023-05-14,3486.01,3502.6,3482.44,3485.86,1268593,MSFT
2023-05-15,3681.8,3685.67,3661.63,3666.39,566115,MSFT
2023-05-16,3594.17,3644.44,3569.07,3627.49,385579,MSFT
2023-05-17,3531.31,3535.86,3509.62,3522.59,512506,MSFT
2023-05-18,3523.35,3530.72,3517.32,3522.48,486548,MSFT
2023-05-19,3743.65,3748.99,3721.74,3734.22,980795,MSFT
2023-05-20,3681.05,3697.68,3673.14,3673.88,1201034,MSFT
2023-05-21,3820.82,3861.43,3806.31,3816.83,1370481,MSFT
2023-05-22,3970.12,3982.17,3949.76,3968.65,557973,MSFT
2023-05-23,3912.09,3929.96,3910.24,3926.9,695744,MSFT
2023-05-24,3942.19,4002.07,3938.48,3984.96,597874,MSFT
2023-05-25,4160.21,4209.99,4087.21,4139.05,1038834,MSFT
2023-05-26,4118.59,4119.89,4102.54,4111.78,953019,MSFT
2023-05-27,4099.86,4122.95,4094.42,4100.96,1031755,MSFT
2023-05-28,4055.0,4055.9,4045.49,4055.22,585377,MSFT
2023-05-29,4005.47,4034.41,3949.32,3970.4,525050,MSFT
2023-05-30,3929.73,3931.1,3918.9,3920.07,784573,MSFT
2023-05-31,3827.08,3827.87,3792.11,3819.59,523990,MSFT
2023-06-01,3840.6,3847.62,3807.25,3830.01,1987091,MSFT
2023-06-02,3757.32,3783.64,3731.01,3771.03,1151007,MSFT
2023-06-03,3787.01,3804.41,3782.1,3798.29,496932,MSFT
2023-06-04,3656.88,3675.95,3643.11,3672.51,1621083,MSFT
2023-06-05,3745.83,3784.79,3665.27,3707.1,821789,MSFT
2023-06-06,3755.93,3803.97,3711.86,3784.02,976772,MSFT
2023-06-07,3622.59,3627.66,3618.22,3621.36,1558306,MSFT
2023-06-08,3676.49,3695.24,3620.08,3658.99,1184831,MSFT
2023-06-09,3789.66,3796.43,3760.21,3767.42,750300,MSFT
2023-06-10,3649.96,3707.21,3640.1,3672.07,1203600,MSFT
2023-06-11,3844.83,3872.99,3804.11,3817.71,453571,MSFT
2023-06-12,3828.97,3878.68,3815.85,3861.25,503225,MSFT
2023-06-13,3755.51,3860.23,3704.37,3807.45,1323512,MSFT
2023-06-14,3817.26,3836.54,3799.24,3810.12,959588,MSFT
2023-06-15,3867.68,3883.21,3844.12,3865.54,622504,MSFT
2023-06-16,3878.18,3888.4,3875.19,3879.73,1066865,MSFT
2023-06-17,3960.74,3984.02,3930.69,3934.45,1272876,MSFT
2023-06-18,3868.8,3906.63,3857.0,3860.5,616546,MSFT
2023-06-19,3879.89,3892.56,3871.29,3882.8,1695269,MSFT
2023-06-20,3792.98,3802.98,3734.26,3766.67,1823231,MSFT
2023-06-21,3745.25,3781.97,3726.4,3764.6,1392007,MSFT
2023-06-22,3715.98,3747.14,3673.49,3695.27,589549,MSFT
2023-06-23,3647.62,3663.25,3613.02,3641.24,1178113,MSFT
2023-06-24,3762.53,3772.36,3714.94,3749.83,1778008,MSFT
2023-06-25,3851.88,3867.88,3844.86,3849.43,774600,MSFT
2023-06-26,3876.35,3925.74,3854.9,3909.82,734871,MSFT
2023-06-27,3809.63,3843.36,3787.35,3821.21,650569,MSFT
2023-06-28,3771.72,3806.1,3745.38,3801.44,711290,MSFT
2023-06-29,3866.85,3939.04,3823.93,3912.84,823650,MSFT
2023-06-30,3916.64,3963.0,3893.41,3933.01,1479777,MSFT
2023-07-01,4131.23,4158.78,4119.31,4146.34,1910077,MSFT
2023-07-02,4160.8,4203.6,4138.72,4191.22,579523,MSFT
2023-07-03,4247.49,4281.0,4214.11,4217.58,1489051,MSFT
2023-07-04,4155.0,4231.12,4112.17,4196.45,1619267,MSFT
2023-07-05,4231.07,4264.43,4207.49,4217.3,1613656,MSFT
2023-07-06,4233.49,4260.83,4205.01,4211.07,1962267,MSFT
2023-07-07,4321.14,4369.12,4246.99,4286.54,636264,MSFT
2023-07-08,4414.73,4428.97,4365.9,4387.38,691233,MSFT
2023-07-09,4324.45,4384.68,4276.31,4318.24,1930233,MSFT
2023-07-10,4183.18,4206.53,4174.58,4197.11,1967237,MSFT
2023-07-11,4071.77,4100.94,4003.68,4031.6,508400,MSFT
2023-07-12,4107.72,4137.25,4081.69,4085.67,774726,MSFT
2023-07-13,3981.35,4019.49,3960.33,3992.05,1839767,MSFT
2023-07-14,3790.02,3842.95,3736.59,3806.13,1195183,MSFT
2023-07-15,3821.14,3851.68,3820.5,3846.93,1822043,MSFT
2023-07-16,4049.04,4072.57,4044.52,4070.65,1276625,MSFT
2023-07-17,4070.65,4092.38,4061.65,4078.07,1690135,MSFT
2023-07-18,4134.1,4197.03,4108.93,4163.14,702838,MSFT
2023-07-19,4201.23,4211.23,4170.41,4178.97,847539,MSFT
2023-07-20,4193.13,4193.68,4162.29,4177.84,888814,MSFT
2023-07-21,4237.09,4276.1,4189.05,4272.58,1489616,MSFT
2023-07-22,4279.27,4285.31,4238.48,4252.99,1726980,MSFT
2023-07-23,4243.45,4307.5,4213.07,4286.96,1413744,MSFT
2023-07-24,4358.85,4408.42,4321.33,4326.45,1016713,MSFT
2023-07-25,4289.05,4305.08,4223.74,4269.76,1268549,MSFT
2023-07-26,4364.29,4376.91,4327.33,4373.61,1133974,MSFT
2023-07-27,4363.44,4398.79,4334.82,4364.93,1292695,MSFT
2023-07-28,4296.1,4309.17,4276.5,4299.12,1521793,MSFT
2023-07-29,4372.82,4386.77,4328.4,4359.53,1421538,MSFT
2023-07-30,4323.13,4336.84,4272.01,4279.78,1216036,MSFT
2023-07-31,4312.13,4323.58,4282.53,4290.88,664041,MSFT
2023-08-01,4330.94,4331.83,4254.98,4298.4,814518,MSFT
2023-08-02,4425.27,4432.44,4395.23,4412.04,1094971,MSFT
2023-08-03,4460.69,4480.65,4440.82,4467.9,602891,MSFT
2023-08-04,4464.14,4482.08,4455.63,4474.13,2144368,MSFT
2023-08-05,4530.27,4582.88,4479.02,4565.37,1465407,MSFT
2023-08-06,4728.04,4738.51,4709.94,4717.38,3154080,MSFT
2023-08-07,4768.29,4790.25,4764.45,4785.94,2049363,MSFT
2023-08-08,4795.57,4817.13,4774.28,4796.43,1507414,MSFT
2023-08-09,4652.09,4690.3,4647.03,4663.99,1809967,MSFT
2023-08-10,4568.71,4573.89,4540.39,4561.14,2482881,MSFT
2023-08-11,4522.36,4556.76,4512.42,4538.69,1047101,MSFT
2023-08-12,4496.02,4507.96,4455.71,4485.22,1504803,MSFT
2023-08-13,4453.46,4516.25,4415.84,4475.11,1267076,MSFT
2023-08-14,4444.95,4504.62,4398.88,4489.59,1418951,MSFT
2023-08-15,4571.57,4609.33,4507.79,4551.99,1461603,MSFT
2023-08-16,4545.81,4555.54,4530.13,4553.67,1522626,MSFT
2023-08-17,4668.06,4688.55,4575.77,4612.53,2079026,MSFT
2023-08-18,4626.08,4639.61,4624.76,4628.27,3122027,MSFT
2023-08-19,4443.13,4455.33,4421.01,4431.23,1124496,MSFT
2023-08-20,4331.73,4357.45,4328.33,4346.08,814483,MSFT
2023-08-21,4295.93,4382.16,4254.3,4340.48,1047105,MSFT
2023-08-22,4210.49,4246.65,4197.66,4230.62,2042943,MSFT
2023-08-23,4313.59,4325.3,4283.18,4296.12,1240067,MSFT
2023-08-24,4423.6,4478.68,4396.76,4452.78,656617,MSFT
2023-08-25,4600.86,4655.56,4537.45,4583.84,1631794,MSFT
2023-08-26,4559.53,4591.69,4529.13,4570.76,1089941,MSFT
2023-08-27,4731.13,4771.69,4721.59,4733.31,1037778,MSFT
2023-08-28,4773.34,4796.6,4699.53,4758.45,1153691,MSFT
2023-08-29,4717.09,4740.89,4714.91,4731.61,852800,MSFT
2023-08-30,4722.35,4762.47,4642.71,4675.45,1116037,MSFT
2023-08-31,4697.09,4723.25,4617.17,4652.73,1762607,MSFT
2023-09-01,4622.68,4676.35,4582.24,4621.13,3487536,MSFT
2023-09-02,4631.33,4653.33,4599.22,4647.93,2966289,MSFT
2023-09-03,4678.98,4688.81,4655.91,4673.86,573694,MSFT
2023-09-04,4679.27,4686.55,4675.3,4683.34,1266437,MSFT
2023-09-05,4754.89,4763.4,4720.54,4738.64,1945500,MSFT
2023-09-06,4874.43,4885.68,4856.65,4875.11,2041854,MSFT
2023-09-07,4986.78,5006.01,4979.09,4989.01,1045811,MSFT
2023-09-08,4812.3,4861.06,4798.92,4831.79,943638,MSFT
2023-09-09,4606.46,4615.7,4510.56,4563.08,2552718,MSFT
2023-09-10,4638.74,4709.32,4583.14,4668.12,2256193,MSFT
2023-09-11,4524.05,4536.79,4523.53,4533.43,889849,MSFT
2023-09-12,4485.08,4530.95,4473.24,4519.34,1579047,MSFT
2023-09-13,4394.32,4411.1,4381.91,4408.99,1411402,MSFT
2023-09-14,4229.32,4257.6,4213.4,4238.52,1194470,MSFT
2023-09-15,4253.22,4328.41,4235.61,4298.56,1839916,MSFT
2023-09-16,4382.77,4384.96,4373.82,4380.54,1497206,MSFT
2023-09-17,4310.17,4336.84,4302.27,4332.2,694354,MSFT
2023-09-18,4084.85,4097.62,4075.39,4087.65,575863,MSFT
2023-09-19,4039.06,4048.2,4037.45,4045.32,1983359,MSFT
2023-09-20,4120.13,4145.83,4063.5,4088.97,905085,MSFT
2023-09-21,3927.24,3997.67,3913.84,3960.66,1641086,MSFT
2023-09-22,3998.4,4002.56,3970.06,3984.79,1361594,MSFT
2023-09-23,4010.43,4015.94,3975.9,3991.22,3764982,MSFT
2023-09-24,4069.13,4091.33,4035.99,4051.16,996243,MSFT
2023-09-25,4065.62,4070.05,4064.72,4070.02,1551763,MSFT
2023-09-26,4023.51,4044.16,3963.34,3988.71,1694642,MSFT
2023-09-27,4152.74,4197.25,4089.27,4104.11,1097853,MSFT
2023-09-28,4134.54,4142.95,4066.97,4097.49,1281394,MSFT
2023-09-29,4081.73,4122.07,4044.67,4102.99,944513,MSFT
2023-09-30,4025.82,4036.84,3999.39,4024.71,976196,MSFT
2023-10-01,4009.82,4029.93,3988.12,3992.38,1084986,MSFT
2023-10-02,3929.48,3940.4,3918.8,3920.57,1449747,MSFT
2023-10-03,3901.74,3923.57,3890.49,3912.96,1835468,MSFT
2023-10-04,4084.49,4098.18,4065.44,4071.61,596381,MSFT
2023-10-05,3948.27,3955.17,3933.25,3953.67,1733646,MSFT
2023-10-06,3817.81,3830.93,3804.88,3817.6,1396991,MSFT
2023-10-07,3957.61,3979.02,3925.96,3951.69,1724810,MSFT
2023-10-08,3943.27,3947.91,3932.22,3940.78,682480,MSFT
2023-10-09,3890.77,3934.24,3846.71,3889.06,628702,MSFT
2023-10-10,3949.1,3994.17,3921.59,3987.85,1004886,MSFT
2023-10-11,3924.72,3949.42,3907.01,3941.22,713089,MSFT
2023-10-12,4155.46,4191.03,4068.93,4111.17,886990,MSFT
2023-10-13,4182.17,4194.13,4172.71,4182.05,973580,MSFT
2023-10-14,4132.81,4152.55,4127.5,4144.24,2319628,MSFT
2023-10-15,4385.81,4409.74,4338.64,4353.9,1594489,MSFT
2023-10-16,4257.95,4351.78,4239.99,4302.98,1219519,MSFT
2023-10-17,4404.99,4444.09,4340.05,4383.39,456378,MSFT
2023-10-18,4420.7,4444.56,4404.54,4421.55,2494201,MSFT
2023-10-19,4552.16,4589.46,4539.53,4559.96,366200,MSFT
2023-10-20,4798.6,4830.56,4719.41,4729.4,767025,MSFT
2023-10-21,4770.47,4782.35,4722.78,4742.08,1373106,MSFT
2023-10-22,4687.37,4712.92,4661.93,4670.83,3159847,MSFT
2023-10-23,4720.59,4744.48,4701.53,4728.41,1315375,MSFT
2023-10-24,4623.63,4696.53,4611.02,4665.44,781415,MSFT
2023-10-25,4933.8,4934.87,4843.28,4886.32,575027,MSFT
2023-10-26,4892.7,4958.06,4860.59,4910.93,2242641,MSFT
2023-10-27,4901.86,4904.18,4856.21,4880.11,741083,MSFT
2023-10-28,4913.7,4919.3,4908.44,4909.99,2384085,MSFT
2023-10-29,4762.86,4796.38,4733.5,4770.5,1336557,MSFT
2023-10-30,4669.62,4676.3,4651.55,4675.36,1023745,MSFT
2023-10-31,4790.17,4814.84,4775.95,4811.03,1252196,MSFT
2023-11-01,4735.03,4787.36,4714.81,4749.22,1615293,MSFT
2023-11-02,4635.25,4651.05,4632.95,4646.44,1248155,MSFT
2023-11-03,4761.35,4807.7,4699.27,4711.75,358782,MSFT
2023-11-04,4885.83,4886.2,4845.63,4846.92,1518617,MSFT
2023-11-05,4931.94,4953.67,4910.28,4934.97,271602,MSFT
2023-11-06,5082.43,5128.06,5021.55,5055.44,939848,MSFT
2023-11-07,4978.23,5005.66,4929.18,4979.1,539182,MSFT
2023-11-08,4818.36,4856.92,4810.25,4829.26,615764,MSFT
2023-11-09,5015.79,5024.23,4995.81,5002.16,596296,MSFT
2023-11-10,4976.94,4982.91,4969.96,4975.58,659004,MSFT
2023-11-11,4966.85,4978.42,4956.29,4957.19,902026,MSFT
2023-11-12,5133.35,5134.63,5099.8,5115.32,622824,MSFT
2023-11-13,5185.11,5238.89,5154.14,5189.48,1047484,MSFT
2023-11-14,5287.03,5318.68,5235.0,5252.98,636851,MSFT
2023-11-15,5522.74,5530.02,5503.11,5519.63,195350,MSFT
2023-11-16,5495.56,5567.92,5377.02,5450.38,374260,MSFT
2023-11-17,5567.35,5603.35,5542.22,5575.05,523955,MSFT
2023-11-18,5597.54,5604.16,5577.78,5593.14,551277,MSFT
2023-11-19,5661.93,5669.51,5632.44,5637.96,487122,MSFT
2023-11-20,5781.23,5862.12,5758.34,5843.26,578846,MSFT
2023-11-21,5939.17,5954.42,5903.78,5921.6,945980,MSFT
2023-11-22,6005.38,6055.13,5999.46,6005.05,744036,MSFT
2023-11-23,6109.39,6168.08,6104.98,6162.0,1365559,MSFT
2023-11-24,6114.08,6137.89,6109.69,6123.38,647139,MSFT
2023-11-25,6005.13,6061.54,5990.54,6019.53,425610,MSFT
2023-11-26,5872.31,5901.37,5869.61,5889.55,767444,MSFT
2023-11-27,5633.8,5669.28,5606.36,5640.02,740555,MSFT
2023-11-28,5868.81,5931.76,5822.54,5912.49,1172201,MSFT
2023-11-29,5778.13,5789.28,5750.27,5777.04,590136,MSFT
2023-11-30,5798.69,5824.71,5728.52,5759.54,1288141,MSFT
2023-12-01,5758.7,5811.77,5707.22,5734.88,371119,MSFT
2023-12-02,5765.33,5796.23,5737.46,5785.86,602198,MSFT
2023-12-03,5939.66,5981.55,5888.36,5903.58,768708,MSFT
2023-12-04,6041.95,6051.69,6005.16,6029.66,2438847,MSFT
2023-12-05,5953.43,5964.71,5938.46,5962.22,1080671,MSFT
2023-12-06,5922.88,5955.58,5919.17,5951.44,348744,MSFT
2023-12-07,6082.47,6104.72,5992.52,6001.0,983687,MSFT
2023-12-08,5925.39,6028.55,5908.87,5979.12,1620624,MSFT
2023-12-09,6232.9,6269.26,6202.2,6207.47,549032,MSFT
2023-12-10,6229.48,6338.72,6183.74,6288.33,849006,MSFT
2023-12-11,6422.35,6431.7,6367.02,6404.82,2210324,MSFT
2023-12-12,6518.62,6553.8,6475.75,6513.08,1805269,MSFT
2023-12-13,6704.66,6730.9,6666.19,6698.13,506704,MSFT
2023-12-14,6724.85,6743.36,6718.27,6738.58,520153,MSFT
2023-12-15,6574.58,6648.35,6480.59,6554.78,1513074,MSFT
2023-12-16,6631.04,6667.81,6589.68,6626.68,1287886,MSFT
2023-12-17,6549.59,6564.02,6532.29,6542.36,389592,MSFT
2023-12-18,6487.25,6537.9,6436.26,6477.22,983695,MSFT
2023-12-19,6604.74,6633.12,6566.17,6575.52,1591438,MSFT
2023-12-20,6761.06,6777.81,6752.38,6771.95,2693054,MSFT
2023-12-21,6747.94,6832.06,6715.37,6788.46,447537,MSFT
2023-12-22,6852.25,6859.09,6836.38,6849.02,507611,MSFT
2023-12-23,7117.17,7137.33,7060.29,7125.25,1692181,MSFT
2023-12-24,7169.2,7183.6,7141.09,7177.87,421060,MSFT
2023-12-25,7641.71,7649.85,7603.79,7612.9,679957,MSFT
2023-12-26,7717.97,7743.91,7653.72,7724.86,664911,MSFT
2023-12-27,7474.31,7545.38,7417.25,7433.38,506106,MSFT
2023-12-28,7555.01,7586.44,7547.86,7574.18,488558,MSFT
2023-12-29,7685.43,7731.18,7625.76,7654.09,444490,MSFT
2023-12-30,7832.62,7898.88,7774.25,7891.62,622610,MSFT
2023-12-31,8085.99,8177.82,7927.04,8026.84,565104,MSFT
2024-01-01,8017.16,8041.62,7981.92,8017.51,501384,MSFT
2024-01-02,7757.35,7836.59,7735.79,7811.94,331730,MSFT
2024-01-03,7832.1,7854.48,7789.04,7790.43,1712734,MSFT
2024-01-04,7642.48,7741.88,7559.42,7656.33,953991,MSFT
2024-01-05,7547.33,7590.8,7514.55,7571.13,853096,MSFT
2024-01-06,7712.11,7775.67,7667.32,7686.42,1181738,MSFT
2024-01-07,7950.55,8030.64,7924.84,7990.82,454474,MSFT
2024-01-08,8139.19,8157.46,8058.76,8077.56,751441,MSFT
2024-01-09,7887.83,7948.83,7875.52,7875.63,1590601,MSFT
2024-01-10,7987.63,7987.76,7895.29,7969.99,1545783,MSFT
2024-01-11,8197.58,8214.6,8173.43,8200.59,667687,MSFT
2024-01-12,8052.37,8112.0,8024.58,8103.93,1166294,MSFT
2024-01-13,8075.43,8122.4,8050.04,8095.32,738516,MSFT
2024-01-14,8043.73,8140.95,7934.28,8113.86,1006621,MSFT
2024-01-15,7970.44,8021.67,7911.63,7986.19,833723,MSFT
2024-01-16,8051.48,8152.52,8049.65,8118.54,233205,MSFT
2024-01-17,8052.67,8203.29,8016.53,8112.31,1814871,MSFT
2024-01-18,8291.72,8383.86,8198.6,8204.92,1087414,MSFT
2024-01-19,8070.18,8074.9,8053.78,8056.84,550470,MSFT
2024-01-20,8057.26,8057.82,7934.95,7993.18,699237,MSFT
2024-01-21,8134.71,8157.8,8120.18,8138.99,767054,MSFT
2024-01-22,8071.82,8131.36,8066.89,8086.53,1266619,MSFT
2024-01-23,8532.21,8599.57,8360.73,8417.18,1472166,MSFT
2024-01-24,8353.17,8359.27,8346.91,8357.84,1433491,MSFT
2024-01-25,8435.12,8509.41,8392.2,8416.54,1243965,MSFT
2024-01-26,8628.87,8634.15,8591.92,8609.97,476018,MSFT
2024-01-27,8409.03,8443.8,8284.74,8351.55,1206404,MSFT
2024-01-28,7974.88,8056.38,7919.38,8036.41,1052228,MSFT
2024-01-29,7817.13,7836.83,7761.66,7775.76,795997,MSFT
2024-01-30,8036.29,8061.27,7994.57,8012.31,807481,MSFT
2024-01-31,7914.26,7961.51,7886.38,7928.33,1357981,MSFT
2024-02-01,8343.59,8430.81,8326.92,8401.07,1282152,MSFT
2024-02-02,8308.47,8311.23,8281.24,8310.66,872497,MSFT
2024-02-03,8342.94,8374.03,8338.95,8361.52,335428,MSFT
2024-02-04,8645.11,8673.15,8588.86,8668.57,372114,MSFT
2024-02-05,9023.04,9094.96,9016.72,9077.56,422925,MSFT
2024-02-06,9495.8,9545.73,9450.15,9517.19,876706,MSFT
2024-02-07,9838.15,9842.54,9782.38,9795.07,1121099,MSFT
2024-02-08,10032.43,10095.85,10018.63,10040.38,1307613,MSFT
2020-01-01,156.74,157.67,155.37,155.95,1137348,AMZN
2020-01-02,158.77,159.19,157.6,158.06,639678,AMZN
2020-01-03,158.04,159.51,157.15,157.74,839953,AMZN
2020-01-04,161.34,161.82,160.01,160.45,782480,AMZN
2020-01-05,167.4,169.27,166.57,166.63,1581651,AMZN
2020-01-06,165.27,168.03,163.4,165.91,843765,AMZN
2020-01-07,164.47,165.6,164.42,165.19,1340223,AMZN
2020-01-08,172.89,173.14,169.78,171.78,2874510,AMZN
2020-01-09,175.86,176.28,175.21,175.23,1992071,AMZN
2020-01-10,172.86,173.55,172.19,173.47,856428,AMZN
2020-01-11,175.91,176.46,175.29,176.0,903206,AMZN
2020-01-12,174.65,175.1,173.63,174.26,1357683,AMZN
2020-01-13,173.25,174.33,171.24,172.52,472556,AMZN
2020-01-14,172.98,173.87,172.28,173.77,711919,AMZN
2020-01-15,165.7,166.45,165.0,165.91,1410764,AMZN
2020-01-16,159.88,160.89,158.96,159.17,1042732,AMZN
2020-01-17,156.29,157.97,155.51,157.2,2938191,AMZN
2020-01-18,153.77,154.37,152.84,153.54,824585,AMZN
2020-01-19,156.7,156.87,153.12,154.93,669612,AMZN
2020-01-20,151.6,152.78,149.84,151.72,728668,AMZN
2020-01-21,145.09,147.74,143.46,146.7,1151531,AMZN
2020-01-22,152.95,153.94,151.4,152.15,1061143,AMZN
2020-01-23,152.42,153.87,150.88,151.52,3527248,AMZN
2020-01-24,151.59,152.25,151.53,151.98,952411,AMZN
2020-01-25,146.12,148.88,145.21,146.91,1201255,AMZN
2020-01-26,144.25,145.18,143.59,145.17,1828441,AMZN
2020-01-27,144.59,145.89,143.42,145.76,1119062,AMZN
2020-01-28,141.1,142.92,140.94,141.87,1567171,AMZN
2020-01-29,143.09,144.24,142.82,143.37,1453227,AMZN
2020-01-30,141.15,142.12,140.88,141.47,1821532,AMZN
2020-01-31,141.27,141.73,140.18,140.66,595563,AMZN
2020-02-01,138.74,139.62,138.17,138.79,1811414,AMZN
2020-02-02,144.81,146.33,144.24,145.24,1133607,AMZN
2020-02-03,145.65,145.92,144.93,145.4,1339599,AMZN
2020-02-04,143.17,144.15,140.62,141.85,1009604,AMZN
2020-02-05,145.49,146.2,144.43,144.89,2819012,AMZN
2020-02-06,141.01,141.43,140.51,140.78,443601,AMZN
2020-02-07,139.88,142.99,138.9,141.69,2494469,AMZN
2020-02-08,136.32,137.27,134.26,135.12,885583,AMZN
2020-02-09,130.6,131.65,130.39,130.93,2680308,AMZN
2020-02-10,133.54,134.53,131.45,131.74,2305635,AMZN
2020-02-11,133.83,135.32,133.74,134.3,2086350,AMZN
2020-02-12,135.24,135.77,134.77,135.04,1906032,AMZN
2020-02-13,133.9,136.17,133.86,134.85,3923583,AMZN
2020-02-14,134.42,135.14,133.86,134.04,940958,AMZN
2020-02-15,128.48,129.48,127.53,129.4,949909,AMZN
2020-02-16,127.33,127.61,127.11,127.31,917396,AMZN
2020-02-17,126.18,127.25,125.2,126.06,2027192,AMZN
2020-02-18,129.93,131.49,128.84,129.48,668113,AMZN
2020-02-19,131.07,131.17,130.46,130.74,2125342,AMZN
2020-02-20,125.79,126.53,125.2,125.3,1111882,AMZN
2020-02-21,126.37,126.61,125.41,126.47,754426,AMZN
2020-02-22,126.18,126.62,124.69,125.45,751939,AMZN
2020-02-23,123.81,124.69,123.45,123.56,866594,AMZN
2020-02-24,126.42,127.36,125.03,125.57,614799,AMZN
2020-02-25,128.98,129.69,128.4,128.9,1673375,AMZN
2020-02-26,133.08,133.75,131.29,132.0,1983271,AMZN
2020-02-27,129.56,129.83,128.97,129.49,2094092,AMZN
2020-02-28,127.39,129.34,126.73,128.69,948692,AMZN
2020-02-29,130.27,130.7,129.29,129.91,1514646,AMZN
2020-03-01,132.56,133.55,132.13,133.18,1302547,AMZN
2020-03-02,133.42,135.04,130.33,131.8,1836466,AMZN
2020-03-03,131.69,132.54,130.6,131.39,1623726,AMZN
2020-03-04,127.73,128.67,127.47,128.03,1360026,AMZN
2020-03-05,124.68,125.05,124.18,124.47,513308,AMZN
2020-03-06,127.62,128.48,126.89,127.11,1195766,AMZN
2020-03-07,131.13,132.65,129.96,131.49,1373218,AMZN
2020-03-08,131.56,131.84,130.36,131.44,917438,AMZN
2020-03-09,133.18,134.91,132.96,134.84,1134263,AMZN
2020-03-10,134.51,136.78,133.48,136.21,677172,AMZN
2020-03-11,133.88,134.73,132.46,134.26,1103293,AMZN
2020-03-12,134.88,135.79,134.36,135.63,1666478,AMZN
2020-03-13,141.14,141.9,140.74,140.9,3673303,AMZN
2020-03-14,141.02,141.65,140.42,140.97,777904,AMZN
2020-03-15,146.73,147.49,145.71,146.54,1273430,AMZN
2020-03-16,138.83,140.39,136.35,137.39,795586,AMZN
2020-03-17,139.58,141.49,139.21,140.33,1226287,AMZN
2020-03-18,141.2,141.89,140.62,140.82,1146235,AMZN
2020-03-19,141.06,141.25,139.07,139.99,1940080,AMZN
2020-03-20,140.02,140.51,139.64,140.5,2077441,AMZN
2020-03-21,133.69,134.67,133.4,133.88,1381459,AMZN
2020-03-22,132.84,133.45,132.06,133.35,1199613,AMZN
2020-03-23,134.72,135.5,134.66,134.7,2292987,AMZN
2020-03-24,139.22,140.54,138.36,139.74,1382308,AMZN
2020-03-25,137.47,138.8,135.97,138.16,2689028,AMZN
2020-03-26,135.09,136.86,133.98,135.63,554829,AMZN
2020-03-27,132.81,134.76,131.57,134.16,3051807,AMZN
2020-03-28,137.37,137.53,137.08,137.34,916288,AMZN
2020-03-29,140.01,140.62,138.06,138.63,722379,AMZN
2020-03-30,136.62,137.15,136.46,137.03,1211719,AMZN
2020-03-31,139.22,139.9,138.4,138.94,689943,AMZN
2020-04-01,138.5,140.05,137.76,139.46,1634492,AMZN
2020-04-02,143.51,144.11,142.0,142.94,971965,AMZN
2020-04-03,139.61,141.01,138.76,140.69,1408406,AMZN
2020-04-04,138.47,141.42,138.01,139.76,745184,AMZN
2020-04-05,139.78,140.93,138.26,138.62,1082166,AMZN
2020-04-06,133.54,134.97,131.96,133.87,1263844,AMZN
2020-04-07,136.45,138.0,133.99,135.02,1090769,AMZN
2020-04-08,137.29,138.89,134.33,136.07,2643582,AMZN
2020-04-09,135.49,137.11,133.89,136.27,1591018,AMZN
2020-04-10,135.36,135.99,134.64,135.68,1307764,AMZN
2020-04-11,131.83,132.28,131.09,131.19,464456,AMZN
2020-04-12,130.29,131.54,129.66,130.02,1412328,AMZN
2020-04-13,127.83,130.44,127.1,129.12,2157327,AMZN
2020-04-14,127.51,127.61,126.43,126.77,819019,AMZN
2020-04-15,126.62,127.27,125.92,126.45,1041419,AMZN
2020-04-16,126.97,127.94,126.24,127.87,251881,AMZN
2020-04-17,133.73,134.03,131.8,133.92,609851,AMZN
2020-04-18,135.05,135.49,134.26,134.68,398656,AMZN
2020-04-19,136.73,137.74,135.01,135.71,1183419,AMZN
2020-04-20,136.74,138.55,135.47,135.65,1035732,AMZN
2020-04-21,130.5,130.51,128.71,129.5,1052421,AMZN
2020-04-22,129.54,130.75,129.25,129.59,886210,AMZN
2020-04-23,129.16,131.38,128.37,129.96,1823615,AMZN
2020-04-24,138.28,138.5,137.78,137.94,587623,AMZN
2020-04-25,138.57,139.81,136.33,137.49,1041912,AMZN
2020-04-26,137.74,139.7,136.61,138.69,1447170,AMZN
2020-04-27,137.28,138.94,136.37,138.76,975237,AMZN
2020-04-28,136.07,136.34,133.74,135.0,1012423,AMZN
2020-04-29,139.19,139.42,138.84,138.95,696451,AMZN
2020-04-30,141.95,142.35,141.54,141.69,883607,AMZN
2020-05-01,144.68,145.82,144.31,144.62,1485571,AMZN
2020-05-02,141.52,141.87,141.01,141.61,375199,AMZN
2020-05-03,147.59,148.85,145.89,146.65,944742,AMZN
2020-05-04,141.09,141.87,140.78,141.84,757854,AMZN
2020-05-05,143.88,144.24,143.8,144.07,972678,AMZN
2020-05-06,150.53,151.97,150.2,151.96,2426841,AMZN
2020-05-07,148.14,149.34,146.87,148.5,793880,AMZN
2020-05-08,145.5,147.96,145.04,146.65,2074293,AMZN
2020-05-09,146.72,148.37,146.39,147.21,1694656,AMZN
2020-05-10,145.49,145.61,145.22,145.61,984740,AMZN
2020-05-11,139.65,140.36,139.59,140.31,1005551,AMZN
2020-05-12,141.4,142.06,140.52,140.74,1045896,AMZN
2020-05-13,137.55,138.42,135.92,137.29,627453,AMZN
2020-05-14,138.72,139.45,137.85,139.06,1286770,AMZN
2020-05-15,135.62,136.34,135.6,136.14,686988,AMZN
2020-05-16,141.03,141.83,139.96,141.47,942669,AMZN
2020-05-17,139.35,139.77,138.05,138.96,306442,AMZN
2020-05-18,138.24,138.31,137.92,138.06,592014,AMZN
2020-05-19,141.82,142.65,140.43,140.99,1181903,AMZN
2020-05-20,137.08,137.56,136.86,136.96,511712,AMZN
2020-05-21,139.13,140.4,137.07,137.91,1052212,AMZN
2020-05-22,141.04,142.84,139.39,142.49,685563,AMZN
2020-05-23,137.59,138.18,136.48,137.11,1438191,AMZN
2020-05-24,138.13,139.76,136.78,137.91,1631533,AMZN
2020-05-25,137.55,139.8,137.0,138.98,943301,AMZN
2020-05-26,139.95,142.68,139.19,141.82,850180,AMZN
2020-05-27,138.22,139.21,137.52,137.74,867360,AMZN
2020-05-28,134.21,134.7,132.36,133.5,834572,AMZN
2020-05-29,135.33,135.66,134.92,135.38,1519192,AMZN
2020-05-30,137.11,137.27,135.58,136.55,2907552,AMZN
2020-05-31,137.73,138.16,137.23,137.57,423478,AMZN
2020-06-01,139.45,139.65,138.62,138.92,489691,AMZN
2020-06-02,138.13,139.88,134.97,136.81,1607215,AMZN
2020-06-03,137.81,137.88,137.13,137.77,455952,AMZN
2020-06-04,139.36,139.98,138.19,138.95,403616,AMZN
2020-06-05,136.76,137.01,136.61,136.72,2292091,AMZN
2020-06-06,143.56,143.71,142.97,143.13,689222,AMZN
2020-06-07,144.77,145.4,144.17,144.98,692921,AMZN
2020-06-08,140.77,141.62,140.59,140.97,604853,AMZN
2020-06-09,143.52,143.96,143.02,143.42,1036513,AMZN
2020-06-10,140.12,141.77,139.32,140.21,437065,AMZN
2020-06-11,142.02,144.52,140.57,143.1,1858749,AMZN
2020-06-12,149.36,151.24,145.69,147.33,1108732,AMZN
2020-06-13,144.93,146.23,144.31,144.59,737078,AMZN
2020-06-14,148.08,148.75,147.54,148.19,570808,AMZN
2020-06-15,149.79,150.38,148.92,149.88,789595,AMZN
2020-06-16,154.6,154.99,151.82,153.09,1253936,AMZN
2020-06-17,158.69,161.43,156.87,160.38,2739775,AMZN
2020-06-18,161.29,161.62,158.33,159.64,1566092,AMZN
2020-06-19,157.41,157.51,156.75,156.93,1216398,AMZN
2020-06-20,153.96,154.06,153.55,153.75,745585,AMZN
2020-06-21,150.31,151.49,149.75,150.9,1345548,AMZN
2020-06-22,150.99,151.37,150.61,150.83,608486,AMZN
2020-06-23,153.27,153.78,151.35,152.29,850834,AMZN
2020-06-24,154.4,155.32,153.05,153.53,1289417,AMZN
2020-06-25,156.18,157.28,155.82,156.83,969265,AMZN
2020-06-26,156.61,157.16,156.27,157.1,511626,AMZN
2020-06-27,163.04,164.33,162.4,162.88,330492,AMZN
2020-06-28,162.19,162.66,162.01,162.06,911411,AMZN
2020-06-29,173.35,173.4,172.81,173.03,756790,AMZN
2020-06-30,175.72,176.31,174.5,175.91,1123873,AMZN
2020-07-01,174.24,175.98,172.22,172.47,725248,AMZN
2020-07-02,167.43,169.32,166.87,168.21,581763,AMZN
2020-07-03,169.98,170.48,169.97,170.42,1189605,AMZN
2020-07-04,169.83,170.7,168.91,169.73,1154432,AMZN
2020-07-05,171.27,174.11,171.26,172.92,244125,AMZN
2020-07-06,174.72,175.87,173.8,175.15,327685,AMZN
2020-07-07,175.68,175.89,174.28,175.08,747049,AMZN
2020-07-08,172.12,172.71,170.41,171.71,677535,AMZN
2020-07-09,165.31,165.78,165.05,165.61,637606,AMZN
2020-07-10,164.41,164.65,162.75,164.04,1057411,AMZN
2020-07-11,168.29,169.31,167.21,167.69,1919897,AMZN
2020-07-12,168.88,168.89,168.59,168.79,418837,AMZN
2020-07-13,163.28,164.03,162.5,163.9,679014,AMZN
2020-07-14,164.44,166.31,164.25,164.82,694481,AMZN
2020-07-15,167.33,168.31,166.21,166.6,780720,AMZN
2020-07-16,162.83,163.72,162.82,163.24,382880,AMZN
2020-07-17,165.55,165.57,163.86,164.07,893800,AMZN
2020-07-18,165.53,165.61,164.27,164.53,722412,AMZN
2020-07-19,161.36,162.82,159.65,160.18,1971246,AMZN
2020-07-20,160.28,162.77,158.59,161.8,864669,AMZN
2020-07-21,163.92,165.84,162.46,164.23,504157,AMZN
2020-07-22,167.72,170.48,167.03,168.79,339685,AMZN
2020-07-23,173.71,174.07,172.58,173.36,686291,AMZN
2020-07-24,168.13,168.84,167.5,167.78,497380,AMZN
2020-07-25,163.32,164.89,163.12,164.18,587848,AMZN
2020-07-26,167.42,168.51,166.1,166.47,867375,AMZN
2020-07-27,168.05,169.76,166.46,168.78,824442,AMZN
2020-07-28,169.77,172.19,169.33,171.13,811516,AMZN
2020-07-29,186.45,187.75,185.45,187.44,1484808,AMZN
2020-07-30,192.43,193.48,188.1,190.31,912361,AMZN
2020-07-31,195.81,196.37,195.21,195.84,2904837,AMZN
2020-08-01,199.55,201.43,198.53,200.66,815314,AMZN
2020-08-02,205.03,206.87,201.51,204.13,617171,AMZN
2020-08-03,202.9,202.9,202.53,202.84,359927,AMZN
2020-08-04,206.83,207.1,206.75,206.87,396739,AMZN
2020-08-05,203.98,204.39,202.6,203.26,1212016,AMZN
2020-08-06,201.54,203.15,200.5,202.37,1072142,AMZN
2020-08-07,202.65,204.55,198.14,200.26,745871,AMZN
2020-08-08,199.62,202.65,198.35,200.93,701906,AMZN
2020-08-09,213.01,213.37,212.12,212.55,507197,AMZN
2020-08-10,203.1,203.54,202.74,203.17,732417,AMZN
2020-08-11,206.46,207.02,206.23,206.85,852541,AMZN
2020-08-12,199.91,199.94,198.07,199.0,294324,AMZN
2020-08-13,196.52,197.25,196.02,196.99,1168259,AMZN
2020-08-14,203.87,204.24,201.43,202.49,297165,AMZN
2020-08-15,204.43,206.78,201.81,203.09,976254,AMZN
2020-08-16,196.22,199.28,196.05,198.03,812637,AMZN
2020-08-17,195.15,197.34,194.13,194.85,968882,AMZN
2020-08-18,198.37,198.96,197.13,198.35,609959,AMZN
2020-08-19,196.98,197.53,193.77,195.09,1982225,AMZN
2020-08-20,195.89,197.04,195.85,196.39,1226510,AMZN
2020-08-21,197.55,198.27,196.53,196.88,1185928,AMZN
2020-08-22,195.82,196.02,193.75,194.03,795392,AMZN
2020-08-23,203.06,205.1,201.54,204.44,844242,AMZN
2020-08-24,208.68,208.72,206.49,207.88,1375683,AMZN
2020-08-25,198.05,199.48,196.08,197.9,1707547,AMZN
2020-08-26,199.06,199.19,198.51,199.08,1807287,AMZN
2020-08-27,196.43,196.64,195.89,196.14,883717,AMZN
2020-08-28,200.45,200.69,199.6,200.49,937786,AMZN
2020-08-29,197.01,197.87,196.48,196.89,1084150,AMZN
2020-08-30,196.52,197.73,196.18,196.61,812368,AMZN
2020-08-31,198.06,200.17,197.29,199.31,654606,AMZN
2020-09-01,204.4,206.18,201.6,203.79,1022188,AMZN
2020-09-02,197.71,198.65,197.25,198.11,1201007,AMZN
2020-09-03,195.79,197.87,195.39,196.77,1241237,AMZN
2020-09-04,194.67,195.0,194.14,194.76,927015,AMZN
2020-09-05,193.3,195.34,190.12,191.93,698133,AMZN
2020-09-06,200.0,200.52,199.57,200.45,1254778,AMZN
2020-09-07,202.84,203.14,201.97,202.71,1203738,AMZN
2020-09-08,196.45,197.02,195.58,196.76,626860,AMZN
2020-09-09,200.06,201.58,198.76,201.43,1607073,AMZN
2020-09-10,213.33,213.49,210.33,212.13,1473095,AMZN
2020-09-11,218.87,219.95,216.95,217.76,993928,AMZN
2020-09-12,212.4,213.9,208.7,210.0,546102,AMZN
2020-09-13,207.56,207.85,206.11,207.81,561223,AMZN
2020-09-14,214.83,215.53,214.13,214.52,1288980,AMZN
2020-09-15,210.34,212.21,210.12,211.11,803337,AMZN
2020-09-16,214.08,214.61,213.37,213.69,917346,AMZN
2020-09-17,217.87,220.92,215.45,218.02,602480,AMZN
2020-09-18,214.28,214.98,212.4,213.39,1610029,AMZN
2020-09-19,214.43,215.03,211.94,213.38,417079,AMZN
2020-09-20,196.74,197.04,195.86,196.82,1055785,AMZN
2020-09-21,191.62,192.71,191.61,192.18,1299956,AMZN
2020-09-22,192.78,194.19,189.67,191.26,1487684,AMZN
2020-09-23,185.83,186.15,185.38,185.71,1403266,AMZN
2020-09-24,194.11,194.67,193.23,193.35,603044,AMZN
2020-09-25,185.78,188.41,184.87,186.88,908445,AMZN
2020-09-26,184.86,186.41,184.82,185.13,774204,AMZN
2020-09-27,187.21,188.61,183.97,185.98,628961,AMZN
2020-09-28,192.88,193.63,190.34,192.77,471486,AMZN
2020-09-29,186.75,187.59,186.14,186.29,1452610,AMZN
2020-09-30,191.64,192.08,191.11,191.83,2074160,AMZN
2020-10-01,193.06,194.23,191.39,192.14,869036,AMZN
2020-10-02,186.76,188.07,185.23,187.81,1705893,AMZN
2020-10-03,189.54,190.69,189.08,190.19,1528752,AMZN
2020-10-04,190.66,191.96,189.93,191.37,747719,AMZN
2020-10-05,188.37,188.97,188.05,188.84,1115430,AMZN
2020-10-06,189.43,189.95,189.4,189.42,1211969,AMZN
2020-10-07,187.04,188.18,186.39,187.9,1726183,AMZN
2020-10-08,187.74,189.46,187.26,188.68,1266089,AMZN
2020-10-09,191.91,192.04,191.42,191.99,503704,AMZN
2020-10-10,198.7,200.98,198.02,199.68,3021126,AMZN
2020-10-11,193.57,195.42,192.09,193.93,1475580,AMZN
2020-10-12,204.42,206.52,202.09,204.28,742056,AMZN
2020-10-13,195.2,195.85,194.5,194.84,567910,AMZN
2020-10-14,193.98,195.07,193.74,194.39,795418,AMZN
2020-10-15,196.77,198.69,196.1,197.45,1036050,AMZN
2020-10-16,199.13,199.25,198.52,199.07,882344,AMZN
2020-10-17,198.27,200.4,194.3,196.33,980538,AMZN
2020-10-18,197.26,197.47,193.28,195.6,749535,AMZN
2020-10-19,191.85,193.69,189.23,193.52,1652823,AMZN
2020-10-20,189.9,191.81,189.02,191.01,743582,AMZN
2020-10-21,196.44,197.74,194.4,195.23,1649377,AMZN
2020-10-22,198.52,200.08,195.67,197.2,1774050,AMZN
2020-10-23,195.83,197.61,193.43,194.14,597367,AMZN
2020-10-24,199.4,199.42,196.27,198.67,1003052,AMZN
2020-10-25,200.3,201.79,199.72,200.43,2006453,AMZN
2020-10-26,207.47,208.66,202.67,204.68,1381253,AMZN
2020-10-27,207.55,209.93,206.88,208.1,1972778,AMZN
2020-10-28,204.65,204.99,203.84,204.18,2203843,AMZN
2020-10-29,201.47,203.38,200.32,201.68,731113,AMZN
2020-10-30,205.76,206.41,204.32,205.63,1034528,AMZN
2020-10-31,208.21,208.98,207.94,208.97,1489380,AMZN
2020-11-01,208.46,211.42,207.63,209.16,1120051,AMZN
2020-11-02,207.88,211.11,206.51,210.04,1524478,AMZN
2020-11-03,216.07,217.51,215.99,216.88,2688187,AMZN
2020-11-04,211.08,216.66,210.01,214.05,1169148,AMZN
2020-11-05,219.17,220.85,215.57,217.2,1442297,AMZN
2020-11-06,215.86,216.65,215.6,216.43,1213951,AMZN
2020-11-07,218.22,220.61,214.21,215.58,462652,AMZN
2020-11-08,222.11,222.44,221.47,221.65,851011,AMZN
2020-11-09,226.88,227.55,226.09,226.42,1162713,AMZN
2020-11-10,231.88,233.51,230.63,231.22,1027638,AMZN
2020-11-11,236.0,241.4,233.45,238.9,1923588,AMZN
2020-11-12,236.89,240.62,234.03,239.35,2218922,AMZN
2020-11-13,242.32,244.09,241.71,243.66,913224,AMZN
2020-11-14,243.63,244.1,241.73,242.15,2202110,AMZN
2020-11-15,243.95,244.6,243.11,244.4,992759,AMZN
2020-11-16,244.92,245.53,242.8,243.96,1500445,AMZN
2020-11-17,244.36,245.36,244.08,244.88,1057175,AMZN
2020-11-18,249.5,250.27,248.39,248.77,656065,AMZN
2020-11-19,243.78,245.7,243.37,244.15,869291,AMZN
2020-11-20,256.64,257.82,256.01,256.94,562227,AMZN
2020-11-21,249.53,252.33,248.0,251.0,1922635,AMZN
2020-11-22,244.24,244.26,243.83,243.92,2528289,AMZN
2020-11-23,253.19,254.11,249.53,251.14,2015577,AMZN
2020-11-24,254.43,259.25,253.05,256.33,1095553,AMZN
2020-11-25,259.72,262.35,259.39,260.58,1812859,AMZN
2020-11-26,266.04,267.41,263.01,264.94,480099,AMZN
2020-11-27,265.5,266.47,264.45,265.22,2128830,AMZN
2020-11-28,262.86,265.05,256.78,259.79,3211533,AMZN
2020-11-29,261.44,261.53,260.04,260.63,1770245,AMZN
2020-11-30,256.82,258.14,255.36,256.69,981309,AMZN
2020-12-01,266.19,267.42,260.66,263.14,1915817,AMZN
2020-12-02,259.23,263.42,257.93,262.56,1294602,AMZN
2020-12-03,258.43,259.5,255.68,257.64,745456,AMZN
2020-12-04,255.72,258.76,255.51,255.98,634040,AMZN
2020-12-05,260.82,263.38,256.25,258.91,1110294,AMZN
2020-12-06,256.88,260.04,253.29,255.71,1256762,AMZN
2020-12-07,250.43,251.5,249.91,250.94,340940,AMZN
2020-12-08,251.38,254.84,249.04,252.78,5288172,AMZN
2020-12-09,255.76,255.94,253.9,254.64,984270,AMZN
2020-12-10,253.21,255.0,250.45,251.85,2341370,AMZN
2020-12-11,250.48,252.1,247.51,249.3,1234985,AMZN
2020-12-12,251.57,251.76,250.89,251.06,2288885,AMZN
2020-12-13,243.0,243.83,242.17,242.54,3662408,AMZN
2020-12-14,234.8,235.03,234.37,234.56,915327,AMZN
2020-12-15,229.47,231.43,228.99,230.78,1008698,AMZN
2020-12-16,228.86,230.81,227.48,229.89,1604871,AMZN
2020-12-17,231.88,232.84,231.13,231.95,1935849,AMZN
2020-12-18,241.19,242.52,239.45,240.62,1315571,AMZN
2020-12-19,246.02,246.55,245.69,245.98,1082146,AMZN
2020-12-20,245.52,247.0,244.66,245.36,580165,AMZN
2020-12-21,245.62,246.92,244.29,245.59,1214750,AMZN
2020-12-22,239.12,241.62,238.93,239.92,690953,AMZN
2020-12-23,240.66,242.71,238.83,240.15,1151054,AMZN
2020-12-24,237.53,241.26,236.92,238.79,2095930,AMZN
2020-12-25,241.22,241.83,240.76,241.0,1377358,AMZN
2020-12-26,236.63,237.17,236.09,236.47,1345263,AMZN
2020-12-27,239.76,240.75,238.59,239.79,517110,AMZN
2020-12-28,251.54,254.21,248.72,249.08,1418859,AMZN
2020-12-29,251.42,252.12,247.99,248.77,848486,AMZN
2020-12-30,251.55,252.95,250.94,251.55,416694,AMZN
2020-12-31,258.46,260.88,255.37,256.13,2122470,AMZN
2021-01-01,253.61,254.61,252.9,253.98,958034,AMZN
2021-01-02,256.38,258.01,253.9,255.72,1102834,AMZN
2021-01-03,254.75,258.21,253.47,256.15,1359840,AMZN
2021-01-04,256.73,257.67,256.7,257.11,2001431,AMZN
2021-01-05,252.37,255.06,250.3,252.62,726354,AMZN
2021-01-06,254.19,255.51,250.65,253.12,2181092,AMZN
2021-01-07,254.52,256.99,252.97,256.55,1021481,AMZN
2021-01-08,266.06,268.08,265.06,265.97,693692,AMZN
2021-01-09,271.17,272.59,269.34,272.56,1087803,AMZN
2021-01-10,287.7,288.72,286.98,287.24,743555,AMZN
2021-01-11,281.08,283.15,279.55,282.27,963997,AMZN
2021-01-12,290.61,292.71,287.06,288.66,2138100,AMZN
2021-01-13,288.13,291.96,286.66,290.35,388450,AMZN
2021-01-14,305.51,308.27,304.38,306.25,1025598,AMZN
2021-01-15,300.28,301.03,299.45,300.64,976698,AMZN
2021-01-16,292.36,297.13,291.93,294.9,834886,AMZN
2021-01-17,290.12,292.05,289.99,291.0,768430,AMZN
2021-01-18,274.5,277.55,273.66,276.34,1352823,AMZN
2021-01-19,272.65,273.64,272.23,273.18,705542,AMZN
2021-01-20,268.33,270.04,267.86,268.5,222943,AMZN
2021-01-21,268.47,269.94,268.09,269.86,442141,AMZN
2021-01-22,272.17,273.47,270.75,272.48,799282,AMZN
2021-01-23,286.92,290.52,283.39,285.31,1456126,AMZN
2021-01-24,294.09,294.93,291.76,292.32,1212117,AMZN
2021-01-25,288.85,290.22,286.71,288.61,309774,AMZN
2021-01-26,279.66,282.76,276.77,282.69,1192899,AMZN
2021-01-27,286.21,286.71,285.87,286.47,946977,AMZN
2021-01-28,274.12,281.48,272.37,277.65,683852,AMZN
2021-01-29,289.87,290.54,289.8,290.43,684554,AMZN
2021-01-30,299.33,301.69,298.53,299.18,1174931,AMZN
2021-01-31,296.19,297.11,295.18,296.17,1006291,AMZN
2021-02-01,285.21,286.12,284.04,284.21,520760,AMZN
2021-02-02,294.95,296.75,290.87,293.99,496905,AMZN
2021-02-03,294.1,294.32,292.86,293.57,898300,AMZN
2021-02-04,303.27,305.61,302.82,302.84,2129926,AMZN
2021-02-05,290.21,292.2,289.96,291.49,1415460,AMZN
2021-02-06,287.64,287.67,287.45,287.63,1118494,AMZN
2021-02-07,288.43,289.05,287.3,288.07,483720,AMZN
2021-02-08,289.79,290.72,286.67,288.79,544852,AMZN
2021-02-09,288.23,289.52,284.1,286.02,1131379,AMZN
2021-02-10,290.14,291.41,289.47,290.76,1204003,AMZN
2021-02-11,283.73,283.95,282.36,283.6,534847,AMZN
2021-02-12,283.92,284.08,281.87,283.01,731799,AMZN
2021-02-13,284.13,285.22,284.03,284.23,519837,AMZN
2021-02-14,286.46,291.25,283.57,288.18,587542,AMZN
2021-02-15,296.05,297.92,291.2,293.58,1289709,AMZN
2021-02-16,287.64,289.01,284.38,285.94,672645,AMZN
2021-02-17,275.66,278.27,273.19,275.64,483875,AMZN
2021-02-18,283.26,288.46,282.9,284.61,364288,AMZN
2021-02-19,286.79,288.67,285.76,287.31,706944,AMZN
2021-02-20,281.28,283.23,280.64,282.46,647865,AMZN
2021-02-21,294.81,298.44,292.77,293.53,1548816,AMZN
2021-02-22,295.33,297.75,292.41,294.77,488332,AMZN
2021-02-23,302.14,303.83,301.55,303.65,460900,AMZN
2021-02-24,302.24,306.2,301.91,304.57,1012553,AMZN
2021-02-25,320.18,320.5,319.93,320.29,821328,AMZN
2021-02-26,332.84,335.47,330.78,334.43,730864,AMZN
2021-02-27,333.92,334.17,329.88,332.86,790885,AMZN
2021-02-28,337.67,342.92,335.14,341.21,576695,AMZN
2021-03-01,347.16,348.16,346.93,347.05,751634,AMZN
2021-03-02,361.99,364.52,356.11,359.1,1055626,AMZN
2021-03-03,351.65,352.58,350.9,351.15,409827,AMZN
2021-03-04,357.97,359.17,355.55,357.51,1115186,AMZN
2021-03-05,367.58,371.05,363.19,367.23,1216913,AMZN
2021-03-06,350.81,352.81,350.8,352.0,548443,AMZN
2021-03-07,340.95,342.48,340.4,342.33,3018957,AMZN
2021-03-08,325.47,325.82,323.21,325.79,1817397,AMZN
2021-03-09,324.46,325.31,323.94,324.1,301238,AMZN
2021-03-10,329.63,331.32,329.51,330.22,1173104,AMZN
2021-03-11,341.09,343.83,341.0,342.77,1024463,AMZN
2021-03-12,346.1,348.27,340.51,343.86,408807,AMZN
2021-03-13,359.83,364.23,355.05,357.98,907490,AMZN
2021-03-14,348.94,351.16,343.65,346.44,553918,AMZN
2021-03-15,330.72,333.72,329.36,332.53,1096110,AMZN
2021-03-16,335.12,335.72,331.04,332.54,430790,AMZN
2021-03-17,339.43,342.15,332.35,336.12,426779,AMZN
2021-03-18,335.33,336.94,332.13,336.31,1799303,AMZN
2021-03-19,316.95,320.0,314.94,319.83,714109,AMZN
2021-03-20,317.37,321.76,313.73,319.58,1033073,AMZN
2021-03-21,309.84,311.13,309.42,309.86,1149754,AMZN
2021-03-22,316.83,318.02,314.04,315.35,657518,AMZN
2021-03-23,318.8,320.28,315.37,318.6,570848,AMZN
2021-03-24,313.45,314.68,310.01,311.74,909781,AMZN
2021-03-25,309.74,310.02,307.8,308.27,1726577,AMZN
2021-03-26,302.48,303.25,298.71,300.74,765923,AMZN
2021-03-27,296.83,302.07,294.7,300.69,878743,AMZN
2021-03-28,306.75,308.31,305.05,308.11,649299,AMZN
2021-03-29,301.58,302.73,300.65,301.13,848982,AMZN
2021-03-30,307.15,309.79,302.78,305.25,558098,AMZN
2021-03-31,298.41,302.8,295.23,301.73,864249,AMZN
2021-04-01,296.93,299.21,294.87,296.31,1183760,AMZN
2021-04-02,294.46,296.01,292.1,295.95,1487984,AMZN
2021-04-03,288.14,290.52,287.9,288.89,1166648,AMZN
2021-04-04,284.25,285.55,284.24,285.39,921362,AMZN
2021-04-05,279.57,280.33,274.78,277.46,1975884,AMZN
2021-04-06,289.63,292.49,289.21,291.13,716830,AMZN
2021-04-07,293.41,294.95,291.32,291.78,679849,AMZN
2021-04-08,288.89,290.57,285.78,287.21,299311,AMZN
2021-04-09,284.95,289.29,282.17,289.1,883255,AMZN
2021-04-10,291.0,291.44,286.73,288.71,1057581,AMZN
2021-04-11,290.46,290.78,286.64,287.55,1328810,AMZN
2021-04-12,294.05,294.75,289.7,292.26,722818,AMZN
2021-04-13,297.2,298.96,295.85,298.06,2458005,AMZN
2021-04-14,295.39,296.41,293.04,294.61,1204615,AMZN
2021-04-15,292.08,292.64,287.75,290.89,457124,AMZN
2021-04-16,288.69,289.66,288.67,289.34,954200,AMZN
2021-04-17,273.43,274.49,273.43,273.51,783312,AMZN
2021-04-18,263.26,267.0,262.41,263.78,1549081,AMZN
2021-04-19,273.15,273.55,272.64,272.94,818598,AMZN
2021-04-20,286.63,289.4,283.0,284.26,530688,AMZN
2021-04-21,282.21,284.46,280.51,282.92,950045,AMZN
2021-04-22,287.33,289.75,286.89,287.29,622593,AMZN
2021-04-23,288.15,291.52,286.03,289.87,342531,AMZN
2021-04-24,310.61,312.18,309.38,312.02,542956,AMZN
2021-04-25,320.47,323.67,319.1,320.97,899990,AMZN
2021-04-26,320.07,321.1,318.49,320.41,639776,AMZN
2021-04-27,314.78,315.73,312.33,313.39,1624815,AMZN
2021-04-28,302.0,302.21,298.9,301.55,440418,AMZN
2021-04-29,303.6,305.02,302.76,303.47,583539,AMZN
2021-04-30,298.7,299.41,297.91,298.29,524871,AMZN
2021-05-01,288.63,290.02,286.11,288.37,947660,AMZN
2021-05-02,284.95,285.34,282.19,284.22,1753544,AMZN
2021-05-03,277.78,278.02,276.9,277.12,893678,AMZN
2021-05-04,288.56,290.26,288.31,288.9,808759,AMZN
2021-05-05,299.16,300.84,292.75,295.51,1682242,AMZN
2021-05-06,298.62,302.57,292.44,295.86,2883968,AMZN
2021-05-07,306.92,307.85,303.87,306.94,1113147,AMZN
2021-05-08,306.7,308.09,305.41,307.94,349835,AMZN
2021-05-09,305.88,309.81,298.63,301.9,494716,AMZN
2021-05-10,314.9,316.07,313.46,313.53,1228521,AMZN
2021-05-11,316.68,320.9,316.04,318.08,1137355,AMZN
2021-05-12,313.63,315.47,307.53,310.48,326817,AMZN
2021-05-13,311.19,314.51,308.23,309.47,1238452,AMZN
2021-05-14,304.66,304.79,302.57,303.29,1329106,AMZN
2021-05-15,292.06,294.45,291.03,293.49,496046,AMZN
2021-05-16,299.65,301.22,298.66,300.52,2218940,AMZN
2021-05-17,313.27,317.27,313.03,314.92,1076552,AMZN
2021-05-18,303.07,305.31,302.73,304.62,1315737,AMZN
2021-05-19,309.63,310.55,306.47,309.22,762673,AMZN
2021-05-20,304.16,307.28,303.8,304.75,2374935,AMZN
2021-05-21,303.68,305.24,301.21,301.55,3300685,AMZN
2021-05-22,297.24,299.03,296.72,297.61,1131473,AMZN
2021-05-23,288.04,295.59,284.55,291.76,2216644,AMZN
2021-05-24,295.62,296.72,290.7,292.51,599974,AMZN
2021-05-25,286.94,287.4,286.24,286.99,1085514,AMZN
2021-05-26,286.04,289.92,283.84,289.28,665540,AMZN
2021-05-27,289.75,290.02,288.19,289.32,983893,AMZN
2021-05-28,288.83,291.66,287.31,288.04,682392,AMZN
2021-05-29,283.62,286.6,280.4,282.06,938060,AMZN
2021-05-30,280.43,280.43,276.8,278.49,1521149,AMZN
2021-05-31,283.52,284.02,280.93,284.0,485716,AMZN
2021-06-01,286.79,288.11,283.61,287.86,592000,AMZN
2021-06-02,280.71,281.52,280.06,281.4,909880,AMZN
2021-06-03,283.37,283.53,282.18,282.47,1525341,AMZN
2021-06-04,286.99,288.24,286.47,288.04,2710730,AMZN
2021-06-05,278.47,278.66,276.14,276.71,938427,AMZN
2021-06-06,277.96,281.02,277.53,280.76,1107912,AMZN
2021-06-07,277.95,279.47,276.22,276.62,909312,AMZN
2021-06-08,279.54,282.68,277.79,280.85,851404,AMZN
2021-06-09,273.07,276.44,271.86,276.01,1243358,AMZN
2021-06-10,264.41,266.25,262.79,264.25,919296,AMZN
2021-06-11,254.89,256.31,254.09,254.13,1737217,AMZN
2021-06-12,256.01,256.86,252.7,254.78,1062014,AMZN
2021-06-13,257.29,258.18,255.78,256.75,1604492,AMZN
2021-06-14,253.26,255.14,251.17,251.44,2037450,AMZN
2021-06-15,256.05,256.63,255.7,255.7,1732548,AMZN
2021-06-16,246.5,246.53,245.39,245.7,827359,AMZN
2021-06-17,242.22,247.36,240.44,245.65,1506652,AMZN
2021-06-18,237.31,238.88,237.11,238.74,1724508,AMZN
2021-06-19,237.1,239.34,233.04,235.27,1103078,AMZN
2021-06-20,235.61,236.38,235.44,235.87,2573173,AMZN
2021-06-21,230.47,232.22,229.68,231.25,1139350,AMZN
2021-06-22,229.06,229.79,227.87,229.4,949513,AMZN
2021-06-23,234.52,236.61,234.18,235.35,907521,AMZN
2021-06-24,232.17,234.53,231.93,232.36,1431688,AMZN
2021-06-25,236.79,237.58,236.33,237.42,1793148,AMZN
2021-06-26,230.77,234.06,229.01,231.21,1130158,AMZN
2021-06-27,233.43,235.77,231.42,234.51,2112815,AMZN
2021-06-28,242.11,243.66,241.88,243.08,3336063,AMZN
2021-06-29,228.81,229.78,227.08,228.77,841646,AMZN
2021-06-30,225.22,225.5,224.56,224.64,1789823,AMZN
2021-07-01,228.36,229.48,227.03,228.11,2585662,AMZN
2021-07-02,227.38,228.34,226.93,227.3,967703,AMZN
2021-07-03,229.48,231.15,227.73,229.67,688730,AMZN
2021-07-04,227.1,227.24,226.51,226.61,1726304,AMZN
2021-07-05,227.59,228.02,227.22,227.4,1579718,AMZN
2021-07-06,227.23,227.95,225.69,226.85,922601,AMZN
2021-07-07,230.87,233.75,228.47,233.62,1685159,AMZN
2021-07-08,235.64,235.78,233.69,235.39,1540154,AMZN
2021-07-09,238.4,239.29,237.24,237.66,1194191,AMZN
2021-07-10,236.29,237.28,235.3,235.6,1744067,AMZN
2021-07-11,233.86,234.52,232.99,233.13,1130397,AMZN
2021-07-12,229.47,231.02,228.1,230.99,1727933,AMZN
2021-07-13,233.7,234.12,232.93,233.53,371705,AMZN
2021-07-14,231.22,231.92,230.58,231.46,1039111,AMZN
2021-07-15,232.16,234.37,231.87,233.41,1345395,AMZN
2021-07-16,246.15,246.24,245.03,245.54,735633,AMZN
2021-07-17,251.16,251.33,250.7,251.09,1148915,AMZN
2021-07-18,251.62,251.71,247.07,249.45,961058,AMZN
2021-07-19,256.39,257.69,255.53,257.09,1332457,AMZN
2021-07-20,252.59,257.23,249.49,254.89,679364,AMZN
2021-07-21,243.57,244.17,239.27,242.58,674819,AMZN
2021-07-22,237.67,237.84,236.68,236.96,742762,AMZN
2021-07-23,225.49,227.02,224.62,226.48,785935,AMZN
2021-07-24,223.8,225.67,223.14,224.85,735232,AMZN
2021-07-25,225.99,226.17,224.89,225.27,1245682,AMZN
2021-07-26,235.33,236.74,232.3,234.78,3306584,AMZN
2021-07-27,238.07,239.13,236.07,236.98,1990257,AMZN
2021-07-28,235.47,236.07,234.03,236.04,579884,AMZN
2021-07-29,242.8,244.11,240.53,241.14,2430500,AMZN
2021-07-30,228.9,229.01,227.79,228.48,1801682,AMZN
2021-07-31,229.71,231.57,228.59,230.1,1218506,AMZN
2021-08-01,236.42,237.7,232.31,234.75,738556,AMZN
2021-08-02,226.94,228.43,225.24,226.61,2883105,AMZN
2021-08-03,232.05,233.35,231.77,233.24,790699,AMZN
2021-08-04,233.27,236.06,232.41,235.49,1085253,AMZN
2021-08-05,234.85,237.39,231.24,233.43,2963107,AMZN
2021-08-06,238.04,238.2,237.35,237.35,1497127,AMZN
2021-08-07,250.58,252.05,247.74,250.82,1832530,AMZN
2021-08-08,252.06,253.62,250.71,252.28,1271276,AMZN
2021-08-09,255.07,255.68,253.29,254.15,1173493,AMZN
2021-08-10,251.06,252.06,250.35,251.66,1347915,AMZN
2021-08-11,248.48,250.79,245.0,246.79,2463725,AMZN
2021-08-12,252.73,253.13,251.44,252.13,1282554,AMZN
2021-08-13,247.75,248.32,246.9,247.22,1746636,AMZN
2021-08-14,246.15,249.58,244.77,247.99,658903,AMZN
2021-08-15,244.94,246.32,244.23,245.45,1622361,AMZN
2021-08-16,247.36,248.72,246.92,248.65,1488737,AMZN
2021-08-17,253.56,253.61,249.97,251.02,1321455,AMZN
2021-08-18,258.25,258.61,255.07,257.71,2248560,AMZN
2021-08-19,254.32,255.05,253.2,254.86,2612966,AMZN
2021-08-20,254.08,254.34,253.38,253.54,2079149,AMZN
2021-08-21,246.78,248.33,246.75,247.84,1323270,AMZN
2021-08-22,245.22,246.22,242.42,245.5,1371057,AMZN
2021-08-23,247.38,248.25,246.35,248.1,1362819,AMZN
2021-08-24,250.77,253.9,249.51,253.02,1927072,AMZN
2021-08-25,248.63,248.64,247.01,247.68,728200,AMZN
2021-08-26,255.1,256.79,250.96,253.28,530914,AMZN
2021-08-27,260.93,263.38,259.48,261.99,2090842,AMZN
2021-08-28,266.05,266.18,264.68,265.0,555831,AMZN
2021-08-29,277.0,278.31,275.5,277.48,417850,AMZN
2021-08-30,269.47,274.16,267.73,272.64,2449464,AMZN
2021-08-31,263.18,265.25,263.05,264.74,855683,AMZN
2021-09-01,252.9,254.77,252.01,253.63,492986,AMZN
2021-09-02,263.22,263.94,262.72,263.23,1978209,AMZN
2021-09-03,264.85,270.45,262.62,267.79,1103563,AMZN
2021-09-04,267.27,269.49,265.35,267.8,960883,AMZN
2021-09-05,269.7,270.31,269.15,270.0,1017928,AMZN
2021-09-06,263.58,264.88,262.79,262.96,1099987,AMZN
2021-09-07,277.45,280.83,275.63,279.0,1323161,AMZN
2021-09-08,278.51,281.66,277.25,280.27,832598,AMZN
2021-09-09,278.15,284.17,277.94,281.4,1216805,AMZN
2021-09-10,287.03,290.26,283.73,286.77,1085376,AMZN
2021-09-11,288.47,291.86,286.73,290.53,324486,AMZN
2021-09-12,294.65,296.85,290.5,292.52,518418,AMZN
2021-09-13,288.59,291.51,284.65,287.28,638982,AMZN
2021-09-14,290.52,292.42,289.1,290.98,944642,AMZN
2021-09-15,302.53,306.46,301.68,304.73,1296802,AMZN
2021-09-16,315.97,317.78,312.71,315.15,2604519,AMZN
2021-09-17,327.96,328.58,326.79,327.82,559799,AMZN
2021-09-18,326.64,330.27,322.28,324.19,1176108,AMZN
2021-09-19,313.89,319.9,312.68,316.82,1325657,AMZN
2021-09-20,317.09,317.35,315.49,316.29,1678206,AMZN
2021-09-21,316.87,317.96,316.21,317.15,905510,AMZN
2021-09-22,325.47,327.84,322.58,326.05,1172465,AMZN
2021-09-23,311.96,314.43,311.61,313.05,1120029,AMZN
2021-09-24,322.91,326.03,321.6,325.15,1350665,AMZN
2021-09-25,324.21,324.54,322.88,324.35,1294904,AMZN
2021-09-26,324.98,326.64,320.01,321.43,220719,AMZN
2021-09-27,316.95,319.23,311.04,313.94,836008,AMZN
2021-09-28,301.43,302.09,301.33,301.71,1092487,AMZN
2021-09-29,310.53,314.45,307.38,308.18,416593,AMZN
2021-09-30,310.12,311.07,308.77,309.16,1942467,AMZN
2021-10-01,299.28,300.46,298.84,299.87,763245,AMZN
2021-10-02,291.93,293.38,290.19,290.82,1617619,AMZN
2021-10-03,285.34,292.0,282.36,288.84,531612,AMZN
2021-10-04,301.26,301.94,300.75,300.99,858641,AMZN
2021-10-05,300.33,300.7,298.68,299.5,928749,AMZN
2021-10-06,289.36,289.96,288.26,288.94,689918,AMZN
2021-10-07,286.15,288.21,285.96,287.61,591443,AMZN
2021-10-08,284.04,286.6,281.78,286.1,1106421,AMZN
2021-10-09,270.35,270.66,266.93,267.69,994732,AMZN
2021-10-10,268.38,269.44,265.61,267.7,737169,AMZN
2021-10-11,264.97,268.57,263.1,266.57,1455247,AMZN
2021-10-12,271.92,272.61,270.97,271.46,1080656,AMZN
2021-10-13,285.0,285.42,283.69,284.07,706099,AMZN
2021-10-14,289.12,296.24,287.45,292.26,402471,AMZN
2021-10-15,289.72,292.95,288.8,290.75,1373380,AMZN
2021-10-16,282.68,284.6,280.88,283.31,859996,AMZN
2021-10-17,301.34,303.85,298.66,301.47,525562,AMZN
2021-10-18,301.98,303.54,300.37,302.32,348746,AMZN
2021-10-19,302.65,303.79,301.76,302.84,1814104,AMZN
2021-10-20,303.43,305.41,301.82,303.08,883014,AMZN
2021-10-21,304.79,305.44,304.66,304.97,532670,AMZN
2021-10-22,304.43,307.75,302.53,304.32,697762,AMZN
2021-10-23,302.51,303.91,298.76,300.48,305807,AMZN
2021-10-24,300.32,300.54,295.86,296.89,1279264,AMZN
2021-10-25,296.18,297.78,294.97,297.07,856417,AMZN
2021-10-26,291.99,295.2,289.72,293.54,1173292,AMZN
2021-10-27,287.42,289.46,284.89,288.85,322174,AMZN
2021-10-28,290.5,291.64,289.86,290.0,902305,AMZN
2021-10-29,287.12,289.29,285.78,288.6,629677,AMZN
2021-10-30,298.56,300.07,297.26,299.57,990988,AMZN
2021-10-31,276.73,281.38,275.19,280.63,785493,AMZN
2021-11-01,291.46,293.85,288.28,288.49,633690,AMZN
2021-11-02,297.55,298.53,297.42,297.65,484456,AMZN
2021-11-03,284.9,285.96,281.23,283.02,574345,AMZN
2021-11-04,280.65,281.55,280.46,281.04,372358,AMZN
2021-11-05,279.23,280.23,277.68,278.89,674420,AMZN
2021-11-06,267.09,270.31,265.45,269.71,1937279,AMZN
2021-11-07,264.06,265.51,263.17,264.97,1121940,AMZN
2021-11-08,256.86,258.89,253.79,258.16,1168436,AMZN
2021-11-09,269.85,270.52,268.82,269.54,851789,AMZN
2021-11-10,274.01,278.33,273.86,276.06,992692,AMZN
2021-11-11,283.15,286.4,282.96,285.0,699475,AMZN
2021-11-12,291.0,292.24,290.03,290.41,428399,AMZN
2021-11-13,282.44,282.98,281.32,282.82,457290,AMZN
2021-11-14,279.91,280.25,279.54,279.59,1222312,AMZN
2021-11-15,284.63,286.92,283.1,283.32,522313,AMZN
2021-11-16,279.35,282.99,273.49,275.27,688218,AMZN
2021-11-17,279.45,284.06,276.53,280.43,1063526,AMZN
2021-11-18,279.69,282.26,276.68,279.18,572999,AMZN
2021-11-19,275.04,277.31,274.23,277.01,883525,AMZN
2021-11-20,282.16,282.37,281.8,282.2,415273,AMZN
2021-11-21,286.22,287.67,285.15,285.64,590495,AMZN
2021-11-22,283.34,284.62,282.12,283.53,530270,AMZN
2021-11-23,292.44,292.47,291.55,291.93,963806,AMZN
2021-11-24,285.12,285.6,283.98,284.64,920707,AMZN
2021-11-25,289.98,291.11,287.58,289.31,901605,AMZN
2021-11-26,292.37,297.06,289.69,293.89,681044,AMZN
2021-11-27,291.17,293.64,290.97,292.08,897155,AMZN
2021-11-28,296.45,296.67,293.99,294.8,507749,AMZN
2021-11-29,287.03,287.71,284.66,286.22,568269,AMZN
2021-11-30,295.39,296.6,292.51,293.06,994726,AMZN
2021-12-01,290.89,294.13,288.78,292.15,663796,AMZN
2021-12-02,289.37,290.94,287.43,288.83,462181,AMZN
2021-12-03,296.86,297.34,295.81,296.62,705963,AMZN
2021-12-04,291.37,292.89,290.82,291.93,1433384,AMZN
2021-12-05,285.97,286.03,280.58,282.32,626109,AMZN
2021-12-06,273.41,273.53,271.66,272.0,719097,AMZN
2021-12-07,275.76,277.58,274.87,276.39,1046583,AMZN
2021-12-08,270.11,273.96,267.28,268.15,1264645,AMZN
2021-12-09,279.43,280.0,278.63,279.99,875795,AMZN
2021-12-10,269.63,271.06,263.16,266.16,602444,AMZN
2021-12-11,277.86,278.32,276.66,277.54,1117609,AMZN
2021-12-12,279.96,280.25,279.14,279.35,528939,AMZN
2021-12-13,277.51,280.93,275.29,279.08,2087050,AMZN
2021-12-14,274.7,276.84,273.14,275.76,496204,AMZN
2021-12-15,279.43,279.45,277.99,278.82,1107915,AMZN
2021-12-16,277.31,280.91,276.19,278.95,480151,AMZN
2021-12-17,285.59,288.31,284.91,286.84,1438842,AMZN
2021-12-18,289.05,289.6,287.85,288.03,226185,AMZN
2021-12-19,291.1,293.47,286.99,289.49,522843,AMZN
2021-12-20,283.25,287.72,281.84,287.32,307137,AMZN
2021-12-21,285.48,288.51,282.96,287.32,434671,AMZN
2021-12-22,292.77,294.57,286.43,289.87,978012,AMZN
2021-12-23,278.22,280.01,277.19,278.19,1876665,AMZN
2021-12-24,271.24,271.58,267.2,269.44,522213,AMZN
2021-12-25,276.73,279.11,272.29,274.69,686693,AMZN
2021-12-26,277.74,281.44,272.76,276.21,1385741,AMZN
2021-12-27,275.76,276.24,273.93,275.36,697362,AMZN
2021-12-28,273.69,277.42,271.56,275.86,863245,AMZN
2021-12-29,277.04,279.67,275.31,278.58,293619,AMZN
2021-12-30,273.02,275.38,272.23,275.3,1070165,AMZN
2021-12-31,270.65,273.0,267.18,270.46,449667,AMZN
2022-01-01,270.69,272.99,268.58,272.12,751838,AMZN
2022-01-02,268.2,268.65,265.06,266.01,814070,AMZN
2022-01-03,268.96,271.21,267.58,269.03,457178,AMZN
2022-01-04,257.68,258.83,257.1,258.23,1373704,AMZN
2022-01-05,265.86,266.44,264.48,265.07,1029943,AMZN
2022-01-06,268.09,269.2,267.19,268.49,941898,AMZN
2022-01-07,270.38,270.54,269.24,270.53,1032005,AMZN
2022-01-08,276.3,279.81,275.61,277.39,536933,AMZN
2022-01-09,288.62,289.16,287.1,289.03,365296,AMZN
2022-01-10,295.22,299.29,293.22,296.58,1793455,AMZN
2022-01-11,283.01,284.27,282.82,283.68,1237229,AMZN
2022-01-12,277.17,277.2,273.37,275.23,2500090,AMZN
2022-01-13,273.1,275.14,271.38,271.42,832960,AMZN
2022-01-14,272.49,274.24,270.35,271.96,601775,AMZN
2022-01-15,276.19,276.54,274.79,275.77,727983,AMZN
2022-01-16,268.82,272.47,266.93,271.27,696600,AMZN
2022-01-17,274.4,275.8,271.93,272.88,884403,AMZN
2022-01-18,268.46,269.28,266.4,268.24,485336,AMZN
2022-01-19,261.93,267.01,260.02,264.61,456659,AMZN
2022-01-20,257.39,258.86,255.04,255.9,880350,AMZN
2022-01-21,250.67,251.68,248.91,250.5,1175254,AMZN
2022-01-22,242.73,243.15,242.31,242.59,842880,AMZN
2022-01-23,235.85,237.8,234.55,237.16,1678983,AMZN
2022-01-24,243.66,244.33,241.98,243.58,1018059,AMZN
2022-01-25,237.13,241.59,236.35,238.28,789048,AMZN
2022-01-26,256.53,258.25,252.13,253.9,1111741,AMZN
2022-01-27,258.04,258.28,256.81,257.3,1156848,AMZN
2022-01-28,257.94,260.42,256.32,258.81,2311309,AMZN
2022-01-29,254.66,254.84,252.94,253.76,516222,AMZN
2022-01-30,260.31,261.66,258.38,258.44,1538203,AMZN
2022-01-31,254.95,256.18,253.45,255.17,455123,AMZN
2022-02-01,257.9,259.07,254.55,256.28,346680,AMZN
2022-02-02,272.25,275.31,268.88,272.63,468265,AMZN
2022-02-03,271.19,273.88,270.42,272.37,1336636,AMZN
2022-02-04,281.0,281.84,279.72,280.37,1427061,AMZN
2022-02-05,276.45,278.78,274.31,275.96,1834593,AMZN
2022-02-06,276.16,276.9,275.52,276.1,420421,AMZN
2022-02-07,287.98,288.67,287.57,288.4,687156,AMZN
2022-02-08,286.78,287.29,282.99,284.39,637108,AMZN
2022-02-09,295.08,300.65,294.38,297.35,667853,AMZN
2022-02-10,301.96,303.25,300.44,302.89,756577,AMZN
2022-02-11,298.72,299.46,298.42,299.16,726961,AMZN
2022-02-12,305.7,307.19,303.1,304.18,1566408,AMZN
2022-02-13,313.21,315.37,310.99,311.81,979836,AMZN
2022-02-14,317.9,318.44,315.73,316.97,962477,AMZN
2022-02-15,307.92,310.75,301.62,305.28,934150,AMZN
2022-02-16,301.04,301.83,299.52,300.29,1445354,AMZN
2022-02-17,303.17,304.47,297.54,298.89,1497877,AMZN
2022-02-18,298.31,301.45,295.01,298.76,1878954,AMZN
2022-02-19,301.45,305.17,299.11,303.7,1383461,AMZN
2022-02-20,307.48,309.8,304.91,305.43,1840417,AMZN
2022-02-21,299.75,300.85,292.8,295.91,2948946,AMZN
2022-02-22,296.68,301.07,296.59,299.07,1241373,AMZN
2022-02-23,306.81,307.83,303.25,303.93,720718,AMZN
2022-02-24,311.1,311.34,307.73,308.5,551985,AMZN
2022-02-25,318.55,319.04,316.91,317.05,722437,AMZN
2022-02-26,323.84,324.9,321.43,323.93,1241998,AMZN
2022-02-27,327.76,330.3,326.55,328.01,2963931,AMZN
2022-02-28,328.08,329.36,327.45,327.9,971093,AMZN
2022-03-01,317.02,318.36,313.67,315.08,3120250,AMZN
2022-03-02,317.85,318.88,316.69,318.81,1282349,AMZN
2022-03-03,320.28,321.48,318.28,320.87,713756,AMZN
2022-03-04,325.19,327.77,319.15,323.44,818738,AMZN
2022-03-05,313.86,314.47,312.99,313.82,1037048,AMZN
2022-03-06,302.16,306.01,298.39,305.98,1266018,AMZN
2022-03-07,312.95,315.52,311.83,314.26,1042204,AMZN
2022-03-08,311.95,314.54,311.77,314.39,1263443,AMZN
2022-03-09,322.04,322.16,318.93,320.05,2779737,AMZN
2022-03-10,317.39,321.7,315.33,320.71,2178263,AMZN
2022-03-11,318.81,322.29,316.42,321.39,1175913,AMZN
2022-03-12,328.23,330.08,328.15,329.18,457597,AMZN
2022-03-13,323.73,327.81,322.24,325.5,1455488,AMZN
2022-03-14,326.66,326.72,326.61,326.71,1443536,AMZN
2022-03-15,324.09,325.03,322.86,323.48,2083736,AMZN
2022-03-16,316.9,320.53,313.64,320.5,1281392,AMZN
2022-03-17,316.25,319.24,314.11,318.53,669597,AMZN
2022-03-18,321.25,321.77,320.34,320.7,1236572,AMZN
2022-03-19,313.45,319.39,312.78,317.4,1477431,AMZN
2022-03-20,329.82,330.44,327.2,327.55,680005,AMZN
2022-03-21,318.92,321.72,317.56,320.86,969182,AMZN
2022-03-22,320.89,321.28,319.54,319.85,738515,AMZN
2022-03-23,316.33,317.67,316.13,316.86,3208974,AMZN
2022-03-24,330.18,331.51,327.67,328.47,769379,AMZN
2022-03-25,327.61,334.58,324.13,330.5,960254,AMZN
2022-03-26,342.93,346.17,336.49,339.27,1441521,AMZN
2022-03-27,327.01,329.77,325.9,327.45,1023649,AMZN
2022-03-28,330.55,331.54,329.06,330.04,1357713,AMZN
2022-03-29,336.01,338.77,335.55,337.65,1148754,AMZN
2022-03-30,338.41,339.35,337.9,338.8,1410275,AMZN
2022-03-31,349.37,351.17,346.25,348.06,1947304,AMZN
2022-04-01,342.17,344.3,340.61,344.16,1538153,AMZN
2022-04-02,360.45,361.88,354.59,356.45,1928407,AMZN
2022-04-03,378.02,380.03,376.33,376.92,1275004,AMZN
2022-04-04,376.27,378.74,373.48,374.11,1310350,AMZN
2022-04-05,373.95,376.32,367.21,370.56,978374,AMZN
2022-04-06,382.26,384.73,380.9,384.2,986140,AMZN
2022-04-07,400.94,402.76,398.07,399.52,925681,AMZN
2022-04-08,394.05,396.22,393.81,394.99,1666668,AMZN
2022-04-09,390.31,392.89,385.9,391.49,2070270,AMZN
2022-04-10,393.61,396.43,385.96,389.34,1747108,AMZN
2022-04-11,376.26,381.98,371.53,377.12,1856497,AMZN
2022-04-12,372.11,373.86,369.02,369.2,1344527,AMZN
2022-04-13,363.8,366.58,357.88,360.67,991497,AMZN
2022-04-14,352.43,356.15,349.57,354.42,2387704,AMZN
2022-04-15,355.35,357.31,354.54,354.61,1399138,AMZN
2022-04-16,355.76,361.14,355.39,357.13,448504,AMZN
2022-04-17,369.8,373.14,368.96,371.12,1157230,AMZN
2022-04-18,363.43,364.59,359.68,362.6,1007622,AMZN
2022-04-19,371.95,373.17,371.06,371.8,1184464,AMZN
2022-04-20,370.5,371.53,370.31,370.38,541729,AMZN
2022-04-21,371.17,372.06,369.96,370.44,1530169,AMZN
2022-04-22,376.4,379.74,374.58,377.05,985744,AMZN
2022-04-23,365.95,368.68,364.59,367.25,2301113,AMZN
2022-04-24,370.58,371.74,368.59,371.18,492023,AMZN
2022-04-25,373.16,373.74,370.08,373.2,2224032,AMZN
2022-04-26,374.9,379.61,373.29,378.2,1023960,AMZN
2022-04-27,380.09,384.0,378.85,381.38,1548997,AMZN
2022-04-28,408.28,410.25,401.89,404.74,791380,AMZN
2022-04-29,400.32,402.21,395.5,399.0,1485117,AMZN
2022-04-30,397.12,397.15,393.48,394.39,625482,AMZN
2022-05-01,386.81,390.91,385.33,388.95,1543438,AMZN
2022-05-02,383.1,385.39,382.39,384.22,793784,AMZN
2022-05-03,383.43,383.76,377.42,378.78,547196,AMZN
2022-05-04,392.17,395.16,385.49,390.28,1396129,AMZN
2022-05-05,405.24,406.1,403.45,404.34,1568598,AMZN
2022-05-06,400.43,403.21,398.88,399.27,1049947,AMZN
2022-05-07,394.31,398.64,389.77,391.72,1677591,AMZN
2022-05-08,396.41,397.55,394.2,396.76,2627610,AMZN
2022-05-09,392.64,394.22,391.48,391.97,1966621,AMZN
2022-05-10,399.5,403.23,394.78,398.56,671836,AMZN
2022-05-11,400.13,402.45,399.67,401.08,402732,AMZN
2022-05-12,383.54,391.83,381.61,386.82,832524,AMZN
2022-05-13,403.93,404.34,399.86,401.95,619774,AMZN
2022-05-14,419.16,421.55,418.4,420.1,2026029,AMZN
2022-05-15,417.37,418.74,410.9,414.4,887305,AMZN
2022-05-16,410.82,411.07,410.1,411.06,648265,AMZN
2022-05-17,412.85,416.89,411.8,414.49,1890975,AMZN
2022-05-18,416.52,419.1,415.38,418.45,1283332,AMZN
2022-05-19,421.95,428.37,421.57,425.74,872949,AMZN
2022-05-20,448.32,448.36,446.17,447.19,2955217,AMZN
2022-05-21,443.88,446.33,441.28,445.88,1336648,AMZN
2022-05-22,439.63,440.66,436.46,437.82,534019,AMZN
2022-05-23,424.29,427.95,419.47,423.71,503713,AMZN
2022-05-24,419.14,420.82,416.0,416.74,696991,AMZN
2022-05-25,416.49,417.92,415.51,416.98,1796856,AMZN
2022-05-26,438.29,438.9,434.02,435.8,2387640,AMZN
2022-05-27,431.39,432.24,430.68,430.9,1008709,AMZN
2022-05-28,437.31,437.67,429.72,433.85,775722,AMZN
2022-05-29,432.97,437.53,431.82,434.28,1455480,AMZN
2022-05-30,444.59,451.12,442.32,447.46,2014556,AMZN
2022-05-31,473.72,479.43,470.24,475.63,434699,AMZN
2022-06-01,470.75,472.48,468.7,470.14,828624,AMZN
2022-06-02,465.19,469.47,463.05,465.18,1373316,AMZN
2022-06-03,478.46,479.8,475.78,477.66,1571929,AMZN
2022-06-04,491.26,496.71,481.26,486.26,791791,AMZN
2022-06-05,504.92,513.35,500.64,508.82,1166853,AMZN
2022-06-06,514.09,518.04,512.93,516.76,1975917,AMZN
2022-06-07,512.7,513.22,511.72,512.95,290304,AMZN
2022-06-08,519.39,524.77,516.25,521.05,1312447,AMZN
2022-06-09,541.66,548.56,529.01,535.85,2020082,AMZN
2022-06-10,546.75,547.35,546.66,547.31,672854,AMZN
2022-06-11,554.08,558.34,547.73,554.83,644344,AMZN
2022-06-12,572.8,576.44,566.89,570.02,530018,AMZN
2022-06-13,585.77,589.16,584.73,587.05,889370,AMZN
2022-06-14,605.04,614.46,603.77,607.64,1233320,AMZN
2022-06-15,617.8,625.64,615.73,618.09,566906,AMZN
2022-06-16,618.02,623.35,613.99,616.43,1221542,AMZN
2022-06-17,625.7,627.62,611.27,619.48,1804687,AMZN
2022-06-18,634.25,642.69,629.64,638.56,1634054,AMZN
2022-06-19,624.64,627.58,622.55,626.73,2436307,AMZN
2022-06-20,629.38,635.39,625.78,633.23,1086167,AMZN
2022-06-21,628.82,629.62,625.75,628.03,940578,AMZN
2022-06-22,629.53,629.77,628.51,629.34,1488472,AMZN
2022-06-23,648.88,655.33,644.49,649.82,484600,AMZN
2022-06-24,658.6,661.88,650.63,653.75,489276,AMZN
2022-06-25,646.2,664.85,638.74,655.39,627164,AMZN
2022-06-26,630.2,641.4,625.33,634.57,458099,AMZN
2022-06-27,650.73,653.9,644.08,646.99,1205791,AMZN
2022-06-28,660.35,660.51,657.07,658.07,886549,AMZN
2022-06-29,689.65,696.9,687.05,693.67,622161,AMZN
2022-06-30,690.11,694.25,688.68,689.43,295400,AMZN
2022-07-01,686.68,698.73,685.27,694.07,475712,AMZN
2022-07-02,702.4,709.42,698.78,699.24,1643183,AMZN
2022-07-03,728.12,733.18,720.58,727.1,2096750,AMZN
2022-07-04,725.44,728.58,724.88,726.41,1886142,AMZN
2022-07-05,730.23,738.07,726.74,732.36,883578,AMZN
2022-07-06,746.69,750.62,739.45,744.22,423062,AMZN
2022-07-07,748.38,755.73,741.66,748.63,545115,AMZN
2022-07-08,741.71,744.0,739.26,741.52,1110408,AMZN
2022-07-09,748.51,752.19,742.15,746.06,2421295,AMZN
2022-07-10,766.65,767.14,764.02,766.61,1119864,AMZN
2022-07-11,751.84,751.95,741.81,748.49,747206,AMZN
2022-07-12,749.02,757.84,744.11,751.95,799120,AMZN
2022-07-13,740.86,746.2,734.37,740.16,399819,AMZN
2022-07-14,760.06,763.19,757.35,762.74,362095,AMZN
2022-07-15,734.86,735.91,732.98,735.48,522008,AMZN
2022-07-16,732.58,734.91,723.08,726.48,683173,AMZN
2022-07-17,738.56,742.73,730.74,734.16,430315,AMZN
2022-07-18,765.34,769.38,762.95,763.19,1703816,AMZN
2022-07-19,762.68,766.43,761.04,763.03,476119,AMZN
2022-07-20,754.45,763.61,752.0,753.76,647943,AMZN
2022-07-21,793.37,797.52,785.9,789.36,464371,AMZN
2022-07-22,760.07,768.97,758.85,762.59,400225,AMZN
2022-07-23,720.44,726.16,719.76,722.78,478802,AMZN
2022-07-24,732.8,737.51,731.3,731.53,1612167,AMZN
2022-07-25,731.99,734.79,717.04,723.59,944997,AMZN
2022-07-26,707.88,710.56,703.06,706.58,705312,AMZN
2022-07-27,726.9,730.17,715.11,719.76,625265,AMZN
2022-07-28,722.76,725.65,716.5,725.03,1296173,AMZN
2022-07-29,724.82,733.13,713.77,716.06,806292,AMZN
2022-07-30,696.71,697.08,693.37,694.71,607683,AMZN
2022-07-31,712.21,716.51,708.06,710.44,870494,AMZN
2022-08-01,731.43,734.54,715.61,722.68,432293,AMZN
2022-08-02,727.07,729.17,714.59,721.94,568727,AMZN
2022-08-03,764.95,766.05,746.25,755.43,1367846,AMZN
2022-08-04,737.63,738.13,736.0,736.77,1852238,AMZN
2022-08-05,708.42,715.22,706.36,710.39,414749,AMZN
2022-08-06,697.22,699.67,687.56,699.4,636697,AMZN
2022-08-07,694.11,700.83,688.26,699.59,775197,AMZN
2022-08-08,703.98,713.25,695.28,704.7,653264,AMZN
2022-08-09,700.7,703.07,699.58,701.53,1171213,AMZN
2022-08-10,711.66,718.03,702.37,708.52,408378,AMZN
2022-08-11,688.76,691.73,684.63,687.89,843309,AMZN
2022-08-12,717.67,722.14,712.97,713.05,1086202,AMZN
2022-08-13,712.06,712.85,711.98,712.61,1749455,AMZN
2022-08-14,730.15,737.32,726.39,733.0,372958,AMZN
2022-08-15,743.95,749.71,733.66,740.14,671834,AMZN
2022-08-16,756.06,762.98,744.44,749.4,833673,AMZN
2022-08-17,763.56,766.31,756.54,760.84,648792,AMZN
2022-08-18,770.4,771.76,769.68,770.2,443037,AMZN
2022-08-19,784.2,784.39,781.74,783.33,359260,AMZN
2022-08-20,808.45,810.21,802.41,809.79,1155530,AMZN
2022-08-21,810.41,815.67,808.57,814.79,974178,AMZN
2022-08-22,830.12,831.84,826.3,829.99,1358720,AMZN
2022-08-23,835.58,842.03,826.12,829.33,468965,AMZN
2022-08-24,860.9,861.87,856.87,859.58,563181,AMZN
2022-08-25,848.05,850.05,844.57,846.6,1775142,AMZN
2022-08-26,886.86,887.44,883.87,884.93,1180752,AMZN
2022-08-27,887.9,890.17,882.37,885.29,1114563,AMZN
2022-08-28,852.85,866.18,851.8,855.64,1034819,AMZN
2022-08-29,856.98,860.69,855.59,859.5,288439,AMZN
2022-08-30,837.93,846.68,834.69,846.42,1362812,AMZN
2022-08-31,859.05,867.67,856.44,864.93,327450,AMZN
2022-09-01,849.84,855.62,848.44,852.37,553446,AMZN
2022-09-02,845.27,846.37,842.23,844.28,915570,AMZN
2022-09-03,810.36,815.04,806.22,806.57,863086,AMZN
2022-09-04,801.93,804.32,798.12,798.79,634579,AMZN
2022-09-05,750.68,755.25,746.62,752.7,786657,AMZN
2022-09-06,726.16,727.13,722.95,724.69,760794,AMZN
2022-09-07,734.57,746.08,730.85,739.12,1061272,AMZN
2022-09-08,755.03,758.87,751.87,754.3,1032720,AMZN
2022-09-09,761.5,763.6,761.19,763.16,890203,AMZN
2022-09-10,740.21,754.37,736.46,746.23,1040229,AMZN
2022-09-11,751.87,752.86,742.15,746.4,952362,AMZN
2022-09-12,750.86,755.16,741.71,747.36,974478,AMZN
2022-09-13,728.89,730.84,724.44,727.3,1058631,AMZN
2022-09-14,749.65,763.1,741.05,754.95,791175,AMZN
2022-09-15,774.02,781.64,767.15,772.14,805807,AMZN
2022-09-16,763.42,770.26,762.8,769.05,1439175,AMZN
2022-09-17,777.58,779.31,766.54,770.62,635183,AMZN
2022-09-18,776.14,776.91,773.5,775.6,499724,AMZN
2022-09-19,737.08,741.52,731.85,738.07,1171998,AMZN
2022-09-20,727.71,739.86,726.51,734.65,1140301,AMZN
2022-09-21,724.1,733.23,717.28,723.45,1555168,AMZN
2022-09-22,701.39,709.01,698.93,706.79,942180,AMZN
2022-09-23,696.41,702.99,691.92,702.93,1019509,AMZN
2022-09-24,734.99,735.74,733.48,734.7,810125,AMZN
2022-09-25,752.21,753.38,744.43,747.19,445562,AMZN
2022-09-26,733.72,738.07,729.86,737.82,846841,AMZN
2022-09-27,753.15,756.31,747.28,749.14,1402518,AMZN
2022-09-28,778.18,782.03,769.47,775.73,1056041,AMZN
2022-09-29,797.37,799.48,788.38,794.28,1574853,AMZN
2022-09-30,798.26,802.73,790.43,796.53,1323486,AMZN
2022-10-01,785.85,790.88,782.92,785.08,902044,AMZN
2022-10-02,791.25,800.7,786.02,799.52,3157419,AMZN
2022-10-03,812.98,816.57,802.84,808.3,2223293,AMZN
2022-10-04,830.27,835.35,820.97,827.05,811488,AMZN
2022-10-05,849.14,859.55,832.66,841.0,965114,AMZN
2022-10-06,865.49,874.76,856.97,863.67,2151011,AMZN
2022-10-07,849.29,855.26,844.99,853.6,2730665,AMZN
2022-10-08,883.42,885.33,878.26,882.19,2516027,AMZN
2022-10-09,899.38,909.42,877.87,887.66,559697,AMZN
2022-10-10,925.79,942.87,923.43,933.78,1317029,AMZN
2022-10-11,920.42,920.84,908.43,919.39,2380277,AMZN
2022-10-12,966.25,969.23,951.9,959.56,1073619,AMZN
2022-10-13,969.23,972.59,961.32,965.52,2446238,AMZN
2022-10-14,952.09,952.45,951.42,951.52,1081316,AMZN
2022-10-15,940.63,945.91,938.26,941.62,1428301,AMZN
2022-10-16,932.4,937.83,931.48,935.57,881380,AMZN
2022-10-17,943.89,948.7,940.29,946.53,891109,AMZN
2022-10-18,956.52,966.17,949.89,959.91,794652,AMZN
2022-10-19,944.0,949.91,940.46,947.81,1132160,AMZN
2022-10-20,954.18,957.82,942.85,948.56,762131,AMZN
2022-10-21,987.95,1005.49,983.52,999.4,2329219,AMZN
2022-10-22,1043.73,1045.24,1041.41,1042.86,978414,AMZN
2022-10-23,1056.15,1062.17,1052.35,1055.39,1344601,AMZN
2022-10-24,1059.93,1061.6,1055.97,1057.83,1019462,AMZN
2022-10-25,1061.99,1068.19,1060.18,1062.39,2175768,AMZN
2022-10-26,1082.08,1085.11,1074.81,1079.74,1286483,AMZN
2022-10-27,1050.14,1061.99,1049.4,1054.32,1701848,AMZN
2022-10-28,1062.63,1071.18,1039.33,1049.17,1337765,AMZN
2022-10-29,1012.91,1016.01,1002.58,1007.95,2400499,AMZN
2022-10-30,1022.37,1031.59,1017.11,1019.15,1140036,AMZN
2022-10-31,1041.04,1044.81,1033.21,1036.64,490861,AMZN
2022-11-01,1023.81,1029.62,1021.45,1025.86,1478461,AMZN
2022-11-02,1068.11,1070.92,1060.75,1066.64,1396724,AMZN
2022-11-03,1042.38,1049.08,1028.93,1036.24,1079016,AMZN
2022-11-04,1007.84,1011.49,995.91,1000.69,1035538,AMZN
2022-11-05,1003.7,1012.1,1001.57,1007.55,1217831,AMZN
2022-11-06,1033.98,1036.41,1028.8,1034.66,1289815,AMZN
2022-11-07,1082.0,1084.77,1077.63,1078.55,1997152,AMZN
2022-11-08,1064.9,1071.09,1062.11,1067.98,1101676,AMZN
2022-11-09,1084.52,1100.06,1081.2,1097.54,1868928,AMZN
2022-11-10,1089.04,1111.28,1075.75,1098.03,503473,AMZN
2022-11-11,1090.33,1102.33,1086.13,1094.93,1439308,AMZN
2022-11-12,1119.21,1120.16,1118.9,1120.02,595756,AMZN
2022-11-13,1139.6,1146.95,1128.62,1139.38,1844346,AMZN
2022-11-14,1096.77,1098.21,1095.1,1097.18,4419700,AMZN
2022-11-15,1140.73,1145.91,1133.78,1138.18,721827,AMZN
2022-11-16,1174.54,1182.3,1173.17,1178.04,2655042,AMZN
2022-11-17,1168.51,1181.64,1149.7,1161.71,878198,AMZN
2022-11-18,1170.29,1183.11,1161.55,1174.52,1255091,AMZN
2022-11-19,1193.13,1196.46,1188.07,1190.29,1958710,AMZN
2022-11-20,1196.66,1200.85,1190.91,1199.5,850361,AMZN
2022-11-21,1181.21,1190.94,1180.15,1185.07,1345325,AMZN
2022-11-22,1165.6,1171.83,1160.13,1167.31,761251,AMZN
2022-11-23,1176.43,1178.18,1164.27,1168.19,2228658,AMZN
2022-11-24,1206.57,1211.89,1200.59,1203.2,1101625,AMZN
2022-11-25,1226.87,1232.47,1217.06,1220.81,1017317,AMZN
2022-11-26,1228.77,1230.7,1199.53,1211.47,1062257,AMZN
2022-11-27,1230.31,1248.37,1221.28,1235.93,824824,AMZN
2022-11-28,1151.71,1157.77,1146.64,1151.83,1177629,AMZN
2022-11-29,1181.76,1192.53,1178.31,1185.67,475492,AMZN
2022-11-30,1141.55,1147.52,1136.76,1137.04,3324146,AMZN
2022-12-01,1132.99,1134.0,1123.43,1128.57,1869694,AMZN
2022-12-02,1105.93,1113.48,1097.51,1099.33,1322802,AMZN
2022-12-03,1076.08,1077.5,1062.3,1066.16,585254,AMZN
2022-12-04,1104.96,1111.42,1094.06,1097.8,1717739,AMZN
2022-12-05,1074.48,1096.46,1067.01,1086.8,1532763,AMZN
2022-12-06,1096.75,1100.88,1095.65,1097.48,791004,AMZN
2022-12-07,1089.22,1100.93,1081.05,1097.75,1325813,AMZN
2022-12-08,1115.18,1118.99,1110.14,1112.03,1144080,AMZN
2022-12-09,1115.4,1121.1,1110.53,1115.65,330543,AMZN
2022-12-10,1087.89,1090.99,1080.59,1082.31,1407930,AMZN
2022-12-11,1105.35,1112.48,1104.8,1110.08,1895867,AMZN
2022-12-12,1096.45,1101.95,1087.24,1098.26,717602,AMZN
2022-12-13,1067.64,1077.65,1048.04,1058.11,1056927,AMZN
2022-12-14,1049.28,1049.56,1043.94,1048.53,1334187,AMZN
2022-12-15,1092.28,1101.33,1083.15,1088.34,865142,AMZN
2022-12-16,1100.03,1116.88,1093.5,1112.4,1421477,AMZN
2022-12-17,1098.37,1109.19,1094.76,1104.48,1945806,AMZN
2022-12-18,1093.67,1097.47,1091.14,1096.61,1271853,AMZN
2022-12-19,1095.1,1098.39,1085.17,1089.53,1174737,AMZN
2022-12-20,1137.99,1153.07,1128.15,1146.18,799055,AMZN
2022-12-21,1161.21,1169.54,1150.47,1158.44,1099158,AMZN
2022-12-22,1169.26,1176.8,1163.24,1172.18,923385,AMZN
2022-12-23,1198.7,1206.56,1198.1,1203.24,3272677,AMZN
2022-12-24,1215.72,1217.93,1208.78,1211.91,1697391,AMZN
2022-12-25,1207.56,1211.08,1203.51,1205.93,2679177,AMZN
2022-12-26,1189.52,1216.61,1186.76,1201.83,2575967,AMZN
2022-12-27,1201.27,1206.66,1193.7,1201.39,675122,AMZN
2022-12-28,1202.68,1203.52,1200.8,1201.96,3093786,AMZN
2022-12-29,1219.44,1237.42,1215.82,1224.94,1199958,AMZN
2022-12-30,1222.57,1235.75,1219.1,1228.19,1632009,AMZN
2022-12-31,1249.03,1254.61,1246.18,1251.82,916309,AMZN
2023-01-01,1235.04,1263.58,1235.01,1251.09,1212251,AMZN
2023-01-02,1246.6,1267.45,1242.54,1255.21,672814,AMZN
2023-01-03,1194.73,1200.57,1190.15,1195.82,1961822,AMZN
2023-01-04,1219.55,1227.94,1218.91,1224.18,1208683,AMZN
2023-01-05,1219.48,1251.3,1207.9,1236.21,1397209,AMZN
2023-01-06,1268.02,1268.66,1266.59,1267.99,862988,AMZN
2023-01-07,1183.84,1188.45,1179.09,1180.24,1212427,AMZN
2023-01-08,1255.66,1257.31,1230.59,1241.94,1138906,AMZN
2023-01-09,1247.28,1250.35,1237.14,1239.44,999522,AMZN
2023-01-10,1274.9,1279.07,1271.76,1274.63,619419,AMZN
2023-01-11,1256.21,1271.35,1236.08,1244.08,1244653,AMZN
2023-01-12,1267.69,1275.9,1253.33,1264.38,2121640,AMZN
2023-01-13,1237.57,1239.79,1230.97,1233.67,961046,AMZN
2023-01-14,1211.34,1224.22,1200.02,1216.62,3086261,AMZN
2023-01-15,1275.38,1276.99,1272.28,1275.06,1292682,AMZN
2023-01-16,1271.88,1276.59,1267.62,1270.9,1906216,AMZN
2023-01-17,1285.08,1292.51,1276.05,1279.39,1541887,AMZN
2023-01-18,1304.74,1319.77,1292.4,1308.29,834997,AMZN
2023-01-19,1322.28,1326.84,1309.46,1325.91,1414766,AMZN
2023-01-20,1336.41,1337.33,1322.43,1332.6,939157,AMZN
2023-01-21,1353.85,1361.2,1344.47,1346.3,1303319,AMZN
2023-01-22,1431.74,1432.61,1420.7,1427.02,1635064,AMZN
2023-01-23,1421.69,1431.07,1415.95,1426.99,773791,AMZN
2023-01-24,1434.33,1439.19,1429.51,1435.96,2007009,AMZN
2023-01-25,1467.18,1475.48,1459.92,1474.72,907048,AMZN
2023-01-26,1511.64,1519.74,1508.38,1516.5,674744,AMZN
2023-01-27,1570.67,1573.41,1552.77,1562.47,1126671,AMZN
2023-01-28,1575.26,1606.13,1562.82,1588.95,654245,AMZN
2023-01-29,1538.81,1568.43,1527.37,1546.88,614194,AMZN
2023-01-30,1605.67,1623.08,1593.38,1610.61,573043,AMZN
2023-01-31,1580.37,1583.47,1563.5,1567.84,3171830,AMZN
2023-02-01,1591.02,1600.48,1575.05,1581.57,1556426,AMZN
2023-02-02,1554.19,1569.11,1536.86,1554.68,1352761,AMZN
2023-02-03,1550.04,1557.85,1543.54,1554.4,1360265,AMZN
2023-02-04,1573.31,1573.52,1560.91,1569.01,1401611,AMZN
2023-02-05,1588.6,1592.14,1577.65,1583.47,1854125,AMZN
2023-02-06,1605.25,1626.77,1595.03,1601.94,1177407,AMZN
2023-02-07,1654.67,1678.44,1654.32,1667.16,1099137,AMZN
2023-02-08,1683.15,1696.26,1676.67,1687.89,547338,AMZN
2023-02-09,1673.7,1680.41,1666.53,1680.19,689897,AMZN
2023-02-10,1727.51,1730.11,1710.4,1721.99,1204009,AMZN
2023-02-11,1777.83,1792.48,1760.73,1774.29,501006,AMZN
2023-02-12,1725.96,1736.8,1721.3,1723.66,1471617,AMZN
2023-02-13,1741.35,1761.6,1739.45,1751.14,946016,AMZN
2023-02-14,1790.14,1792.89,1777.51,1783.49,803840,AMZN
2023-02-15,1778.47,1797.27,1768.95,1773.02,2145487,AMZN
2023-02-16,1834.84,1838.8,1828.92,1834.92,604010,AMZN
2023-02-17,1830.66,1836.16,1822.57,1830.75,963430,AMZN
2023-02-18,1832.04,1843.49,1825.64,1838.89,764642,AMZN
2023-02-19,1831.06,1845.73,1821.05,1833.67,2143231,AMZN
2023-02-20,1817.76,1849.49,1817.32,1836.9,624127,AMZN
2023-02-21,1790.01,1798.09,1786.11,1790.36,894120,AMZN
2023-02-22,1742.17,1744.98,1716.78,1730.0,679526,AMZN
2023-02-23,1796.26,1800.67,1790.17,1799.63,1158260,AMZN
2023-02-24,1772.49,1772.73,1764.49,1764.97,1338553,AMZN
2023-02-25,1713.12,1731.1,1702.21,1724.76,426569,AMZN
2023-02-26,1631.96,1644.95,1617.02,1636.62,709392,AMZN
2023-02-27,1614.33,1617.44,1605.18,1613.4,974265,AMZN
2023-02-28,1559.63,1573.87,1553.83,1563.6,1114634,AMZN
2023-03-01,1637.5,1645.49,1619.68,1628.34,715128,AMZN
2023-03-02,1680.63,1701.55,1665.08,1670.67,852484,AMZN
2023-03-03,1638.91,1645.2,1633.01,1644.96,1264063,AMZN
2023-03-04,1730.17,1745.04,1721.59,1737.54,1341803,AMZN
2023-03-05,1780.94,1787.64,1765.2,1781.52,270083,AMZN
2023-03-06,1789.4,1790.46,1768.29,1769.88,771135,AMZN
2023-03-07,1675.71,1675.94,1659.26,1664.51,639860,AMZN
2023-03-08,1765.31,1788.55,1750.98,1759.75,893298,AMZN
2023-03-09,1701.17,1705.55,1697.38,1702.59,1104795,AMZN
2023-03-10,1632.99,1639.98,1632.59,1636.66,540457,AMZN
2023-03-11,1664.47,1697.0,1658.02,1679.72,683258,AMZN
2023-03-12,1774.92,1788.52,1770.34,1781.92,837638,AMZN
2023-03-13,1837.07,1851.25,1829.27,1844.51,1037791,AMZN
2023-03-14,1876.79,1879.29,1868.98,1872.41,537887,AMZN
2023-03-15,1897.54,1920.15,1878.87,1902.14,755471,AMZN
2023-03-16,1937.34,1948.88,1920.89,1944.34,424717,AMZN
2023-03-17,1999.09,2018.38,1970.05,1982.99,758717,AMZN
2023-03-18,2011.65,2026.68,1998.53,1999.33,784807,AMZN
2023-03-19,2027.5,2045.04,1983.77,2007.17,409589,AMZN
2023-03-20,2003.2,2008.43,1993.69,2006.88,1251339,AMZN
2023-03-21,1977.36,1977.44,1962.79,1972.78,1011032,AMZN
2023-03-22,1976.98,1977.59,1953.47,1962.01,467931,AMZN
2023-03-23,1876.24,1883.94,1875.28,1883.77,839891,AMZN
2023-03-24,1863.13,1882.23,1843.08,1881.86,835034,AMZN
2023-03-25,1827.44,1842.43,1820.69,1839.12,294760,AMZN
2023-03-26,1803.16,1812.9,1783.4,1792.19,580584,AMZN
2023-03-27,1806.66,1811.67,1800.57,1802.53,834343,AMZN
2023-03-28,1872.27,1874.72,1860.01,1866.18,338213,AMZN
2023-03-29,1914.72,1921.4,1893.56,1910.53,554810,AMZN
2023-03-30,1834.72,1843.84,1831.6,1840.04,957362,AMZN
2023-03-31,1794.16,1802.12,1793.62,1798.2,872668,AMZN
2023-04-01,1852.07,1863.26,1841.09,1841.92,368794,AMZN
2023-04-02,1789.18,1806.53,1783.94,1800.36,1230132,AMZN
2023-04-03,1800.24,1803.78,1789.59,1793.0,926444,AMZN
2023-04-04,1804.15,1826.18,1781.92,1819.51,953938,AMZN
2023-04-05,1768.85,1788.22,1768.67,1779.09,2220913,AMZN
2023-04-06,1787.93,1801.84,1769.54,1786.12,636873,AMZN
2023-04-07,1722.32,1731.39,1715.46,1730.51,1147871,AMZN
2023-04-08,1712.98,1717.8,1707.46,1707.54,329314,AMZN
2023-04-09,1720.03,1739.06,1711.11,1723.21,950144,AMZN
2023-04-10,1660.13,1672.95,1658.13,1658.69,2286110,AMZN
2023-04-11,1683.11,1705.08,1661.89,1678.79,1026788,AMZN
2023-04-12,1679.81,1682.47,1678.43,1680.31,581688,AMZN
2023-04-13,1717.41,1725.65,1693.89,1705.26,318214,AMZN
2023-04-14,1719.53,1726.05,1714.53,1716.93,557148,AMZN
2023-04-15,1773.9,1788.23,1756.02,1776.39,862800,AMZN
2023-04-16,1780.78,1785.66,1779.5,1784.26,262630,AMZN
2023-04-17,1770.07,1786.58,1760.61,1768.06,784342,AMZN
2023-04-18,1752.82,1776.36,1747.61,1775.77,547167,AMZN
2023-04-19,1803.31,1807.83,1799.44,1801.74,464072,AMZN
2023-04-20,1803.13,1812.34,1798.86,1806.38,831018,AMZN
2023-04-21,1817.06,1819.44,1806.63,1810.67,532410,AMZN
2023-04-22,1784.06,1785.03,1777.25,1782.19,527075,AMZN
2023-04-23,1758.7,1778.41,1747.84,1755.86,547326,AMZN
2023-04-24,1692.59,1708.8,1682.59,1698.26,418168,AMZN
2023-04-25,1771.7,1781.89,1766.04,1773.03,838997,AMZN
2023-04-26,1735.42,1746.62,1712.6,1721.73,291597,AMZN
2023-04-27,1681.6,1697.6,1674.17,1695.04,788728,AMZN
2023-04-28,1665.51,1668.01,1665.51,1667.7,972403,AMZN
2023-04-29,1699.19,1706.88,1691.69,1706.38,1189761,AMZN
2023-04-30,1701.24,1713.96,1690.11,1696.48,902684,AMZN
2023-05-01,1744.84,1769.16,1732.3,1750.41,1364347,AMZN
2023-05-02,1735.9,1742.78,1715.95,1724.1,394509,AMZN
2023-05-03,1734.94,1740.24,1725.62,1738.21,628098,AMZN
2023-05-04,1703.28,1722.52,1694.19,1705.22,499210,AMZN
2023-05-05,1790.8,1799.9,1785.01,1796.74,298911,AMZN
2023-05-06,1747.94,1750.02,1742.32,1747.22,955744,AMZN
2023-05-07,1772.89,1776.38,1745.34,1762.83,1124600,AMZN
2023-05-08,1783.49,1802.76,1779.79,1792.5,740448,AMZN
2023-05-09,1813.95,1830.45,1807.08,1813.05,1369134,AMZN
2023-05-10,1819.15,1823.0,1795.57,1807.37,690676,AMZN
2023-05-11,1810.76,1819.16,1792.1,1804.15,627890,AMZN
2023-05-12,1796.9,1814.28,1778.27,1808.58,1022807,AMZN
2023-05-13,1799.37,1805.39,1787.19,1804.6,935801,AMZN
2023-05-14,1849.57,1858.37,1847.67,1849.49,1268593,AMZN
2023-05-15,1959.9,1961.96,1949.16,1951.69,566115,AMZN
2023-05-16,1910.16,1936.88,1896.82,1927.87,385579,AMZN
2023-05-17,1870.79,1873.2,1859.31,1866.17,512506,AMZN
2023-05-18,1865.2,1869.1,1862.01,1864.74,486548,AMZN
2023-05-19,1989.58,1992.42,1977.93,1984.56,980795,AMZN
2023-05-20,1952.24,1961.06,1948.04,1948.44,1201034,AMZN
2023-05-21,2031.09,2052.68,2023.38,2028.97,1370481,AMZN
2023-05-22,2115.53,2121.95,2104.67,2114.74,557973,AMZN
2023-05-23,2081.26,2090.76,2080.27,2089.13,695744,AMZN
2023-05-24,2098.23,2130.1,2096.26,2121.0,597874,AMZN
2023-05-25,2219.4,2245.96,2180.45,2208.11,1038834,AMZN
2023-05-26,2194.39,2195.08,2185.84,2190.76,953019,AMZN
2023-05-27,2182.33,2194.62,2179.43,2182.92,1031755,AMZN
2023-05-28,2154.87,2155.35,2149.82,2154.99,585377,AMZN
2023-05-29,2123.26,2138.6,2093.49,2104.67,525050,AMZN
2023-05-30,2079.39,2080.11,2073.66,2074.28,784573,AMZN
2023-05-31,2019.22,2019.64,2000.77,2015.27,523990,AMZN
2023-06-01,2025.31,2029.02,2007.73,2019.73,1987091,AMZN
2023-06-02,1977.4,1991.26,1963.56,1984.62,1151007,AMZN
2023-06-03,1992.74,2001.89,1990.15,1998.67,496932,AMZN
2023-06-04,1917.45,1927.45,1910.23,1925.64,1621083,AMZN
2023-06-05,1964.15,1984.58,1921.9,1943.84,821789,AMZN
2023-06-06,1971.27,1996.49,1948.14,1986.02,976772,AMZN
2023-06-07,1892.89,1895.54,1890.61,1892.25,1558306,AMZN
2023-06-08,1921.27,1931.07,1891.79,1912.12,1184831,AMZN
2023-06-09,1983.62,1987.17,1968.21,1971.98,750300,AMZN
2023-06-10,1905.03,1934.91,1899.88,1916.57,1203600,AMZN
2023-06-11,2011.54,2026.27,1990.24,1997.35,453571,AMZN
2023-06-12,2003.62,2029.64,1996.75,2020.51,503225,AMZN
2023-06-13,1961.46,2016.15,1934.75,1988.59,1323512,AMZN
2023-06-14,1992.36,2002.43,1982.96,1988.64,959588,AMZN
2023-06-15,2019.56,2027.68,2007.26,2018.45,622504,AMZN
2023-06-16,2024.17,2029.5,2022.61,2024.98,1066865,AMZN
2023-06-17,2068.1,2080.25,2052.4,2054.37,1272876,AMZN
2023-06-18,2015.43,2035.14,2009.28,2011.11,616546,AMZN
2023-06-19,2020.68,2027.28,2016.2,2022.19,1695269,AMZN
2023-06-20,1968.97,1974.16,1938.49,1955.31,1823231,AMZN
2023-06-21,1942.68,1961.72,1932.9,1952.72,1392007,AMZN
2023-06-22,1923.12,1939.24,1901.13,1912.4,589549,AMZN
2023-06-23,1884.05,1892.13,1866.18,1880.76,1178113,AMZN
2023-06-24,1946.59,1951.68,1921.97,1940.02,1778008,AMZN
2023-06-25,1995.58,2003.87,1991.94,1994.31,774600,AMZN
2023-06-26,2009.32,2034.93,1998.21,2026.67,734871,AMZN
2023-06-27,1969.53,1986.97,1958.02,1975.52,650569,AMZN
2023-06-28,1947.67,1965.43,1934.07,1963.02,711290,AMZN
2023-06-29,1999.99,2037.32,1977.79,2023.77,823650,AMZN
2023-06-30,2025.1,2049.07,2013.09,2033.56,1479777,AMZN
2023-07-01,2143.49,2157.79,2137.31,2151.33,1910077,AMZN
2023-07-02,2159.15,2181.35,2147.69,2174.93,579523,AMZN
2023-07-03,2203.64,2221.02,2186.32,2188.12,1489051,AMZN
2023-07-04,2153.18,2192.63,2130.98,2174.66,1619267,AMZN
2023-07-05,2191.88,2209.16,2179.66,2184.75,1613656,AMZN
2023-07-06,2191.25,2205.41,2176.51,2179.65,1962267,AMZN
2023-07-07,2238.2,2263.05,2199.8,2220.28,636264,AMZN
2023-07-08,2289.31,2296.69,2263.99,2275.12,691233,AMZN
2023-07-09,2237.9,2269.07,2212.99,2234.69,1930233,AMZN
2023-07-10,2158.08,2170.13,2153.65,2165.27,1967237,AMZN
2023-07-11,2092.0,2106.98,2057.01,2071.36,508400,AMZN
2023-07-12,2111.21,2126.38,2097.83,2099.87,774726,AMZN
2023-07-13,2040.82,2060.37,2030.05,2046.31,1839767,AMZN
2023-07-14,1933.54,1960.55,1906.28,1941.76,1195183,AMZN
2023-07-15,1949.68,1965.26,1949.35,1962.84,1822043,AMZN
2023-07-16,2073.75,2085.8,2071.43,2084.82,1276625,AMZN
2023-07-17,2083.6,2094.72,2078.99,2087.39,1690135,AMZN
2023-07-18,2118.06,2150.3,2105.17,2132.94,702838,AMZN
2023-07-19,2151.54,2156.66,2135.76,2140.14,847539,AMZN
2023-07-20,2145.77,2146.05,2129.99,2137.94,888814,AMZN
2023-07-21,2170.61,2190.6,2146.0,2188.79,1489616,AMZN
2023-07-22,2189.78,2192.87,2168.91,2176.33,1726980,AMZN
2023-07-23,2171.26,2204.04,2155.72,2193.53,1413744,AMZN
2023-07-24,2230.34,2255.7,2211.14,2213.76,1016713,AMZN
2023-07-25,2190.63,2198.81,2157.27,2180.78,1268549,AMZN
2023-07-26,2231.75,2238.21,2212.85,2236.52,1133974,AMZN
2023-07-27,2229.31,2247.37,2214.69,2230.08,1292695,AMZN
2023-07-28,2190.54,2197.21,2180.55,2192.08,1521793,AMZN
2023-07-29,2230.56,2237.67,2207.9,2223.78,1421538,AMZN
2023-07-30,2200.22,2207.2,2174.2,2178.16,1216036,AMZN
2023-07-31,2193.47,2199.3,2178.42,2182.67,664041,AMZN
2023-08-01,2201.74,2202.19,2163.13,2185.2,814518,AMZN
2023-08-02,2252.79,2256.44,2237.5,2246.06,1094971,AMZN
2023-08-03,2271.48,2281.65,2261.37,2275.15,602891,AMZN
2023-08-04,2271.83,2280.96,2267.5,2276.91,2144368,AMZN
2023-08-05,2307.56,2334.36,2281.46,2325.44,1465407,AMZN
2023-08-06,2412.89,2418.23,2403.65,2407.45,3154080,AMZN
2023-08-07,2434.5,2445.71,2432.54,2443.51,2049363,AMZN
2023-08-08,2447.07,2458.07,2436.2,2447.51,1507414,AMZN
2023-08-09,2366.58,2386.02,2364.01,2372.64,1809967,AMZN
2023-08-10,2318.16,2320.8,2303.8,2314.33,2482881,AMZN
2023-08-11,2292.03,2309.47,2286.99,2300.31,1047101,AMZN
2023-08-12,2274.78,2280.82,2254.39,2269.32,1504803,AMZN
2023-08-13,2251.17,2282.91,2232.16,2262.12,1267076,AMZN
2023-08-14,2245.81,2275.97,2222.54,2268.37,1418951,AMZN
2023-08-15,2310.69,2329.77,2278.45,2300.79,1461603,AMZN
2023-08-16,2296.05,2300.96,2288.13,2300.02,1522626,AMZN
2023-08-17,2358.53,2368.88,2311.9,2330.47,2079026,AMZN
2023-08-18,2336.25,2343.09,2335.59,2337.36,3122027,AMZN
2023-08-19,2234.04,2240.17,2222.91,2228.05,1124496,AMZN
2023-08-20,2172.92,2185.83,2171.22,2180.12,814483,AMZN
2023-08-21,2153.16,2196.37,2132.29,2175.48,1047105,AMZN
2023-08-22,2104.29,2122.36,2097.88,2114.35,2042943,AMZN
2023-08-23,2156.93,2162.78,2141.72,2148.19,1240067,AMZN
2023-08-24,2216.69,2244.29,2203.24,2231.31,656617,AMZN
2023-08-25,2309.22,2336.67,2277.39,2300.68,1631794,AMZN
2023-08-26,2286.26,2302.38,2271.02,2291.89,1089941,AMZN
2023-08-27,2377.23,2397.61,2372.44,2378.33,1037778,AMZN
2023-08-28,2397.72,2409.4,2360.64,2390.24,1153691,AMZN
2023-08-29,2366.62,2378.56,2365.53,2373.91,852800,AMZN
2023-08-30,2365.19,2385.28,2325.3,2341.7,1116037,AMZN
2023-08-31,2349.87,2362.96,2309.88,2327.67,1762607,AMZN
2023-09-01,2309.65,2336.46,2289.44,2308.87,3487536,AMZN
2023-09-02,2313.36,2324.35,2297.32,2321.65,2966289,AMZN
2023-09-03,2336.51,2341.41,2324.98,2333.95,573694,AMZN
2023-09-04,2335.32,2338.96,2333.34,2337.35,1266437,AMZN
2023-09-05,2373.59,2377.84,2356.44,2365.48,1945500,AMZN
2023-09-06,2437.05,2442.68,2428.16,2437.39,2041854,AMZN
2023-09-07,2496.06,2505.68,2492.21,2497.18,1045811,AMZN
2023-09-08,2400.53,2424.85,2393.86,2410.25,943638,AMZN
2023-09-09,2285.08,2289.66,2237.5,2263.56,2552718,AMZN
2023-09-10,2303.64,2338.69,2276.03,2318.23,2256193,AMZN
2023-09-11,2239.56,2245.87,2239.31,2244.21,889849,AMZN
2023-09-12,2218.07,2240.76,2212.22,2235.02,1579047,AMZN
2023-09-13,2167.14,2175.41,2161.01,2174.37,1411402,AMZN
2023-09-14,2077.36,2091.25,2069.54,2081.88,1194470,AMZN
2023-09-15,2089.95,2126.9,2081.3,2112.23,1839916,AMZN
2023-09-16,2155.33,2156.41,2150.93,2154.24,1497206,AMZN
2023-09-17,2116.13,2129.23,2112.25,2126.94,694354,AMZN
2023-09-18,1994.2,2000.44,1989.58,1995.57,575863,AMZN
2023-09-19,1968.71,1973.16,1967.92,1971.76,1983359,AMZN
2023-09-20,2008.5,2021.03,1980.9,1993.31,905085,AMZN
2023-09-21,1907.98,1942.2,1901.47,1924.22,1641086,AMZN
2023-09-22,1942.09,1944.11,1928.33,1935.48,1361594,AMZN
2023-09-23,1946.76,1949.43,1930.0,1937.44,3764982,AMZN
2023-09-24,1976.2,1986.98,1960.1,1967.47,996243,AMZN
2023-09-25,1973.79,1975.94,1973.36,1975.93,1551763,AMZN
2023-09-26,1948.65,1958.65,1919.51,1931.8,1694642,AMZN
2023-09-27,2014.39,2035.99,1983.61,1990.81,1097853,AMZN
2023-09-28,2003.83,2007.9,1971.08,1985.87,1281394,AMZN
2023-09-29,1977.0,1996.54,1959.05,1987.29,944513,AMZN
2023-09-30,1945.37,1950.7,1932.6,1944.84,976196,AMZN
2023-10-01,1934.93,1944.64,1924.46,1926.52,1084986,AMZN
2023-10-02,1891.93,1897.18,1886.78,1887.64,1449747,AMZN
2023-10-03,1876.89,1887.39,1871.48,1882.29,1835468,AMZN
2023-10-04,1969.63,1976.24,1960.44,1963.42,596381,AMZN
2023-10-05,1897.89,1901.2,1890.67,1900.48,1733646,AMZN
2023-10-06,1828.47,1834.75,1822.28,1828.37,1396991,AMZN
2023-10-07,1899.3,1909.58,1884.11,1896.46,1724810,AMZN
2023-10-08,1890.6,1892.82,1885.3,1889.41,682480,AMZN
2023-10-09,1862.03,1882.83,1840.94,1861.21,628702,AMZN
2023-10-10,1892.39,1913.99,1879.21,1910.96,1004886,AMZN
2023-10-11,1877.5,1889.32,1869.03,1885.39,713089,AMZN
2023-10-12,1993.16,2010.22,1951.65,1971.91,886990,AMZN
2023-10-13,2007.28,2013.02,2002.74,2007.22,973580,AMZN
2023-10-14,1980.65,1990.11,1978.1,1986.13,2319628,AMZN
2023-10-15,2108.65,2120.15,2085.97,2093.31,1594489,AMZN
2023-10-16,2043.68,2088.72,2035.06,2065.3,1219519,AMZN
2023-10-17,2115.88,2134.67,2084.69,2105.51,456378,AMZN
2023-10-18,2123.37,2134.83,2115.61,2123.78,2494201,AMZN
2023-10-19,2190.35,2208.29,2184.27,2194.1,366200,AMZN
2023-10-20,2314.0,2329.42,2275.82,2280.64,767025,AMZN
2023-10-21,2299.26,2304.98,2276.27,2285.57,1373106,AMZN
2023-10-22,2254.72,2267.01,2242.48,2246.76,3159847,AMZN
2023-10-23,2271.3,2282.79,2262.13,2275.06,1315375,AMZN
2023-10-24,2220.55,2255.56,2214.49,2240.63,781415,AMZN
2023-10-25,2376.55,2377.06,2332.94,2353.68,575027,AMZN
2023-10-26,2355.98,2387.46,2340.53,2364.77,2242641,AMZN
2023-10-27,2357.44,2358.55,2335.48,2346.98,741083,AMZN
2023-10-28,2362.58,2365.27,2360.05,2360.79,2384085,AMZN
2023-10-29,2282.88,2298.95,2268.81,2286.54,1336557,AMZN
2023-10-30,2232.81,2236.01,2224.17,2235.56,1023745,AMZN
2023-10-31,2294.07,2305.88,2287.26,2304.06,1252196,AMZN
2023-11-01,2263.57,2288.59,2253.91,2270.35,1615293,AMZN
2023-11-02,2210.23,2217.76,2209.13,2215.56,1248155,AMZN
2023-11-03,2271.27,2293.38,2241.65,2247.61,358782,AMZN
2023-11-04,2334.26,2334.44,2315.06,2315.67,1518617,AMZN
2023-11-05,2358.0,2368.39,2347.65,2359.45,271602,AMZN
2023-11-06,2432.91,2454.76,2403.77,2419.99,939848,AMZN
2023-11-07,2378.29,2391.39,2354.86,2378.7,539182,AMZN
2023-11-08,2294.37,2312.73,2290.51,2299.56,615764,AMZN
2023-11-09,2393.39,2397.42,2383.85,2386.89,596296,AMZN
2023-11-10,2372.07,2374.91,2368.74,2371.42,659004,AMZN
2023-11-11,2364.8,2370.31,2359.77,2360.2,902026,AMZN
2023-11-12,2448.47,2449.08,2432.47,2439.87,622824,AMZN
2023-11-13,2474.23,2499.9,2459.46,2476.32,1047484,AMZN
2023-11-14,2523.51,2538.62,2498.68,2507.26,636851,AMZN
2023-11-15,2644.52,2648.0,2635.12,2643.03,195350,AMZN
2023-11-16,2626.83,2661.41,2570.17,2605.23,374260,AMZN
2023-11-17,2664.07,2681.29,2652.04,2667.75,523955,AMZN
2023-11-18,2677.25,2680.42,2667.8,2675.15,551277,AMZN
2023-11-19,2707.83,2711.45,2693.72,2696.36,487122,AMZN
2023-11-20,2770.81,2809.58,2759.84,2800.54,578846,AMZN
2023-11-21,2847.5,2854.81,2830.53,2839.07,945980,AMZN
2023-11-22,2880.41,2904.27,2877.57,2880.25,744036,AMZN
2023-11-23,2934.26,2962.44,2932.14,2959.52,1365559,AMZN
2023-11-24,2932.83,2944.25,2930.73,2937.29,647139,AMZN
2023-11-25,2874.38,2901.38,2867.4,2881.27,425610,AMZN
2023-11-26,2803.66,2817.53,2802.37,2811.89,767444,AMZN
2023-11-27,2678.06,2694.92,2665.01,2681.01,740555,AMZN
2023-11-28,2798.26,2828.27,2776.19,2819.08,1172201,AMZN
2023-11-29,2747.7,2753.0,2734.45,2747.18,590136,AMZN
2023-11-30,2754.77,2767.13,2721.43,2736.17,1288141,AMZN
2023-12-01,2732.79,2757.98,2708.37,2721.49,371119,AMZN
2023-12-02,2735.9,2750.57,2722.68,2745.65,602198,AMZN
2023-12-03,2821.16,2841.06,2796.8,2804.03,768708,AMZN
2023-12-04,2872.56,2877.19,2855.07,2866.72,2438847,AMZN
2023-12-05,2825.77,2831.12,2818.66,2829.94,1080671,AMZN
2023-12-06,2808.79,2824.29,2807.03,2822.33,348744,AMZN
2023-12-07,2884.3,2894.85,2841.65,2845.67,983687,AMZN
2023-12-08,2806.91,2855.77,2799.08,2832.36,1620624,AMZN
2023-12-09,2959.31,2976.57,2944.73,2947.24,549032,AMZN
2023-12-10,2958.63,3010.51,2936.9,2986.58,849006,AMZN
2023-12-11,3052.54,3056.98,3026.24,3044.2,2210324,AMZN
2023-12-12,3100.23,3116.96,3079.84,3097.6,1805269,AMZN
2023-12-13,3193.59,3206.09,3175.27,3190.48,506704,AMZN
2023-12-14,3202.43,3211.24,3199.3,3208.97,520153,AMZN
2023-12-15,3121.38,3156.4,3076.75,3111.98,1513074,AMZN
2023-12-16,3148.67,3166.13,3129.02,3146.6,1287886,AMZN
2023-12-17,3104.42,3111.26,3096.22,3100.99,389592,AMZN
2023-12-18,3070.08,3094.05,3045.95,3065.33,983695,AMZN
2023-12-19,3127.21,3140.65,3108.95,3113.38,1591438,AMZN
2023-12-20,3206.48,3214.43,3202.37,3211.65,2693054,AMZN
2023-12-21,3198.55,3238.42,3183.11,3217.75,447537,AMZN
2023-12-22,3247.96,3251.2,3240.44,3246.43,507611,AMZN
2023-12-23,3381.77,3391.35,3354.74,3385.6,1692181,AMZN
2023-12-24,3406.03,3412.87,3392.68,3410.15,421060,AMZN
2023-12-25,3644.85,3648.73,3626.77,3631.11,679957,AMZN
2023-12-26,3682.89,3695.27,3652.23,3686.18,664911,AMZN
2023-12-27,3552.54,3586.32,3525.42,3533.09,506106,AMZN
2023-12-28,3593.73,3608.68,3590.33,3602.84,488558,AMZN
2023-12-29,3656.21,3677.97,3627.82,3641.3,444490,AMZN
2023-12-30,3732.68,3764.26,3704.87,3760.8,622610,AMZN
2023-12-31,3855.91,3899.7,3780.12,3827.71,565104,AMZN
2024-01-01,3819.92,3831.57,3803.13,3820.08,501384,AMZN
2024-01-02,3685.44,3723.09,3675.2,3711.38,331730,AMZN
2024-01-03,3717.38,3728.0,3696.94,3697.6,1712734,AMZN
2024-01-04,3619.51,3666.58,3580.17,3626.07,953991,AMZN
2024-01-05,3568.52,3589.07,3553.02,3579.77,853096,AMZN
2024-01-06,3648.23,3678.3,3627.05,3636.08,1181738,AMZN
2024-01-07,3770.0,3807.98,3757.81,3789.1,454474,AMZN
2024-01-08,3860.01,3868.68,3821.87,3830.79,751441,AMZN
2024-01-09,3730.2,3759.05,3724.38,3724.43,1590601,AMZN
2024-01-10,3778.29,3778.35,3734.61,3769.94,1545783,AMZN
2024-01-11,3883.68,3891.74,3872.24,3885.11,667687,AMZN
2024-01-12,3808.35,3836.56,3795.21,3832.74,1166294,AMZN
2024-01-13,3816.12,3838.32,3804.12,3825.52,738516,AMZN
2024-01-14,3799.06,3844.98,3747.37,3832.18,1006621,AMZN
2024-01-15,3756.75,3780.89,3729.03,3764.17,833723,AMZN
2024-01-16,3797.22,3844.88,3796.36,3828.85,233205,AMZN
2024-01-17,3794.76,3865.73,3777.73,3822.86,1814871,AMZN
2024-01-18,3908.15,3951.58,3864.26,3867.24,1087414,AMZN
2024-01-19,3795.21,3797.42,3787.5,3788.93,550470,AMZN
2024-01-20,3783.87,3784.13,3726.43,3753.78,699237,AMZN
2024-01-21,3823.05,3833.9,3816.22,3825.06,767054,AMZN
2024-01-22,3788.69,3816.63,3786.37,3795.59,1266619,AMZN
2024-01-23,4014.73,4046.42,3934.04,3960.6,1472166,AMZN
2024-01-24,3925.31,3928.18,3922.37,3927.5,1433491,AMZN
2024-01-25,3963.17,3998.07,3943.01,3954.44,1243965,AMZN
2024-01-26,4058.69,4061.17,4041.31,4049.8,476018,AMZN
2024-01-27,3942.35,3958.65,3884.08,3915.4,1206404,AMZN
2024-01-28,3724.04,3762.1,3698.13,3752.78,1052228,AMZN
2024-01-29,3637.68,3646.84,3611.86,3618.42,795997,AMZN
2024-01-30,3745.96,3757.6,3726.51,3734.78,807481,AMZN
2024-01-31,3683.16,3705.15,3670.19,3689.71,1357981,AMZN
2024-02-01,3898.02,3938.76,3890.23,3924.87,1282152,AMZN
2024-02-02,3875.29,3876.58,3862.6,3876.32,872497,AMZN
2024-02-03,3890.46,3904.95,3888.59,3899.12,335428,AMZN
2024-02-04,4040.1,4053.2,4013.81,4051.06,372114,AMZN
2024-02-05,4229.19,4262.9,4226.23,4254.74,422925,AMZN
2024-02-06,4464.35,4487.83,4442.89,4474.41,876706,AMZN
2024-02-07,4632.66,4634.72,4606.4,4612.37,1121099,AMZN
2024-02-08,4730.13,4760.03,4723.62,4733.87,1307613,AMZN
2020-01-01,162.46,163.42,161.04,161.64,1137348,TSLA
2020-01-02,163.88,164.32,162.68,163.15,639678,TSLA
2020-01-03,163.24,164.75,162.32,162.93,839953,TSLA
2020-01-04,165.79,166.27,164.42,164.87,782480,TSLA
2020-01-05,170.04,171.94,169.19,169.26,1581651,TSLA
2020-01-06,168.11,170.91,166.2,168.76,843765,TSLA
2020-01-07,167.52,168.67,167.47,168.26,1340223,TSLA
2020-01-08,174.02,174.26,170.89,172.89,2874510,TSLA
2020-01-09,175.92,176.35,175.27,175.3,1992071,TSLA
2020-01-10,173.47,174.17,172.8,174.09,856428,TSLA
2020-01-11,175.76,176.31,175.14,175.85,903206,TSLA
2020-01-12,175.05,175.49,174.02,174.65,1357683,TSLA
2020-01-13,174.19,175.27,172.17,173.45,472556,TSLA
2020-01-14,173.54,174.43,172.83,174.33,711919,TSLA
2020-01-15,168.67,169.44,167.96,168.89,1410764,TSLA
2020-01-16,164.9,165.94,163.95,164.16,1042732,TSLA
2020-01-17,161.82,163.56,161.01,162.77,2938191,TSLA
2020-01-18,160.4,161.03,159.42,160.16,824585,TSLA
2020-01-19,163.01,163.18,159.28,161.16,669612,TSLA
2020-01-20,158.74,159.98,156.89,158.86,728668,TSLA
2020-01-21,153.54,156.35,151.82,155.25,1151531,TSLA
2020-01-22,160.07,161.1,158.44,159.23,1061143,TSLA
2020-01-23,159.72,161.24,158.11,158.78,3527248,TSLA
2020-01-24,158.71,159.41,158.64,159.12,952411,TSLA
2020-01-25,154.63,157.55,153.66,155.46,1201255,TSLA
2020-01-26,153.22,154.21,152.52,154.19,1828441,TSLA
2020-01-27,153.39,154.77,152.15,154.63,1119062,TSLA
2020-01-28,150.97,152.91,150.79,151.79,1567171,TSLA
2020-01-29,152.6,153.83,152.32,152.9,1453227,TSLA
2020-01-30,151.17,152.21,150.88,151.51,1821532,TSLA
2020-01-31,151.57,152.07,150.41,150.91,595563,TSLA
2020-02-01,149.49,150.43,148.87,149.54,1811414,TSLA
2020-02-02,153.87,155.5,153.27,154.34,1133607,TSLA
2020-02-03,154.72,155.02,153.96,154.46,1339599,TSLA
2020-02-04,153.28,154.33,150.54,151.86,1009604,TSLA
2020-02-05,154.75,155.51,153.63,154.12,2819012,TSLA
2020-02-06,151.35,151.81,150.82,151.1,443601,TSLA
2020-02-07,149.85,153.18,148.79,151.78,2494469,TSLA
2020-02-08,148.23,149.27,145.99,146.93,885583,TSLA
2020-02-09,143.42,144.58,143.2,143.79,2680308,TSLA
2020-02-10,146.38,147.47,144.09,144.41,2305635,TSLA
2020-02-11,145.85,147.46,145.74,146.35,2086350,TSLA
2020-02-12,147.13,147.71,146.62,146.92,1906032,TSLA
2020-02-13,145.74,148.22,145.69,146.77,3923583,TSLA
2020-02-14,146.58,147.37,145.98,146.18,940958,TSLA
2020-02-15,141.67,142.77,140.62,142.69,949909,TSLA
2020-02-16,141.12,141.43,140.88,141.1,917396,TSLA
2020-02-17,140.29,141.47,139.19,140.15,2027192,TSLA
2020-02-18,143.27,144.99,142.07,142.78,668113,TSLA
2020-02-19,144.1,144.21,143.43,143.74,2125342,TSLA
2020-02-20,140.16,140.99,139.5,139.62,1111882,TSLA
2020-02-21,140.41,140.68,139.34,140.52,754426,TSLA
2020-02-22,140.56,141.05,138.9,139.75,751939,TSLA
2020-02-23,138.58,139.56,138.18,138.3,866594,TSLA
2020-02-24,140.81,141.85,139.25,139.86,614799,TSLA
2020-02-25,142.51,143.29,141.87,142.42,1673375,TSLA
2020-02-26,145.97,146.71,144.0,144.79,1983271,TSLA
2020-02-27,142.97,143.27,142.32,142.89,2094092,TSLA
2020-02-28,140.85,143.01,140.12,142.29,948692,TSLA
2020-02-29,143.62,144.1,142.54,143.22,1514646,TSLA
2020-03-01,145.04,146.12,144.57,145.71,1302547,TSLA
2020-03-02,146.46,148.24,143.07,144.68,1836466,TSLA
2020-03-03,144.7,145.64,143.51,144.38,1623726,TSLA
2020-03-04,141.49,142.55,141.21,141.83,1360026,TSLA
2020-03-05,139.35,139.76,138.79,139.12,513308,TSLA
2020-03-06,141.73,142.68,140.92,141.16,1195766,TSLA
2020-03-07,144.12,145.8,142.84,144.52,1373218,TSLA
2020-03-08,144.61,144.92,143.3,144.48,917438,TSLA
2020-03-09,145.25,147.14,145.02,147.07,1134263,TSLA
2020-03-10,146.25,148.72,145.13,148.11,677172,TSLA
2020-03-11,146.23,147.16,144.68,146.64,1103293,TSLA
2020-03-12,146.87,147.86,146.3,147.68,1666478,TSLA
2020-03-13,151.91,152.73,151.48,151.65,3673303,TSLA
2020-03-14,151.76,152.44,151.11,151.71,777904,TSLA
2020-03-15,156.05,156.86,154.96,155.85,1273430,TSLA
2020-03-16,150.71,152.39,148.01,149.14,795586,TSLA
2020-03-17,150.53,152.59,150.14,151.34,1226287,TSLA
2020-03-18,152.13,152.87,151.5,151.72,1146235,TSLA
2020-03-19,152.26,152.47,150.11,151.1,1940080,TSLA
2020-03-20,150.97,151.5,150.56,151.48,2077441,TSLA
2020-03-21,146.36,147.44,146.04,146.57,1381459,TSLA
2020-03-22,145.61,146.28,144.76,146.17,1199613,TSLA
2020-03-23,147.22,148.07,147.16,147.2,2292987,TSLA
2020-03-24,150.44,151.87,149.51,151.0,1382308,TSLA
2020-03-25,149.08,150.52,147.45,149.83,2689028,TSLA
2020-03-26,147.35,149.28,146.14,147.94,554829,TSLA
2020-03-27,145.36,147.5,144.01,146.84,3051807,TSLA
2020-03-28,149.28,149.45,148.96,149.25,916288,TSLA
2020-03-29,151.72,152.37,149.61,150.22,722379,TSLA
2020-03-30,148.58,149.16,148.41,149.03,1211719,TSLA
2020-03-31,150.78,151.51,149.88,150.46,689943,TSLA
2020-04-01,149.83,151.5,149.03,150.86,1634492,TSLA
2020-04-02,154.07,154.72,152.46,153.47,971965,TSLA
2020-04-03,150.64,152.14,149.72,151.81,1408406,TSLA
2020-04-04,149.72,152.91,149.22,151.12,745184,TSLA
2020-04-05,151.53,152.77,149.88,150.27,1082166,TSLA
2020-04-06,146.37,147.93,144.63,146.72,1263844,TSLA
2020-04-07,149.16,150.85,146.47,147.6,1090769,TSLA
2020-04-08,149.73,151.47,146.5,148.39,2643582,TSLA
2020-04-09,147.7,149.47,145.96,148.55,1591018,TSLA
2020-04-10,147.76,148.45,146.98,148.11,1307764,TSLA
2020-04-11,145.44,145.94,144.63,144.73,464456,TSLA
2020-04-12,144.14,145.53,143.45,143.85,1412328,TSLA
2020-04-13,141.74,144.63,140.93,143.17,2157327,TSLA
2020-04-14,142.2,142.31,140.99,141.37,819019,TSLA
2020-04-15,141.32,142.05,140.54,141.13,1041419,TSLA
2020-04-16,141.23,142.31,140.41,142.23,251881,TSLA
2020-04-17,146.67,146.99,144.55,146.88,609851,TSLA
2020-04-18,147.86,148.35,147.0,147.46,398656,TSLA
2020-04-19,149.36,150.46,147.48,148.24,1183419,TSLA
2020-04-20,149.39,151.36,148.0,148.2,1035732,TSLA
2020-04-21,144.68,144.7,142.69,143.57,1052421,TSLA
2020-04-22,143.59,144.93,143.27,143.65,886210,TSLA
2020-04-23,143.04,145.5,142.17,143.93,1823615,TSLA
2020-04-24,150.41,150.64,149.86,150.04,587623,TSLA
2020-04-25,150.88,152.23,148.44,149.7,1041912,TSLA
2020-04-26,149.57,151.71,148.35,150.61,1447170,TSLA
2020-04-27,149.06,150.86,148.07,150.67,975237,TSLA
2020-04-28,149.03,149.32,146.48,147.86,1012423,TSLA
2020-04-29,151.11,151.36,150.73,150.84,696451,TSLA
2020-04-30,153.18,153.62,152.74,152.9,883607,TSLA
2020-05-01,155.15,156.38,154.76,155.09,1485571,TSLA
2020-05-02,152.77,153.14,152.22,152.87,375199,TSLA
2020-05-03,157.63,158.98,155.81,156.63,944742,TSLA
2020-05-04,152.28,153.12,151.94,153.09,757854,TSLA
2020-05-05,154.55,154.93,154.47,154.75,972678,TSLA
2020-05-06,159.1,160.62,158.75,160.6,2426841,TSLA
2020-05-07,157.7,158.98,156.36,158.09,793880,TSLA
2020-05-08,155.51,158.14,155.01,156.74,2074293,TSLA
2020-05-09,156.63,158.4,156.28,157.16,1694656,TSLA
2020-05-10,155.85,155.98,155.56,155.98,984740,TSLA
2020-05-11,151.35,152.13,151.29,152.07,1005551,TSLA
2020-05-12,153.12,153.83,152.15,152.39,1045896,TSLA
2020-05-13,150.11,151.06,148.33,149.82,627453,TSLA
2020-05-14,150.79,151.58,149.85,151.16,1286770,TSLA
2020-05-15,148.41,149.2,148.38,148.97,686988,TSLA
2020-05-16,152.52,153.39,151.38,153.0,942669,TSLA
2020-05-17,151.56,152.02,150.14,151.14,306442,TSLA
2020-05-18,150.66,150.73,150.31,150.47,592014,TSLA
2020-05-19,153.57,154.48,152.07,152.68,1181903,TSLA
2020-05-20,149.8,150.32,149.56,149.67,511712,TSLA
2020-05-21,151.72,153.11,149.48,150.39,1052212,TSLA
2020-05-22,152.28,154.22,150.49,153.84,685563,TSLA
2020-05-23,150.36,151.01,149.15,149.84,1438191,TSLA
2020-05-24,150.69,152.47,149.22,150.45,1631533,TSLA
2020-05-25,149.71,152.15,149.11,151.26,943301,TSLA
2020-05-26,151.38,154.33,150.56,153.39,850180,TSLA
2020-05-27,150.89,151.96,150.12,150.36,867360,TSLA
2020-05-28,147.95,148.49,145.91,147.17,834572,TSLA
2020-05-29,148.55,148.91,148.09,148.6,1519192,TSLA
2020-05-30,150.11,150.28,148.43,149.49,2907552,TSLA
2020-05-31,150.45,150.92,149.9,150.27,423478,TSLA
2020-06-01,151.87,152.09,150.97,151.29,489691,TSLA
2020-06-02,151.15,153.07,147.7,149.71,1607215,TSLA
2020-06-03,150.49,150.56,149.74,150.45,455952,TSLA
2020-06-04,151.78,152.46,150.51,151.34,403616,TSLA
2020-06-05,149.71,149.98,149.54,149.67,2292091,TSLA
2020-06-06,154.98,155.14,154.34,154.51,689222,TSLA
2020-06-07,155.67,156.35,155.02,155.89,692921,TSLA
2020-06-08,152.71,153.63,152.51,152.93,604853,TSLA
2020-06-09,154.87,155.35,154.34,154.77,1036513,TSLA
2020-06-10,152.28,154.08,151.41,152.38,437065,TSLA
2020-06-11,153.39,156.09,151.82,154.55,1858749,TSLA
2020-06-12,159.89,161.89,155.95,157.71,1108732,TSLA
2020-06-13,156.06,157.46,155.39,155.69,737078,TSLA
2020-06-14,158.26,158.98,157.67,158.37,570808,TSLA
2020-06-15,159.53,160.15,158.6,159.62,789595,TSLA
2020-06-16,163.58,163.99,160.64,161.99,1253936,TSLA
2020-06-17,165.55,168.41,163.65,167.32,2739775,TSLA
2020-06-18,168.52,168.86,165.42,166.79,1566092,TSLA
2020-06-19,165.34,165.45,164.65,164.84,1216398,TSLA
2020-06-20,162.76,162.87,162.33,162.54,745585,TSLA
2020-06-21,159.84,161.09,159.25,160.47,1345548,TSLA
2020-06-22,160.6,161.0,160.19,160.42,608486,TSLA
2020-06-23,162.54,163.08,160.5,161.5,850834,TSLA
2020-06-24,163.33,164.3,161.9,162.41,1289417,TSLA
2020-06-25,164.14,165.3,163.77,164.83,969265,TSLA
2020-06-26,164.51,165.09,164.16,165.03,511626,TSLA
2020-06-27,169.39,170.73,168.72,169.23,330492,TSLA
2020-06-28,168.78,169.27,168.59,168.64,911411,TSLA
2020-06-29,176.85,176.91,176.3,176.52,756790,TSLA
2020-06-30,178.37,178.96,177.12,178.55,1123873,TSLA
2020-07-01,177.96,179.74,175.9,176.16,725248,TSLA
2020-07-02,172.35,174.3,171.78,173.16,581763,TSLA
2020-07-03,174.28,174.79,174.27,174.73,1189605,TSLA
2020-07-04,174.35,175.25,173.41,174.25,1154432,TSLA
2020-07-05,174.83,177.73,174.83,176.52,244125,TSLA
2020-07-06,177.65,178.82,176.72,178.09,327685,TSLA
2020-07-07,178.66,178.87,177.24,178.05,747049,TSLA
2020-07-08,176.11,176.72,174.36,175.69,677535,TSLA
2020-07-09,171.08,171.57,170.81,171.39,637606,TSLA
2020-07-10,170.66,170.91,168.94,170.27,1057411,TSLA
2020-07-11,173.52,174.57,172.4,172.89,1919897,TSLA
2020-07-12,173.78,173.78,173.47,173.69,418837,TSLA
2020-07-13,169.57,170.35,168.76,170.22,679014,TSLA
2020-07-14,170.49,172.43,170.29,170.88,694481,TSLA
2020-07-15,172.92,173.93,171.76,172.16,780720,TSLA
2020-07-16,169.35,170.27,169.34,169.77,382880,TSLA
2020-07-17,171.91,171.93,170.15,170.38,893800,TSLA
2020-07-18,171.75,171.83,170.44,170.71,722412,TSLA
2020-07-19,168.83,170.37,167.05,167.6,1971246,TSLA
2020-07-20,167.19,169.79,165.43,168.77,864669,TSLA
2020-07-21,170.21,172.2,168.7,170.53,504157,TSLA
2020-07-22,172.7,175.55,171.99,173.81,339685,TSLA
2020-07-23,177.41,177.79,176.26,177.06,686291,TSLA
2020-07-24,173.49,174.22,172.84,173.13,497380,TSLA
2020-07-25,169.69,171.32,169.47,170.57,587848,TSLA
2020-07-26,173.21,174.34,171.84,172.22,867375,TSLA
2020-07-27,173.12,174.89,171.48,173.88,824442,TSLA
2020-07-28,174.16,176.64,173.7,175.56,811516,TSLA
2020-07-29,186.11,187.41,185.11,187.1,1484808,TSLA
2020-07-30,191.2,192.23,186.89,189.09,912361,TSLA
2020-07-31,192.85,193.41,192.27,192.88,2904837,TSLA
2020-08-01,195.08,196.92,194.09,196.17,815314,TSLA
2020-08-02,199.39,201.18,195.97,198.51,617171,TSLA
2020-08-03,197.71,197.71,197.35,197.66,359927,TSLA
2020-08-04,200.33,200.6,200.26,200.37,396739,TSLA
2020-08-05,198.67,199.06,197.32,197.97,1212016,TSLA
2020-08-06,196.56,198.14,195.55,197.37,1072142,TSLA
2020-08-07,198.3,200.16,193.89,195.96,745871,TSLA
2020-08-08,195.14,198.1,193.9,196.42,701906,TSLA
2020-08-09,204.71,205.05,203.86,204.26,507197,TSLA
2020-08-10,197.98,198.42,197.63,198.05,732417,TSLA
2020-08-11,200.16,200.7,199.93,200.53,852541,TSLA
2020-08-12,196.18,196.21,194.37,195.29,294324,TSLA
2020-08-13,193.47,194.2,192.98,193.93,1168259,TSLA
2020-08-14,199.02,199.39,196.64,197.68,297165,TSLA
2020-08-15,199.39,201.69,196.85,198.09,976254,TSLA
2020-08-16,192.91,195.92,192.74,194.69,812637,TSLA
2020-08-17,192.84,195.0,191.83,192.54,968882,TSLA
2020-08-18,194.95,195.53,193.73,194.93,609959,TSLA
2020-08-19,194.59,195.14,191.42,192.73,1982225,TSLA
2020-08-20,193.12,194.26,193.08,193.62,1226510,TSLA
2020-08-21,194.62,195.33,193.61,193.96,1185928,TSLA
2020-08-22,193.81,194.0,191.76,192.03,795392,TSLA
2020-08-23,197.8,199.79,196.32,199.14,844242,TSLA
2020-08-24,202.24,202.28,200.12,201.46,1375683,TSLA
2020-08-25,194.95,196.35,193.0,194.8,1707547,TSLA
2020-08-26,195.59,195.72,195.05,195.6,1807287,TSLA
2020-08-27,193.91,194.11,193.37,193.62,883717,TSLA
2020-08-28,196.55,196.78,195.72,196.59,937786,TSLA
2020-08-29,194.28,195.12,193.76,194.16,1084150,TSLA
2020-08-30,193.89,195.08,193.55,193.98,812368,TSLA
2020-08-31,194.59,196.66,193.83,195.82,654606,TSLA
2020-09-01,199.46,201.19,196.73,198.86,1022188,TSLA
2020-09-02,194.65,195.58,194.2,195.05,1201007,TSLA
2020-09-03,193.18,195.23,192.78,194.14,1241237,TSLA
2020-09-04,192.69,193.02,192.17,192.78,927015,TSLA
2020-09-05,192.21,194.25,189.05,190.85,698133,TSLA
2020-09-06,196.26,196.77,195.84,196.71,1254778,TSLA
2020-09-07,198.37,198.67,197.52,198.24,1203738,TSLA
2020-09-08,193.93,194.5,193.07,194.24,626860,TSLA
2020-09-09,196.08,197.57,194.81,197.43,1607073,TSLA
2020-09-10,205.82,205.98,202.93,204.67,1473095,TSLA
2020-09-11,209.49,210.51,207.64,208.42,993928,TSLA
2020-09-12,205.63,207.08,202.05,203.3,546102,TSLA
2020-09-13,201.61,201.89,200.2,201.85,561223,TSLA
2020-09-14,206.65,207.33,205.98,206.35,1288980,TSLA
2020-09-15,203.35,205.15,203.14,204.1,803337,TSLA
2020-09-16,206.2,206.71,205.52,205.82,917346,TSLA
2020-09-17,208.57,211.49,206.25,208.71,602480,TSLA
2020-09-18,206.51,207.19,204.7,205.66,1610029,TSLA
2020-09-19,206.67,207.25,204.27,205.66,417079,TSLA
2020-09-20,194.58,194.87,193.7,194.65,1055785,TSLA
2020-09-21,190.94,192.02,190.92,191.49,1299956,TSLA
2020-09-22,192.39,193.79,189.28,190.87,1487684,TSLA
2020-09-23,187.17,187.5,186.72,187.05,1403266,TSLA
2020-09-24,193.12,193.68,192.25,192.37,603044,TSLA
2020-09-25,186.83,189.47,185.91,187.93,908445,TSLA
2020-09-26,186.45,188.01,186.41,186.73,774204,TSLA
2020-09-27,188.56,189.97,185.3,187.32,628961,TSLA
2020-09-28,192.16,192.9,189.63,192.05,471486,TSLA
2020-09-29,188.07,188.91,187.45,187.6,1452610,TSLA
2020-09-30,191.27,191.7,190.74,191.46,2074160,TSLA
2020-10-01,192.59,193.76,190.93,191.68,869036,TSLA
2020-10-02,187.64,188.97,186.11,188.7,1705893,TSLA
2020-10-03,189.71,190.86,189.25,190.36,1528752,TSLA
2020-10-04,190.47,191.77,189.74,191.18,747719,TSLA
2020-10-05,188.97,189.57,188.65,189.44,1115430,TSLA
2020-10-06,189.86,190.38,189.83,189.85,1211969,TSLA
2020-10-07,187.94,189.08,187.29,188.81,1726183,TSLA
2020-10-08,188.4,190.13,187.93,189.36,1266089,TSLA
2020-10-09,191.57,191.7,191.09,191.65,503704,TSLA
2020-10-10,195.99,198.24,195.32,196.95,3021126,TSLA
2020-10-11,192.69,194.54,191.22,193.05,1475580,TSLA
2020-10-12,200.31,202.36,198.02,200.16,742056,TSLA
2020-10-13,194.15,194.79,193.45,193.79,567910,TSLA
2020-10-14,193.07,194.17,192.84,193.49,795418,TSLA
2020-10-15,194.92,196.82,194.26,195.59,1036050,TSLA
2020-10-16,196.77,196.89,196.16,196.71,882344,TSLA
2020-10-17,196.77,198.89,192.84,194.84,980538,TSLA
2020-10-18,196.0,196.21,192.05,194.35,749535,TSLA
2020-10-19,191.27,193.1,188.66,192.94,1652823,TSLA
2020-10-20,190.11,192.01,189.22,191.21,743582,TSLA
2020-10-21,195.34,196.63,193.31,194.13,1649377,TSLA
2020-10-22,196.8,198.35,193.98,195.49,1774050,TSLA
2020-10-23,195.09,196.86,192.7,193.41,597367,TSLA
2020-10-24,197.25,197.27,194.15,196.52,1003052,TSLA
2020-10-25,197.61,199.08,197.03,197.73,2006453,TSLA
2020-10-26,203.37,204.54,198.67,200.63,1381253,TSLA
2020-10-27,202.42,204.74,201.77,202.96,1972778,TSLA
2020-10-28,200.79,201.11,199.99,200.33,2203843,TSLA
2020-10-29,198.44,200.31,197.3,198.64,731113,TSLA
2020-10-30,201.46,202.09,200.04,201.33,1034528,TSLA
2020-10-31,202.85,203.61,202.59,203.6,1489380,TSLA
2020-11-01,203.04,205.93,202.24,203.73,1120051,TSLA
2020-11-02,202.22,205.37,200.89,204.33,1524478,TSLA
2020-11-03,208.15,209.53,208.07,208.92,2688187,TSLA
2020-11-04,204.18,209.57,203.15,207.05,1169148,TSLA
2020-11-05,211.06,212.68,207.59,209.16,1442297,TSLA
2020-11-06,208.11,208.87,207.86,208.66,1213951,TSLA
2020-11-07,210.65,212.95,206.77,208.1,462652,TSLA
2020-11-08,212.58,212.91,211.97,212.15,851011,TSLA
2020-11-09,215.75,216.38,214.99,215.3,1162713,TSLA
2020-11-10,219.09,220.62,217.91,218.46,1027638,TSLA
2020-11-11,220.77,225.82,218.38,223.47,1923588,TSLA
2020-11-12,221.47,224.96,218.8,223.77,2218922,TSLA
2020-11-13,225.32,226.96,224.75,226.56,913224,TSLA
2020-11-14,226.98,227.42,225.21,225.6,2202110,TSLA
2020-11-15,226.63,227.24,225.86,227.06,992759,TSLA
2020-11-16,227.67,228.24,225.7,226.78,1500445,TSLA
2020-11-17,226.9,227.83,226.64,227.38,1057175,TSLA
2020-11-18,230.56,231.26,229.53,229.88,656065,TSLA
2020-11-19,226.6,228.38,226.22,226.94,869291,TSLA
2020-11-20,234.88,235.96,234.3,235.15,562227,TSLA
2020-11-21,230.06,232.64,228.64,231.41,1922635,TSLA
2020-11-22,227.21,227.23,226.83,226.91,2528289,TSLA
2020-11-23,233.44,234.3,230.07,231.55,2015577,TSLA
2020-11-24,233.13,237.54,231.86,234.87,1095553,TSLA
2020-11-25,236.77,239.17,236.48,237.56,1812859,TSLA
2020-11-26,241.31,242.56,238.56,240.31,480099,TSLA
2020-11-27,240.75,241.63,239.8,240.5,2128830,TSLA
2020-11-28,239.9,241.91,234.36,237.11,3211533,TSLA
2020-11-29,238.38,238.46,237.1,237.64,1770245,TSLA
2020-11-30,235.29,236.5,233.95,235.17,981309,TSLA
2020-12-01,242.03,243.15,237.0,239.26,1915817,TSLA
2020-12-02,235.87,239.68,234.69,238.9,1294602,TSLA
2020-12-03,236.55,237.52,234.03,235.82,745456,TSLA
2020-12-04,234.54,237.33,234.35,234.78,634040,TSLA
2020-12-05,238.39,240.73,234.21,236.64,1110294,TSLA
2020-12-06,235.7,238.6,232.41,234.64,1256762,TSLA
2020-12-07,231.15,232.14,230.67,231.62,340940,TSLA
2020-12-08,231.51,234.7,229.35,232.8,5288172,TSLA
2020-12-09,235.02,235.19,233.31,233.99,984270,TSLA
2020-12-10,233.48,235.13,230.94,232.23,2341370,TSLA
2020-12-11,231.71,233.2,228.96,230.62,1234985,TSLA
2020-12-12,232.22,232.39,231.59,231.74,2288885,TSLA
2020-12-13,226.75,227.53,225.98,226.33,3662408,TSLA
2020-12-14,221.42,221.64,221.02,221.2,915327,TSLA
2020-12-15,217.5,219.36,217.05,218.74,1008698,TSLA
2020-12-16,217.19,219.04,215.89,218.17,1604871,TSLA
2020-12-17,219.46,220.37,218.75,219.53,1935849,TSLA
2020-12-18,225.73,226.97,224.1,225.19,1315571,TSLA
2020-12-19,228.7,229.2,228.4,228.66,1082146,TSLA
2020-12-20,228.42,229.8,227.63,228.28,580165,TSLA
2020-12-21,228.46,229.67,227.23,228.43,1214750,TSLA
2020-12-22,224.05,226.39,223.87,224.8,690953,TSLA
2020-12-23,225.43,227.36,223.72,224.95,1151054,TSLA
2020-12-24,222.9,226.4,222.33,224.08,2095930,TSLA
2020-12-25,225.73,226.3,225.29,225.52,1377358,TSLA
2020-12-26,222.75,223.26,222.24,222.61,1345263,TSLA
2020-12-27,224.74,225.66,223.64,224.77,517110,TSLA
2020-12-28,233.06,235.54,230.45,230.79,1418859,TSLA
2020-12-29,233.06,233.7,229.87,230.59,848486,TSLA
2020-12-30,232.38,233.67,231.82,232.38,416694,TSLA
2020-12-31,237.45,239.67,234.61,235.31,2122470,TSLA
2021-01-01,233.62,234.53,232.96,233.95,958034,TSLA
2021-01-02,235.68,237.18,233.4,235.06,1102834,TSLA
2021-01-03,234.06,237.24,232.89,235.35,1359840,TSLA
2021-01-04,235.62,236.48,235.58,235.97,2001431,TSLA
2021-01-05,232.89,235.38,230.99,233.13,726354,TSLA
2021-01-06,234.45,235.66,231.17,233.46,2181092,TSLA
2021-01-07,233.78,236.05,232.36,235.64,1021481,TSLA
2021-01-08,241.7,243.54,240.8,241.63,693692,TSLA
2021-01-09,244.51,245.79,242.86,245.77,1087803,TSLA
2021-01-10,255.31,256.22,254.67,254.91,743555,TSLA
2021-01-11,250.81,252.66,249.45,251.87,963997,TSLA
2021-01-12,257.54,259.4,254.4,255.81,2138100,TSLA
2021-01-13,254.9,258.28,253.59,256.86,388450,TSLA
2021-01-14,265.93,268.33,264.95,266.57,1025598,TSLA
2021-01-15,262.89,263.55,262.17,263.21,976698,TSLA
2021-01-16,257.52,261.72,257.14,259.75,834886,TSLA
2021-01-17,256.61,258.32,256.5,257.39,768430,TSLA
2021-01-18,246.8,249.54,246.04,248.45,1352823,TSLA
2021-01-19,246.03,246.92,245.65,246.5,705542,TSLA
2021-01-20,243.44,244.99,243.01,243.6,222943,TSLA
2021-01-21,243.2,244.53,242.85,244.45,442141,TSLA
2021-01-22,245.82,247.0,244.54,246.1,799282,TSLA
2021-01-23,255.54,258.74,252.4,254.11,1456126,TSLA
2021-01-24,259.99,260.73,257.92,258.42,1212117,TSLA
2021-01-25,256.38,257.6,254.48,256.17,309774,TSLA
2021-01-26,249.85,252.61,247.26,252.55,1192899,TSLA
2021-01-27,254.66,255.11,254.36,254.89,946977,TSLA
2021-01-28,246.31,252.92,244.74,249.48,683852,TSLA
2021-01-29,256.92,257.52,256.86,257.41,684554,TSLA
2021-01-30,262.9,264.98,262.21,262.77,1174931,TSLA
2021-01-31,260.98,261.79,260.09,260.96,1006291,TSLA
2021-02-01,254.59,255.4,253.55,253.7,520760,TSLA
2021-02-02,260.58,262.17,256.97,259.73,496905,TSLA
2021-02-03,259.96,260.15,258.85,259.48,898300,TSLA
2021-02-04,265.52,267.57,265.13,265.14,2129926,TSLA
2021-02-05,257.16,258.93,256.94,258.3,1415460,TSLA
2021-02-06,255.96,255.98,255.78,255.95,1118494,TSLA
2021-02-07,256.54,257.1,255.54,256.22,483720,TSLA
2021-02-08,257.57,258.39,254.79,256.68,544852,TSLA
2021-02-09,256.95,258.11,253.28,254.99,1131379,TSLA
2021-02-10,257.36,258.48,256.77,257.91,1204003,TSLA
2021-02-11,253.65,253.85,252.43,253.54,534847,TSLA
2021-02-12,254.0,254.14,252.17,253.18,731799,TSLA
2021-02-13,253.86,254.83,253.76,253.94,519837,TSLA
2021-02-14,254.86,259.12,252.29,256.39,587542,TSLA
2021-02-15,261.89,263.55,257.61,259.71,1289709,TSLA
2021-02-16,256.57,257.8,253.66,255.06,672645,TSLA
2021-02-17,248.74,251.1,246.51,248.73,483875,TSLA
2021-02-18,253.12,257.76,252.79,254.32,364288,TSLA
2021-02-19,255.53,257.21,254.61,255.99,706944,TSLA
2021-02-20,251.96,253.71,251.39,253.02,647865,TSLA
2021-02-21,261.0,264.22,259.2,259.87,1548816,TSLA
2021-02-22,261.13,263.27,258.55,260.64,488332,TSLA
2021-02-23,264.74,266.22,264.22,266.06,460900,TSLA
2021-02-24,264.59,268.05,264.3,266.63,1012553,TSLA
2021-02-25,276.04,276.31,275.83,276.13,821328,TSLA
2021-02-26,283.2,285.44,281.45,284.56,730864,TSLA
2021-02-27,284.54,284.76,281.1,283.65,790885,TSLA
2021-02-28,285.57,290.01,283.43,288.56,576695,TSLA
2021-03-01,292.07,292.91,291.88,291.98,751634,TSLA
2021-03-02,301.39,303.5,296.5,298.99,1055626,TSLA
2021-03-03,294.84,295.62,294.22,294.43,409827,TSLA
2021-03-04,298.5,299.5,296.49,298.12,1115186,TSLA
2021-03-05,304.01,306.88,300.38,303.72,1216913,TSLA
2021-03-06,294.04,295.72,294.04,295.04,548443,TSLA
2021-03-07,288.29,289.59,287.82,289.46,3018957,TSLA
2021-03-08,279.54,279.84,277.6,279.82,1817397,TSLA
2021-03-09,279.13,279.87,278.69,278.83,301238,TSLA
2021-03-10,281.96,283.41,281.86,282.47,1173104,TSLA
2021-03-11,288.46,290.78,288.39,289.88,1024463,TSLA
2021-03-12,292.43,294.25,287.7,290.53,408807,TSLA
2021-03-13,300.31,303.99,296.33,298.77,907490,TSLA
2021-03-14,294.24,296.12,289.78,292.13,553918,TSLA
2021-03-15,282.5,285.07,281.35,284.05,1096110,TSLA
2021-03-16,286.27,286.78,282.79,284.07,430790,TSLA
2021-03-17,289.01,291.33,282.98,286.19,426779,TSLA
2021-03-18,285.47,286.85,282.75,286.31,1799303,TSLA
2021-03-19,274.15,276.78,272.41,276.64,714109,TSLA
2021-03-20,274.58,278.39,271.44,276.5,1033073,TSLA
2021-03-21,270.69,271.81,270.32,270.71,1149754,TSLA
2021-03-22,275.31,276.34,272.89,274.02,657518,TSLA
2021-03-23,276.15,277.43,273.19,275.98,570848,TSLA
2021-03-24,273.38,274.45,270.38,271.89,909781,TSLA
2021-03-25,271.1,271.35,269.4,269.81,1726577,TSLA
2021-03-26,266.81,267.49,263.49,265.27,765923,TSLA
2021-03-27,261.85,266.47,259.97,265.25,878743,TSLA
2021-03-28,268.59,269.96,267.1,269.78,649299,TSLA
2021-03-29,265.97,266.98,265.15,265.57,848982,TSLA
2021-03-30,269.75,272.07,265.92,268.09,558098,TSLA
2021-03-31,263.04,266.9,260.23,265.96,864249,TSLA
2021-04-01,263.22,265.24,261.39,262.68,1183760,TSLA
2021-04-02,261.14,262.51,259.05,262.46,1487984,TSLA
2021-04-03,257.48,259.6,257.27,258.15,1166648,TSLA
2021-04-04,254.98,256.15,254.97,256.01,921362,TSLA
2021-04-05,253.02,253.7,248.68,251.1,1975884,TSLA
2021-04-06,258.31,260.86,257.94,259.65,716830,TSLA
2021-04-07,261.51,262.89,259.65,260.06,679849,TSLA
2021-04-08,258.76,260.27,255.98,257.25,299311,TSLA
2021-04-09,254.72,258.6,252.24,258.43,883255,TSLA
2021-04-10,260.25,260.64,256.43,258.2,1057581,TSLA
2021-04-11,260.1,260.39,256.68,257.5,1328810,TSLA
2021-04-12,262.01,262.63,258.14,260.41,722818,TSLA
2021-04-13,263.23,264.79,262.04,263.99,2458005,TSLA
2021-04-14,262.58,263.49,260.49,261.89,1204615,TSLA
2021-04-15,260.68,261.18,256.81,259.61,457124,TSLA
2021-04-16,258.08,258.96,258.07,258.67,954200,TSLA
2021-04-17,248.84,249.81,248.84,248.91,783312,TSLA
2021-04-18,242.33,245.78,241.55,242.81,1549081,TSLA
2021-04-19,248.83,249.19,248.36,248.64,818598,TSLA
2021-04-20,257.9,260.39,254.63,255.76,530688,TSLA
2021-04-21,254.3,256.33,252.77,254.94,950045,TSLA
2021-04-22,257.7,259.87,257.31,257.67,622593,TSLA
2021-04-23,257.73,260.75,255.83,259.27,342531,TSLA
2021-04-24,271.72,273.09,270.64,272.95,542956,TSLA
2021-04-25,277.93,280.71,276.74,278.36,899990,TSLA
2021-04-26,277.74,278.63,276.37,278.04,639776,TSLA
2021-04-27,275.06,275.88,272.91,273.84,1624815,TSLA
2021-04-28,267.11,267.29,264.37,266.72,440418,TSLA
2021-04-29,268.01,269.26,267.27,267.89,583539,TSLA
2021-04-30,265.11,265.74,264.41,264.75,524871,TSLA
2021-05-01,258.92,260.16,256.65,258.68,947660,TSLA
2021-05-02,256.78,257.13,254.29,256.12,1753544,TSLA
2021-05-03,252.32,252.53,251.52,251.72,893678,TSLA
2021-05-04,258.8,260.33,258.57,259.11,808759,TSLA
2021-05-05,266.46,267.96,260.75,263.2,1682242,TSLA
2021-05-06,265.89,269.41,260.39,263.43,2883968,TSLA
2021-05-07,270.23,271.05,267.55,270.25,1113147,TSLA
2021-05-08,269.77,270.99,268.64,270.87,349835,TSLA
2021-05-09,270.73,274.21,264.31,267.21,494716,TSLA
2021-05-10,275.52,276.54,274.26,274.32,1228521,TSLA
2021-05-11,275.86,279.53,275.3,277.08,1137355,TSLA
2021-05-12,275.28,276.9,269.93,272.52,326817,TSLA
2021-05-13,273.42,276.35,270.82,271.91,1238452,TSLA
2021-05-14,269.39,269.51,267.54,268.18,1329106,TSLA
2021-05-15,260.93,263.06,260.01,262.21,496046,TSLA
2021-05-16,265.77,267.17,264.9,266.55,2218940,TSLA
2021-05-17,273.93,277.43,273.71,275.37,1076552,TSLA
2021-05-18,267.8,269.78,267.5,269.17,1315737,TSLA
2021-05-19,272.34,273.15,269.56,271.98,762673,TSLA
2021-05-20,268.75,271.51,268.44,269.28,2374935,TSLA
2021-05-21,269.23,270.6,267.03,267.34,3300685,TSLA
2021-05-22,264.6,266.2,264.14,264.94,1131473,TSLA
2021-05-23,258.02,264.78,254.89,261.35,2216644,TSLA
2021-05-24,264.61,265.59,260.2,261.82,599974,TSLA
2021-05-25,258.38,258.79,257.75,258.42,1085514,TSLA
2021-05-26,256.94,260.43,254.97,259.85,665540,TSLA
2021-05-27,260.27,260.51,258.87,259.89,983893,TSLA
2021-05-28,259.82,262.36,258.45,259.1,682392,TSLA
2021-05-29,256.81,259.51,253.9,255.4,938060,TSLA
2021-05-30,254.94,254.94,251.64,253.18,1521149,TSLA
2021-05-31,256.21,256.66,253.87,256.64,485716,TSLA
2021-06-01,258.09,259.28,255.23,259.06,592000,TSLA
2021-06-02,254.43,255.16,253.84,255.06,909880,TSLA
2021-06-03,256.55,256.69,255.47,255.73,1525341,TSLA
2021-06-04,258.27,259.4,257.81,259.22,2710730,TSLA
2021-06-05,253.8,253.97,251.68,252.2,938427,TSLA
2021-06-06,252.21,254.99,251.82,254.75,1107912,TSLA
2021-06-07,253.38,254.76,251.8,252.16,909312,TSLA
2021-06-08,253.65,256.5,252.06,254.83,851404,TSLA
2021-06-09,249.14,252.21,248.03,251.81,1243358,TSLA
2021-06-10,244.57,246.27,243.07,244.42,919296,TSLA
2021-06-11,238.68,240.01,237.93,237.97,1737217,TSLA
2021-06-12,239.55,240.34,236.45,238.4,1062014,TSLA
2021-06-13,240.18,241.01,238.77,239.68,1604492,TSLA
2021-06-14,237.97,239.74,236.01,236.27,2037450,TSLA
2021-06-15,239.36,239.91,239.04,239.04,1732548,TSLA
2021-06-16,233.35,233.37,232.3,232.6,827359,TSLA
2021-06-17,229.32,234.18,227.64,232.57,1506652,TSLA
2021-06-18,226.69,228.2,226.5,228.06,1724508,TSLA
2021-06-19,227.54,229.69,223.64,225.79,1103078,TSLA
2021-06-20,225.94,226.67,225.77,226.19,2573173,TSLA
2021-06-21,222.39,224.07,221.63,223.14,1139350,TSLA
2021-06-22,221.58,222.29,220.43,221.92,949513,TSLA
2021-06-23,225.09,227.1,224.77,225.89,907521,TSLA
2021-06-24,223.74,226.02,223.5,223.92,1431688,TSLA
2021-06-25,226.69,227.45,226.25,227.29,1793148,TSLA
2021-06-26,222.77,225.95,221.07,223.2,1130158,TSLA
2021-06-27,224.36,226.61,222.43,225.41,2112815,TSLA
2021-06-28,230.17,231.65,229.95,231.1,3336063,TSLA
2021-06-29,221.75,222.7,220.08,221.72,841646,TSLA
2021-06-30,219.53,219.8,218.89,218.97,1789823,TSLA
2021-07-01,221.54,222.63,220.26,221.31,2585662,TSLA
2021-07-02,220.84,221.78,220.41,220.77,967703,TSLA
2021-07-03,222.18,223.8,220.49,222.37,688730,TSLA
2021-07-04,220.81,220.94,220.23,220.33,1726304,TSLA
2021-07-05,221.05,221.47,220.69,220.87,1579718,TSLA
2021-07-06,220.87,221.58,219.37,220.51,922601,TSLA
2021-07-07,222.4,225.18,220.09,225.05,1685159,TSLA
2021-07-08,226.48,226.61,224.6,226.24,1540154,TSLA
2021-07-09,228.46,229.32,227.35,227.75,1194191,TSLA
2021-07-10,227.06,228.01,226.11,226.4,1744067,TSLA
2021-07-11,225.47,226.11,224.63,224.76,1130397,TSLA
2021-07-12,221.88,223.38,220.56,223.35,1727933,TSLA
2021-07-13,225.22,225.62,224.47,225.05,371705,TSLA
2021-07-14,223.45,224.13,222.83,223.68,1039111,TSLA
2021-07-15,223.79,225.92,223.51,224.99,1345395,TSLA
2021-07-16,233.65,233.73,232.58,233.07,735633,TSLA
2021-07-17,236.77,236.93,236.34,236.71,1148915,TSLA
2021-07-18,237.71,237.79,233.4,235.65,961058,TSLA
2021-07-19,239.98,241.2,239.18,240.64,1332457,TSLA
2021-07-20,237.07,241.42,234.16,239.23,679364,TSLA
2021-07-21,232.21,232.78,228.1,231.27,674819,TSLA
2021-07-22,228.26,228.42,227.31,227.57,742762,TSLA
2021-07-23,219.68,221.16,218.82,220.64,785935,TSLA
2021-07-24,218.52,220.35,217.88,219.55,735232,TSLA
2021-07-25,220.54,220.71,219.47,219.84,1245682,TSLA
2021-07-26,226.78,228.13,223.86,226.25,3306584,TSLA
2021-07-27,228.77,229.79,226.85,227.72,1990257,TSLA
2021-07-28,226.56,227.13,225.17,227.11,579884,TSLA
2021-07-29,232.08,233.34,229.92,230.5,2430500,TSLA
2021-07-30,222.57,222.68,221.49,222.15,1801682,TSLA
2021-07-31,222.87,224.67,221.78,223.25,1218506,TSLA
2021-08-01,227.99,229.22,224.02,226.37,738556,TSLA
2021-08-02,221.29,222.74,219.62,220.96,2883105,TSLA
2021-08-03,224.28,225.54,224.01,225.43,790699,TSLA
2021-08-04,224.8,227.49,223.97,226.94,1085253,TSLA
2021-08-05,226.95,229.41,223.46,225.58,2963107,TSLA
2021-08-06,228.86,229.02,228.2,228.2,1497127,TSLA
2021-08-07,236.92,238.31,234.23,237.14,1832530,TSLA
2021-08-08,237.89,239.37,236.62,238.1,1271276,TSLA
2021-08-09,240.19,240.77,238.52,239.33,1173493,TSLA
2021-08-10,237.15,238.1,236.48,237.72,1347915,TSLA
2021-08-11,236.16,238.35,232.86,234.56,2463725,TSLA
2021-08-12,238.63,239.01,237.42,238.06,1282554,TSLA
2021-08-13,235.38,235.92,234.57,234.87,1746636,TSLA
2021-08-14,233.64,236.9,232.33,235.39,658903,TSLA
2021-08-15,233.25,234.56,232.57,233.73,1622361,TSLA
2021-08-16,234.62,235.91,234.2,235.84,1488737,TSLA
2021-08-17,239.8,239.85,236.41,237.4,1321455,TSLA
2021-08-18,242.28,242.62,239.3,241.78,2248560,TSLA
2021-08-19,239.42,240.12,238.38,239.94,2612966,TSLA
2021-08-20,239.59,239.84,238.94,239.09,2079149,TSLA
2021-08-21,234.38,235.86,234.35,235.39,1323270,TSLA
2021-08-22,233.59,234.55,230.93,233.86,1371057,TSLA
2021-08-23,234.9,235.72,233.92,235.58,1362819,TSLA
2021-08-24,236.68,239.64,235.5,238.81,1927072,TSLA
2021-08-25,236.24,236.25,234.71,235.34,728200,TSLA
2021-08-26,240.74,242.34,236.83,239.02,530914,TSLA
2021-08-27,243.71,246.0,242.36,244.7,2090842,TSLA
2021-08-28,247.62,247.75,246.35,246.65,555831,TSLA
2021-08-29,254.23,255.44,252.85,254.68,417850,TSLA
2021-08-30,248.69,253.02,247.09,251.61,2449464,TSLA
2021-08-31,245.14,247.07,245.02,246.59,855683,TSLA
2021-09-01,238.77,240.54,237.93,239.46,492986,TSLA
2021-09-02,245.71,246.38,245.24,245.72,1978209,TSLA
2021-09-03,245.94,251.14,243.87,248.67,1103563,TSLA
2021-09-04,248.19,250.26,246.41,248.68,960883,TSLA
2021-09-05,249.83,250.39,249.31,250.1,1017928,TSLA
2021-09-06,246.19,247.4,245.45,245.61,1099987,TSLA
2021-09-07,254.54,257.64,252.87,255.96,1323161,TSLA
2021-09-08,255.15,258.04,254.0,256.77,832598,TSLA
2021-09-09,254.52,260.03,254.33,257.49,1216805,TSLA
2021-09-10,261.13,264.07,258.13,260.89,1085376,TSLA
2021-09-11,261.4,264.47,259.82,263.26,324486,TSLA
2021-09-12,266.44,268.43,262.69,264.51,518418,TSLA
2021-09-13,262.44,265.1,258.86,261.26,638982,TSLA
2021-09-14,263.16,264.89,261.88,263.59,944642,TSLA
2021-09-15,270.22,273.73,269.46,272.19,1296802,TSLA
2021-09-16,279.34,280.95,276.46,278.62,2604519,TSLA
2021-09-17,286.48,287.03,285.46,286.36,559799,TSLA
2021-09-18,286.33,289.51,282.5,284.18,1176108,TSLA
2021-09-19,277.15,282.46,276.08,279.73,1325657,TSLA
2021-09-20,280.13,280.36,278.72,279.42,1678206,TSLA
2021-09-21,279.71,280.67,279.12,279.95,905510,TSLA
2021-09-22,284.88,286.95,282.35,285.38,1172465,TSLA
2021-09-23,276.58,278.77,276.27,277.54,1120029,TSLA
2021-09-24,282.99,285.72,281.84,284.96,1350665,TSLA
2021-09-25,284.36,284.64,283.19,284.48,1294904,TSLA
2021-09-26,285.84,287.3,281.47,282.72,220719,TSLA
2021-09-27,280.85,282.87,275.62,278.19,836008,TSLA
2021-09-28,270.47,271.06,270.37,270.72,1092487,TSLA
2021-09-29,276.83,280.32,274.02,274.73,416593,TSLA
2021-09-30,276.2,277.05,274.99,275.34,1942467,TSLA
2021-10-01,269.11,270.17,268.72,269.64,763245,TSLA
2021-10-02,265.05,266.36,263.47,264.04,1617619,TSLA
2021-10-03,259.62,265.69,256.91,262.81,531612,TSLA
2021-10-04,270.69,271.3,270.23,270.44,858641,TSLA
2021-10-05,270.28,270.61,268.79,269.53,928749,TSLA
2021-10-06,263.36,263.91,262.36,262.98,689918,TSLA
2021-10-07,260.82,262.7,260.65,262.16,591443,TSLA
2021-10-08,259.33,261.67,257.27,261.21,1106421,TSLA
2021-10-09,252.11,252.4,248.92,249.62,994732,TSLA
2021-10-10,250.27,251.26,247.69,249.64,737169,TSLA
2021-10-11,247.43,250.79,245.68,248.92,1455247,TSLA
2021-10-12,252.51,253.15,251.63,252.08,1080656,TSLA
2021-10-13,261.02,261.41,259.82,260.17,706099,TSLA
2021-10-14,262.51,268.97,260.99,265.35,402471,TSLA
2021-10-15,263.48,266.42,262.64,264.42,1373380,TSLA
2021-10-16,259.18,260.94,257.53,259.76,859996,TSLA
2021-10-17,271.14,273.4,268.73,271.26,525562,TSLA
2021-10-18,271.49,272.89,270.04,271.79,348746,TSLA
2021-10-19,271.95,272.97,271.15,272.13,1814104,TSLA
2021-10-20,272.59,274.38,271.15,272.29,883014,TSLA
2021-10-21,273.3,273.88,273.18,273.46,532670,TSLA
2021-10-22,273.17,276.15,271.47,273.07,697762,TSLA
2021-10-23,272.53,273.79,269.15,270.7,305807,TSLA
2021-10-24,271.58,271.78,267.55,268.48,1279264,TSLA
2021-10-25,267.8,269.24,266.71,268.6,856417,TSLA
2021-10-26,265.0,267.92,262.94,266.41,1173292,TSLA
2021-10-27,262.18,264.04,259.86,263.48,322174,TSLA
2021-10-28,264.67,265.7,264.08,264.21,902305,TSLA
2021-10-29,261.99,263.97,260.77,263.34,629677,TSLA
2021-10-30,269.34,270.71,268.17,270.26,990988,TSLA
2021-10-31,254.89,259.17,253.47,258.48,785493,TSLA
2021-11-01,266.19,268.37,263.29,263.48,633690,TSLA
2021-11-02,269.17,270.06,269.06,269.26,484456,TSLA
2021-11-03,261.87,262.85,258.5,260.14,574345,TSLA
2021-11-04,258.53,259.36,258.35,258.9,372358,TSLA
2021-11-05,257.85,258.77,256.42,257.53,674420,TSLA
2021-11-06,249.25,252.26,247.72,251.69,1937279,TSLA
2021-11-07,247.8,249.16,246.97,248.65,1121940,TSLA
2021-11-08,243.02,244.94,240.11,244.25,1168436,TSLA
2021-11-09,251.97,252.6,251.02,251.69,851789,TSLA
2021-11-10,253.99,258.0,253.86,255.9,992692,TSLA
2021-11-11,259.92,262.91,259.75,261.62,699475,TSLA
2021-11-12,265.6,266.73,264.71,265.06,428399,TSLA
2021-11-13,259.94,260.43,258.91,260.29,457290,TSLA
2021-11-14,258.54,258.85,258.2,258.25,1222312,TSLA
2021-11-15,261.84,263.94,260.43,260.63,522313,TSLA
2021-11-16,259.32,262.7,253.88,255.53,688218,TSLA
2021-11-17,257.94,262.19,255.24,258.85,1063526,TSLA
2021-11-18,258.53,260.9,255.75,258.06,572999,TSLA
2021-11-19,254.85,256.96,254.1,256.69,883525,TSLA
2021-11-20,259.98,260.17,259.64,260.01,415273,TSLA
2021-11-21,262.74,264.07,261.76,262.21,590495,TSLA
2021-11-22,260.7,261.88,259.58,260.88,530270,TSLA
2021-11-23,266.69,266.71,265.87,266.22,963806,TSLA
2021-11-24,262.08,262.52,261.03,261.64,920707,TSLA
2021-11-25,265.22,266.26,263.03,264.61,901605,TSLA
2021-11-26,266.13,270.4,263.69,267.51,681044,TSLA
2021-11-27,265.56,267.81,265.37,266.38,897155,TSLA
2021-11-28,269.6,269.8,267.37,268.11,507749,TSLA
2021-11-29,263.47,264.1,261.29,262.73,568269,TSLA
2021-11-30,269.2,270.3,266.57,267.07,994726,TSLA
2021-12-01,265.36,268.32,263.44,266.51,663796,TSLA
2021-12-02,264.92,266.36,263.15,264.43,462181,TSLA
2021-12-03,269.58,270.02,268.63,269.36,705963,TSLA
2021-12-04,265.92,267.31,265.42,266.43,1433384,TSLA
2021-12-05,263.75,263.81,258.78,260.38,626109,TSLA
2021-12-06,255.14,255.26,253.52,253.82,719097,TSLA
2021-12-07,256.08,257.77,255.25,256.66,1046583,TSLA
2021-12-08,253.23,256.84,250.58,251.39,1264645,TSLA
2021-12-09,258.54,259.07,257.8,259.06,875795,TSLA
2021-12-10,253.5,254.85,247.41,250.24,602444,TSLA
2021-12-11,257.93,258.36,256.81,257.63,1117609,TSLA
2021-12-12,259.36,259.63,258.6,258.8,528939,TSLA
2021-12-13,257.18,260.35,255.12,258.63,2087050,TSLA
2021-12-14,255.53,257.53,254.09,256.52,496204,TSLA
2021-12-15,259.06,259.08,257.72,258.49,1107915,TSLA
2021-12-16,257.06,260.4,256.03,258.59,480151,TSLA
2021-12-17,262.49,264.99,261.87,263.64,1438842,TSLA
2021-12-18,265.34,265.84,264.24,264.41,226185,TSLA
2021-12-19,266.82,268.99,263.05,265.34,522843,TSLA
2021-12-20,260.24,264.34,258.94,263.98,307137,TSLA
2021-12-21,262.3,265.08,259.97,263.98,434671,TSLA
2021-12-22,268.26,269.91,262.46,265.61,978012,TSLA
2021-12-23,258.26,259.92,257.3,258.23,1876665,TSLA
2021-12-24,254.32,254.64,250.54,252.63,522213,TSLA
2021-12-25,257.94,260.17,253.81,256.04,686693,TSLA
2021-12-26,258.46,261.89,253.82,257.03,1385741,TSLA
2021-12-27,256.86,257.32,255.16,256.49,697362,TSLA
2021-12-28,254.8,258.27,252.82,256.82,863245,TSLA
2021-12-29,257.15,259.59,255.54,258.58,293619,TSLA
2021-12-30,254.36,256.56,253.63,256.49,1070165,TSLA
2021-12-31,253.56,255.77,250.31,253.38,449667,TSLA
2022-01-01,253.13,255.28,251.16,254.47,751838,TSLA
2022-01-02,252.6,253.02,249.64,250.53,814070,TSLA
2022-01-03,252.44,254.55,251.15,252.5,457178,TSLA
2022-01-04,244.99,246.09,244.45,245.52,1373704,TSLA
2022-01-05,250.75,251.3,249.46,250.01,1029943,TSLA
2022-01-06,251.87,252.91,251.03,252.25,941898,TSLA
2022-01-07,253.44,253.58,252.37,253.58,1032005,TSLA
2022-01-08,257.01,260.28,256.37,258.02,536933,TSLA
2022-01-09,265.12,265.63,263.73,265.51,365296,TSLA
2022-01-10,269.06,272.76,267.23,270.3,1793455,TSLA
2022-01-11,261.57,262.74,261.4,262.2,1237229,TSLA
2022-01-12,258.63,258.65,255.08,256.81,2500090,TSLA
2022-01-13,255.95,257.86,254.33,254.37,832960,TSLA
2022-01-14,255.22,256.87,253.22,254.73,601775,TSLA
2022-01-15,257.59,257.92,256.28,257.2,727983,TSLA
2022-01-16,252.01,255.43,250.24,254.32,696600,TSLA
2022-01-17,256.78,258.1,254.47,255.37,884403,TSLA
2022-01-18,252.58,253.35,250.65,252.37,485336,TSLA
2022-01-19,247.49,252.29,245.69,250.03,456659,TSLA
2022-01-20,245.78,247.18,243.53,244.36,880350,TSLA
2022-01-21,240.97,241.94,239.28,240.81,1175254,TSLA
2022-01-22,235.71,236.11,235.3,235.57,842880,TSLA
2022-01-23,230.66,232.57,229.38,231.94,1678983,TSLA
2022-01-24,236.36,237.01,234.73,236.28,1018059,TSLA
2022-01-25,231.62,235.97,230.86,232.74,789048,TSLA
2022-01-26,245.8,247.44,241.58,243.27,1111741,TSLA
2022-01-27,246.24,246.47,245.06,245.53,1156848,TSLA
2022-01-28,245.7,248.07,244.16,246.54,2311309,TSLA
2022-01-29,244.09,244.25,242.43,243.22,516222,TSLA
2022-01-30,248.11,249.39,246.27,246.33,1538203,TSLA
2022-01-31,243.98,245.15,242.54,244.19,455123,TSLA
2022-02-01,246.47,247.59,243.27,244.93,346680,TSLA
2022-02-02,255.36,258.23,252.2,255.72,468265,TSLA
2022-02-03,254.45,256.98,253.73,255.55,1336636,TSLA
2022-02-04,261.33,262.11,260.14,260.75,1427061,TSLA
2022-02-05,258.38,260.56,256.38,257.92,1834593,TSLA
2022-02-06,258.08,258.77,257.48,258.02,420421,TSLA
2022-02-07,265.57,266.21,265.19,265.96,687156,TSLA
2022-02-08,265.64,266.1,262.12,263.42,637108,TSLA
2022-02-09,269.64,274.73,269.0,271.71,667853,TSLA
2022-02-10,274.37,275.54,272.99,275.21,756577,TSLA
2022-02-11,272.49,273.16,272.21,272.88,726961,TSLA
2022-02-12,277.44,278.78,275.07,276.06,1566408,TSLA
2022-02-13,282.11,284.04,280.1,280.84,979836,TSLA
2022-02-14,284.89,285.37,282.95,284.06,962477,TSLA
2022-02-15,279.24,281.8,273.52,276.84,934150,TSLA
2022-02-16,274.41,275.13,273.02,273.73,1445354,TSLA
2022-02-17,276.76,277.95,271.62,272.86,1497877,TSLA
2022-02-18,272.37,275.24,269.36,272.78,1878954,TSLA
2022-02-19,273.86,277.24,271.74,275.9,1383461,TSLA
2022-02-20,278.85,280.96,276.52,277.0,1840417,TSLA
2022-02-21,274.57,275.57,268.2,271.05,2948946,TSLA
2022-02-22,270.88,274.89,270.79,273.05,1241373,TSLA
2022-02-23,278.74,279.67,275.51,276.13,720718,TSLA
2022-02-24,281.35,281.57,278.31,279.0,551985,TSLA
2022-02-25,285.69,286.13,284.23,284.35,722437,TSLA
2022-02-26,288.53,289.47,286.38,288.62,1241998,TSLA
2022-02-27,290.91,293.16,289.84,291.13,2963931,TSLA
2022-02-28,291.24,292.37,290.67,291.07,971093,TSLA
2022-03-01,284.98,286.18,281.96,283.23,3120250,TSLA
2022-03-02,284.7,285.62,283.65,285.56,1282349,TSLA
2022-03-03,286.31,287.38,284.52,286.84,713756,TSLA
2022-03-04,289.99,292.3,284.61,288.43,818738,TSLA
2022-03-05,282.56,283.11,281.78,282.52,1037048,TSLA
2022-03-06,274.2,277.69,270.78,277.67,1266018,TSLA
2022-03-07,281.68,284.0,280.67,282.86,1042204,TSLA
2022-03-08,280.75,283.08,280.58,282.95,1263443,TSLA
2022-03-09,288.26,288.36,285.47,286.47,2779737,TSLA
2022-03-10,283.91,287.77,282.07,286.89,2178263,TSLA
2022-03-11,285.01,288.12,282.88,287.32,1175913,TSLA
2022-03-12,291.29,292.93,291.22,292.14,457597,TSLA
2022-03-13,288.32,291.95,286.99,289.89,1455488,TSLA
2022-03-14,290.6,290.65,290.56,290.65,1443536,TSLA
2022-03-15,289.21,290.05,288.12,288.67,2083736,TSLA
2022-03-16,283.62,286.87,280.7,286.85,1281392,TSLA
2022-03-17,283.59,286.28,281.67,285.64,669597,TSLA
2022-03-18,287.48,287.95,286.67,286.99,1236572,TSLA
2022-03-19,281.42,286.75,280.82,284.96,1477431,TSLA
2022-03-20,293.28,293.83,290.95,291.26,680005,TSLA
2022-03-21,285.43,287.93,284.22,287.17,969182,TSLA
2022-03-22,287.49,287.83,286.28,286.55,738515,TSLA
2022-03-23,284.24,285.44,284.06,284.71,3208974,TSLA
2022-03-24,293.45,294.62,291.21,291.92,769379,TSLA
2022-03-25,290.62,296.79,287.52,293.18,960254,TSLA
2022-03-26,301.77,304.63,296.11,298.56,1441521,TSLA
2022-03-27,291.0,293.45,290.0,291.39,1023649,TSLA
2022-03-28,293.44,294.32,292.12,292.99,1357713,TSLA
2022-03-29,296.21,298.64,295.81,297.66,1148754,TSLA
2022-03-30,298.02,298.85,297.57,298.37,1410275,TSLA
2022-03-31,305.15,306.73,302.42,304.01,1947304,TSLA
2022-04-01,299.92,301.79,298.56,301.66,1538153,TSLA
2022-04-02,312.58,313.82,307.5,309.11,1928407,TSLA
2022-04-03,322.31,324.03,320.87,321.37,1275004,TSLA
2022-04-04,321.57,323.69,319.19,319.73,1310350,TSLA
2022-04-05,320.55,322.58,314.77,317.65,978374,TSLA
2022-04-06,324.08,326.17,322.92,325.72,986140,TSLA
2022-04-07,335.89,337.41,333.48,334.7,925681,TSLA
2022-04-08,331.3,333.12,331.1,332.09,1666668,TSLA
2022-04-09,329.08,331.25,325.36,330.07,2070270,TSLA
2022-04-10,332.43,334.82,325.98,328.83,1747108,TSLA
2022-04-11,320.98,325.87,316.95,321.72,1856497,TSLA
2022-04-12,319.57,321.07,316.92,317.07,1344527,TSLA
2022-04-13,314.73,317.14,309.61,312.03,991497,TSLA
2022-04-14,306.57,309.81,304.08,308.31,2387704,TSLA
2022-04-15,309.07,310.78,308.37,308.43,1399138,TSLA
2022-04-16,308.77,313.44,308.44,309.95,448504,TSLA
2022-04-17,317.21,320.07,316.49,318.34,1157230,TSLA
2022-04-18,314.03,315.03,310.78,313.31,1007622,TSLA
2022-04-19,318.94,319.98,318.17,318.81,1184464,TSLA
2022-04-20,318.08,318.96,317.92,317.97,541729,TSLA
2022-04-21,318.65,319.41,317.61,318.02,1530169,TSLA
2022-04-22,321.39,324.25,319.84,321.95,985744,TSLA
2022-04-23,315.06,317.42,313.9,316.19,2301113,TSLA
2022-04-24,318.02,319.01,316.31,318.53,492023,TSLA
2022-04-25,319.71,320.2,317.07,319.74,2224032,TSLA
2022-04-26,319.89,323.91,318.52,322.7,1023960,TSLA
2022-04-27,323.49,326.82,322.43,324.59,1548997,TSLA
2022-04-28,341.28,342.92,335.94,338.32,791380,TSLA
2022-04-29,336.13,337.71,332.08,335.02,1485117,TSLA
2022-04-30,334.66,334.69,331.59,332.36,625482,TSLA
2022-05-01,327.4,330.87,326.15,329.21,1543438,TSLA
2022-05-02,325.5,327.45,324.9,326.46,793784,TSLA
2022-05-03,327.24,327.53,322.11,323.28,547196,TSLA
2022-05-04,331.66,334.19,326.01,330.06,1396129,TSLA
2022-05-05,339.03,339.75,337.53,338.27,1568598,TSLA
2022-05-06,336.34,338.67,335.04,335.36,1049947,TSLA
2022-05-07,333.19,336.84,329.35,331.0,1677591,TSLA
2022-05-08,333.65,334.61,331.79,333.95,2627610,TSLA
2022-05-09,331.74,333.07,330.77,331.18,1966621,TSLA
2022-05-10,335.82,338.96,331.85,335.03,671836,TSLA
2022-05-11,335.7,337.65,335.32,336.51,402732,TSLA
2022-05-12,325.48,332.51,323.84,328.26,832524,TSLA
2022-05-13,338.79,339.13,335.37,337.13,619774,TSLA
2022-05-14,346.87,348.85,346.24,347.64,2026029,TSLA
2022-05-15,346.87,348.01,341.49,344.41,887305,TSLA
2022-05-16,342.3,342.5,341.7,342.5,648265,TSLA
2022-05-17,343.12,346.48,342.25,344.49,1890975,TSLA
2022-05-18,345.16,347.3,344.22,346.76,1283332,TSLA
2022-05-19,347.83,353.12,347.51,350.95,872949,TSLA
2022-05-20,364.08,364.11,362.33,363.16,2955217,TSLA
2022-05-21,360.81,362.8,358.7,362.44,1336648,TSLA
2022-05-22,359.41,360.25,356.82,357.93,534019,TSLA
2022-05-23,350.46,353.49,346.48,349.98,503713,TSLA
2022-05-24,348.01,349.41,345.4,346.02,696991,TSLA
2022-05-25,345.76,346.95,344.95,346.17,1796856,TSLA
2022-05-26,359.0,359.5,355.5,356.96,2387640,TSLA
2022-05-27,354.61,355.3,354.02,354.21,1008709,TSLA
2022-05-28,358.73,359.03,352.51,355.89,775722,TSLA
2022-05-29,355.07,358.81,354.13,356.14,1455480,TSLA
2022-05-30,361.29,366.59,359.44,363.61,2014556,TSLA
2022-05-31,377.9,382.46,375.12,379.43,434699,TSLA
2022-06-01,376.91,378.29,375.26,376.41,828624,TSLA
2022-06-02,373.7,377.14,371.98,373.69,1373316,TSLA
2022-06-03,381.26,382.33,379.12,380.62,1571929,TSLA
2022-06-04,389.32,393.64,381.39,385.36,791791,TSLA
2022-06-05,394.66,401.25,391.32,397.71,1166853,TSLA
2022-06-06,399.93,403.0,399.02,402.01,1975917,TSLA
2022-06-07,399.78,400.19,399.01,399.98,290304,TSLA
2022-06-08,403.06,407.23,400.62,404.35,1312447,TSLA
2022-06-09,416.76,422.07,407.02,412.28,2020082,TSLA
2022-06-10,417.96,418.42,417.88,418.38,672854,TSLA
2022-06-11,421.79,425.03,416.96,422.36,644344,TSLA
2022-06-12,432.46,435.21,427.99,430.36,530018,TSLA
2022-06-13,438.28,440.82,437.51,439.25,889370,TSLA
2022-06-14,447.96,454.94,447.02,449.89,1233320,TSLA
2022-06-15,455.03,460.81,453.5,455.24,566906,TSLA
2022-06-16,455.59,459.52,452.62,454.41,1221542,TSLA
2022-06-17,460.56,461.97,449.94,455.98,1804687,TSLA
2022-06-18,462.54,468.7,459.18,465.69,1634054,TSLA
2022-06-19,458.22,460.37,456.68,459.75,2436307,TSLA
2022-06-20,460.25,464.64,457.61,463.05,1086167,TSLA
2022-06-21,461.03,461.61,458.78,460.45,940578,TSLA
2022-06-22,461.26,461.44,460.52,461.13,1488472,TSLA
2022-06-23,470.81,475.49,467.63,471.5,484600,TSLA
2022-06-24,477.0,479.37,471.22,473.48,489276,TSLA
2022-06-25,467.67,481.16,462.26,474.32,627164,TSLA
2022-06-26,460.74,468.93,457.18,463.94,458099,TSLA
2022-06-27,472.93,475.24,468.1,470.22,1205791,TSLA
2022-06-28,477.44,477.56,475.07,475.79,886549,TSLA
2022-06-29,490.7,495.86,488.85,493.57,622161,TSLA
2022-06-30,491.99,494.94,490.97,491.5,295400,TSLA
2022-07-01,488.54,497.12,487.54,493.8,475712,TSLA
2022-07-02,498.6,503.58,496.03,496.36,1643183,TSLA
2022-07-03,510.74,514.29,505.44,510.02,2096750,TSLA
2022-07-04,509.02,511.23,508.63,509.7,1886142,TSLA
2022-07-05,511.11,516.6,508.67,512.6,883578,TSLA
2022-07-06,520.07,522.8,515.03,518.35,423062,TSLA
2022-07-07,520.31,525.42,515.64,520.48,545115,TSLA
2022-07-08,517.22,518.82,515.51,517.09,1110408,TSLA
2022-07-09,521.0,523.56,516.57,519.29,2421295,TSLA
2022-07-10,529.21,529.55,527.39,529.18,1119864,TSLA
2022-07-11,522.89,522.98,515.92,520.57,747206,TSLA
2022-07-12,520.21,526.33,516.8,522.25,799120,TSLA
2022-07-13,517.1,520.83,512.57,516.61,399819,TSLA
2022-07-14,525.65,527.81,523.77,527.51,362095,TSLA
2022-07-15,514.08,514.81,512.76,514.52,522008,TSLA
2022-07-16,514.47,516.1,507.8,510.19,683173,TSLA
2022-07-17,517.0,519.93,511.53,513.93,430315,TSLA
2022-07-18,529.45,532.25,527.8,527.97,1703816,TSLA
2022-07-19,527.67,530.26,526.53,527.91,476119,TSLA
2022-07-20,523.98,530.34,522.28,523.5,647943,TSLA
2022-07-21,543.33,546.17,538.21,540.58,464371,TSLA
2022-07-22,526.2,532.36,525.36,527.95,400225,TSLA
2022-07-23,507.3,511.33,506.82,508.95,478802,TSLA
2022-07-24,514.11,517.41,513.06,513.22,1612167,TSLA
2022-07-25,515.3,517.27,504.78,509.39,944997,TSLA
2022-07-26,502.07,503.97,498.65,501.15,705312,TSLA
2022-07-27,512.65,514.96,504.34,507.61,625265,TSLA
2022-07-28,508.6,510.63,504.2,510.19,1296173,TSLA
2022-07-29,512.04,517.91,504.24,505.86,806292,TSLA
2022-07-30,496.89,497.15,494.51,495.47,607683,TSLA
2022-07-31,504.48,507.52,501.54,503.23,870494,TSLA
2022-08-01,515.39,517.58,504.24,509.23,432293,TSLA
2022-08-02,512.5,513.98,503.7,508.88,568727,TSLA
2022-08-03,531.81,532.57,518.81,525.19,1367846,TSLA
2022-08-04,516.86,517.21,515.72,516.25,1852238,TSLA
2022-08-05,502.12,506.94,500.66,503.52,414749,TSLA
2022-08-06,496.61,498.35,489.73,498.16,636697,TSLA
2022-08-07,494.37,499.15,490.2,498.27,775197,TSLA
2022-08-08,500.29,506.87,494.1,500.8,653264,TSLA
2022-08-09,498.67,500.36,497.87,499.26,1171213,TSLA
2022-08-10,504.94,509.46,498.35,502.71,408378,TSLA
2022-08-11,493.25,495.38,490.29,492.63,843309,TSLA
2022-08-12,508.35,511.52,505.02,505.08,1086202,TSLA
2022-08-13,504.49,505.05,504.44,504.88,1749455,TSLA
2022-08-14,512.87,517.9,510.22,514.86,372958,TSLA
2022-08-15,521.02,525.05,513.8,518.34,671834,TSLA
2022-08-16,527.49,532.31,519.37,522.84,833673,TSLA
2022-08-17,530.25,532.16,525.38,528.36,648792,TSLA
2022-08-18,533.01,533.94,532.5,532.86,443037,TSLA
2022-08-19,539.75,539.88,538.06,539.15,359260,TSLA
2022-08-20,550.83,552.02,546.71,551.73,1155530,TSLA
2022-08-21,551.13,554.7,549.88,554.1,974178,TSLA
2022-08-22,561.34,562.51,558.76,561.26,1358720,TSLA
2022-08-23,565.2,569.56,558.79,560.97,468965,TSLA
2022-08-24,575.99,576.64,573.29,575.11,563181,TSLA
2022-08-25,570.11,571.45,567.77,569.13,1775142,TSLA
2022-08-26,588.21,588.6,586.23,586.93,1180752,TSLA
2022-08-27,588.85,590.35,585.18,587.12,1114563,TSLA
2022-08-28,571.7,580.64,570.99,573.57,1034819,TSLA
2022-08-29,573.69,576.17,572.76,575.37,288439,TSLA
2022-08-30,563.64,569.53,561.46,569.35,1362812,TSLA
2022-08-31,574.03,579.8,572.29,577.96,327450,TSLA
2022-09-01,570.49,574.37,569.55,572.19,553446,TSLA
2022-09-02,569.13,569.87,567.08,568.46,915570,TSLA
2022-09-03,553.55,556.75,550.73,550.96,863086,TSLA
2022-09-04,549.46,551.1,546.86,547.31,634579,TSLA
2022-09-05,524.13,527.32,521.29,525.54,786657,TSLA
2022-09-06,513.11,513.79,510.84,512.06,760794,TSLA
2022-09-07,515.92,524.01,513.31,519.12,1061272,TSLA
2022-09-08,527.0,529.68,524.79,526.49,1032720,TSLA
2022-09-09,529.62,531.08,529.41,530.78,890203,TSLA
2022-09-10,518.45,528.37,515.82,522.67,1040229,TSLA
2022-09-11,526.6,527.3,519.8,522.77,952362,TSLA
2022-09-12,525.7,528.71,519.3,523.26,974478,TSLA
2022-09-13,514.7,516.08,511.56,513.58,1058631,TSLA
2022-09-14,523.37,532.76,517.36,527.07,791175,TSLA
2022-09-15,536.67,541.96,531.91,535.37,805807,TSLA
2022-09-16,530.0,534.75,529.57,533.91,1439175,TSLA
2022-09-17,539.51,540.71,531.85,534.68,635183,TSLA
2022-09-18,537.46,537.99,535.63,537.08,499724,TSLA
2022-09-19,518.47,521.59,514.79,519.17,1171998,TSLA
2022-09-20,512.64,521.2,511.79,517.53,1140301,TSLA
2022-09-21,512.56,519.02,507.73,512.1,1555168,TSLA
2022-09-22,500.13,505.57,498.37,503.98,942180,TSLA
2022-09-23,497.44,502.14,494.24,502.1,1019509,TSLA
2022-09-24,517.98,518.51,516.91,517.77,810125,TSLA
2022-09-25,527.38,528.2,521.93,523.87,445562,TSLA
2022-09-26,516.46,519.53,513.75,519.35,846841,TSLA
2022-09-27,527.67,529.89,523.56,524.87,1402518,TSLA
2022-09-28,539.44,542.1,533.4,537.74,1056041,TSLA
2022-09-29,548.76,550.21,542.57,546.63,1574853,TSLA
2022-09-30,548.91,551.98,543.52,547.72,1323486,TSLA
2022-10-01,542.83,546.31,540.81,542.3,902044,TSLA
2022-10-02,543.52,550.01,539.93,549.2,3157419,TSLA
2022-10-03,556.59,559.05,549.64,553.38,2223293,TSLA
2022-10-04,564.45,567.9,558.13,562.26,811488,TSLA
2022-10-05,574.33,581.37,563.18,568.82,965114,TSLA
2022-10-06,580.65,586.86,574.93,579.42,2151011,TSLA
2022-10-07,571.88,575.9,568.98,574.78,2730665,TSLA
2022-10-08,588.91,590.18,585.47,588.08,2516027,TSLA
2022-10-09,598.42,605.1,584.1,590.62,559697,TSLA
2022-10-10,606.58,617.77,605.03,611.82,1317029,TSLA
2022-10-11,606.01,606.29,598.12,605.33,2380277,TSLA
2022-10-12,627.95,629.89,618.62,623.6,1073619,TSLA
2022-10-13,628.7,630.88,623.57,626.29,2446238,TSLA
2022-10-14,620.42,620.65,619.98,620.05,1081316,TSLA
2022-10-15,614.97,618.43,613.42,615.62,1428301,TSLA
2022-10-16,610.83,614.39,610.23,612.91,881380,TSLA
2022-10-17,616.16,619.3,613.81,617.89,891109,TSLA
2022-10-18,621.73,628.0,617.42,623.93,794652,TSLA
2022-10-19,616.04,619.9,613.73,618.53,1132160,TSLA
2022-10-20,622.55,624.93,615.16,618.89,762131,TSLA
2022-10-21,634.45,645.71,631.6,641.8,2329219,TSLA
2022-10-22,661.62,662.58,660.16,661.08,978414,TSLA
2022-10-23,667.06,670.86,664.66,666.58,1344601,TSLA
2022-10-24,668.99,670.04,666.49,667.67,1019462,TSLA
2022-10-25,669.42,673.33,668.28,669.67,2175768,TSLA
2022-10-26,678.71,680.61,674.15,677.25,1286483,TSLA
2022-10-27,663.62,671.11,663.16,666.27,1701848,TSLA
2022-10-28,672.56,677.98,657.81,664.04,1337765,TSLA
2022-10-29,649.24,651.23,642.62,646.06,2400499,TSLA
2022-10-30,653.1,658.99,649.73,651.04,1140036,TSLA
2022-10-31,661.56,663.96,656.59,658.77,490861,TSLA
2022-11-01,652.76,656.46,651.26,654.07,1478461,TSLA
2022-11-02,672.95,674.72,668.32,672.03,1396724,TSLA
2022-11-03,662.74,667.0,654.19,658.84,1079016,TSLA
2022-11-04,647.86,650.2,640.19,643.26,1035538,TSLA
2022-11-05,643.85,649.25,642.49,646.33,1217831,TSLA
2022-11-06,657.92,659.46,654.62,658.35,1289815,TSLA
2022-11-07,679.81,681.55,677.06,677.64,1997152,TSLA
2022-11-08,671.14,675.04,669.38,673.08,1101676,TSLA
2022-11-09,677.82,687.53,675.75,685.96,1868928,TSLA
2022-11-10,680.58,694.48,672.27,686.19,503473,TSLA
2022-11-11,682.0,689.51,679.38,684.88,1439308,TSLA
2022-11-12,695.23,695.82,695.04,695.73,595756,TSLA
2022-11-13,704.19,708.73,697.41,704.05,1844346,TSLA
2022-11-14,685.83,686.73,684.79,686.08,4419700,TSLA
2022-11-15,705.38,708.58,701.08,703.8,721827,TSLA
2022-11-16,718.69,723.44,717.85,720.83,2655042,TSLA
2022-11-17,718.14,726.21,706.58,713.96,878198,TSLA
2022-11-18,716.82,724.68,711.47,719.42,1255091,TSLA
2022-11-19,727.84,729.87,724.75,726.11,1958710,TSLA
2022-11-20,728.28,730.83,724.78,730.01,850361,TSLA
2022-11-21,721.62,727.56,720.97,723.97,1345325,TSLA
2022-11-22,715.46,719.29,712.11,716.51,761251,TSLA
2022-11-23,721.96,723.04,714.51,716.91,2228658,TSLA
2022-11-24,733.81,737.04,730.17,731.76,1101625,TSLA
2022-11-25,742.84,746.23,736.91,739.17,1017317,TSLA
2022-11-26,745.8,746.97,728.05,735.3,1062257,TSLA
2022-11-27,742.18,753.07,736.73,745.57,824824,TSLA
2022-11-28,710.51,714.25,707.39,710.59,1177629,TSLA
2022-11-29,722.62,729.21,720.51,725.02,475492,TSLA
2022-11-30,707.32,711.01,704.35,704.52,3324146,TSLA
2022-12-01,703.67,704.29,697.73,700.92,1869694,TSLA
2022-12-02,692.55,697.28,687.28,688.42,1322802,TSLA
2022-12-03,680.38,681.28,671.67,674.11,585254,TSLA
2022-12-04,692.42,696.47,685.59,687.93,1717739,TSLA
2022-12-05,675.46,689.27,670.76,683.2,1532763,TSLA
2022-12-06,687.4,689.99,686.71,687.86,791004,TSLA
2022-12-07,682.65,689.99,677.53,688.0,1325813,TSLA
2022-12-08,696.16,698.54,693.01,694.2,1144080,TSLA
2022-12-09,695.62,699.18,692.59,695.78,330543,TSLA
2022-12-10,684.97,686.92,680.38,681.46,1407930,TSLA
2022-12-11,690.59,695.04,690.24,693.55,1895867,TSLA
2022-12-12,687.34,690.79,681.56,688.47,717602,TSLA
2022-12-13,677.18,683.52,664.74,671.13,1056927,TSLA
2022-12-14,667.43,667.61,664.04,666.96,1334187,TSLA
2022-12-15,686.93,692.63,681.19,684.45,865142,TSLA
2022-12-16,687.19,697.72,683.11,694.92,1421477,TSLA
2022-12-17,687.7,694.47,685.44,691.53,1945806,TSLA
2022-12-18,686.31,688.69,684.72,688.15,1271853,TSLA
2022-12-19,688.61,690.68,682.37,685.11,1174737,TSLA
2022-12-20,704.64,713.98,698.55,709.72,799055,TSLA
2022-12-21,716.69,721.83,710.06,714.98,1099158,TSLA
2022-12-22,719.05,723.7,715.35,720.85,923385,TSLA
2022-12-23,731.29,736.08,730.92,734.06,3272677,TSLA
2022-12-24,740.05,741.4,735.83,737.73,1697391,TSLA
2022-12-25,736.24,738.39,733.77,735.24,2679177,TSLA
2022-12-26,726.03,742.57,724.35,733.54,2575967,TSLA
2022-12-27,733.31,736.6,728.69,733.39,675122,TSLA
2022-12-28,734.09,734.6,732.94,733.65,3093786,TSLA
2022-12-29,740.01,750.92,737.82,743.35,1199958,TSLA
2022-12-30,741.33,749.32,739.23,744.74,1632009,TSLA
2022-12-31,752.97,756.33,751.25,754.65,916309,TSLA
2023-01-01,744.7,761.91,744.68,754.37,1212251,TSLA
2023-01-02,750.93,763.49,748.48,756.12,672814,TSLA
2023-01-03,730.79,734.36,727.99,731.45,1961822,TSLA
2023-01-04,740.64,745.73,740.25,743.45,1208683,TSLA
2023-01-05,738.39,757.65,731.37,748.52,1397209,TSLA
2023-01-06,761.84,762.22,760.97,761.82,862988,TSLA
2023-01-07,727.68,730.51,724.76,725.47,1212427,TSLA
2023-01-08,759.97,760.97,744.79,751.66,1138906,TSLA
2023-01-09,755.39,757.25,749.25,750.64,999522,TSLA
2023-01-10,765.54,768.04,763.65,765.37,619419,TSLA
2023-01-11,760.08,769.24,747.9,752.74,1244653,TSLA
2023-01-12,763.23,768.18,754.59,761.24,2121640,TSLA
2023-01-13,750.88,752.22,746.87,748.51,961046,TSLA
2023-01-14,738.18,746.03,731.28,741.4,3086261,TSLA
2023-01-15,766.19,767.15,764.33,766.0,1292682,TSLA
2023-01-16,764.89,767.72,762.32,764.3,1906216,TSLA
2023-01-17,771.26,775.72,765.84,767.85,1541887,TSLA
2023-01-18,777.73,786.69,770.37,779.84,834997,TSLA
2023-01-19,784.96,787.67,777.35,787.11,1414766,TSLA
2023-01-20,792.14,792.69,783.85,789.88,939157,TSLA
2023-01-21,799.97,804.32,794.43,795.51,1303319,TSLA
2023-01-22,831.19,831.69,824.78,828.45,1635064,TSLA
2023-01-23,825.39,830.83,822.06,828.47,773791,TSLA
2023-01-24,831.14,833.96,828.35,832.09,2007009,TSLA
2023-01-25,843.28,848.06,839.11,847.62,907048,TSLA
2023-01-26,861.44,866.06,859.59,864.21,674744,TSLA
2023-01-27,886.95,888.5,876.84,882.32,1126671,TSLA
2023-01-28,884.98,902.32,877.99,892.67,654245,TSLA
2023-01-29,871.82,888.6,865.33,876.39,614194,TSLA
2023-01-30,898.57,908.31,891.69,901.33,573043,TSLA
2023-01-31,891.92,893.67,882.4,884.85,3171830,TSLA
2023-02-01,895.54,900.87,886.56,890.23,1556426,TSLA
2023-02-02,879.54,887.98,869.73,879.81,1352761,TSLA
2023-02-03,877.27,881.69,873.59,879.73,1360265,TSLA
2023-02-04,887.9,888.01,880.9,885.47,1401611,TSLA
2023-02-05,894.02,896.01,887.86,891.13,1854125,TSLA
2023-02-06,900.19,912.26,894.46,898.33,1177407,TSLA
2023-02-07,916.68,929.85,916.49,923.6,1099137,TSLA
2023-02-08,928.94,936.18,925.36,931.56,547338,TSLA
2023-02-09,925.07,928.78,921.1,928.65,689897,TSLA
2023-02-10,947.66,949.08,938.27,944.63,1204009,TSLA
2023-02-11,966.38,974.35,957.08,964.46,501006,TSLA
2023-02-12,946.76,952.71,944.21,945.5,1471617,TSLA
2023-02-13,950.59,961.64,949.55,955.93,946016,TSLA
2023-02-14,971.76,973.26,964.91,968.15,803840,TSLA
2023-02-15,967.23,977.45,962.05,964.26,2145487,TSLA
2023-02-16,987.48,989.61,984.3,987.53,604010,TSLA
2023-02-17,985.96,988.93,981.6,986.01,963430,TSLA
2023-02-18,985.39,991.54,981.94,989.07,764642,TSLA
2023-02-19,985.76,993.66,980.37,987.17,2143231,TSLA
2023-02-20,978.1,995.18,977.86,988.4,624127,TSLA
2023-02-21,970.96,975.35,968.85,971.15,894120,TSLA
2023-02-22,955.27,956.81,941.34,948.6,679526,TSLA
2023-02-23,973.15,975.54,969.85,974.97,1158260,TSLA
2023-02-24,966.15,966.28,961.79,962.05,1338553,TSLA
2023-02-25,940.57,950.44,934.58,946.96,426569,TSLA
2023-02-26,911.0,918.25,902.66,913.6,709392,TSLA
2023-02-27,905.21,906.95,900.08,904.68,974265,TSLA
2023-02-28,883.2,891.26,879.92,885.45,1114634,TSLA
2023-03-01,915.9,920.37,905.93,910.78,715128,TSLA
2023-03-02,932.67,944.28,924.04,927.14,852484,TSLA
2023-03-03,913.96,917.46,910.67,917.33,1264063,TSLA
2023-03-04,948.94,957.1,944.24,952.99,1341803,TSLA
2023-03-05,969.35,972.99,960.78,969.66,270083,TSLA
2023-03-06,975.97,976.55,964.46,965.32,771135,TSLA
2023-03-07,931.93,932.06,922.78,925.7,639860,TSLA
2023-03-08,965.32,978.03,957.48,962.28,893298,TSLA
2023-03-09,939.96,942.38,937.87,940.75,1104795,TSLA
2023-03-10,913.59,917.5,913.36,915.64,540457,TSLA
2023-03-11,923.83,941.89,920.25,932.3,683258,TSLA
2023-03-12,967.65,975.07,965.16,971.47,837638,TSLA
2023-03-13,991.03,998.69,986.83,995.05,1037791,TSLA
2023-03-14,1007.82,1009.16,1003.62,1005.47,537887,TSLA
2023-03-15,1014.06,1026.14,1004.08,1016.52,755471,TSLA
2023-03-16,1028.4,1034.52,1019.66,1032.11,424717,TSLA
2023-03-17,1054.8,1064.98,1039.48,1046.31,758717,TSLA
2023-03-18,1058.77,1066.68,1051.87,1052.29,784807,TSLA
2023-03-19,1065.86,1075.08,1042.87,1055.17,409589,TSLA
2023-03-20,1053.17,1055.91,1048.17,1055.1,1251339,TSLA
2023-03-21,1045.19,1045.23,1037.49,1042.77,1011032,TSLA
2023-03-22,1046.8,1047.13,1034.35,1038.88,467931,TSLA
2023-03-23,1006.29,1010.42,1005.77,1010.33,839891,TSLA
2023-03-24,999.61,1009.85,988.85,1009.65,835034,TSLA
2023-03-25,987.56,995.65,983.91,993.86,294760,TSLA
2023-03-26,982.37,987.68,971.61,976.4,580584,TSLA
2023-03-27,982.57,985.29,979.25,980.32,834343,TSLA
2023-03-28,1007.52,1008.83,1000.92,1004.24,338213,TSLA
2023-03-29,1022.98,1026.55,1011.68,1020.74,554810,TSLA
2023-03-30,991.91,996.84,990.23,994.79,957362,TSLA
2023-03-31,977.01,981.35,976.72,979.22,872668,TSLA
2023-04-01,1001.17,1007.21,995.23,995.68,368794,TSLA
2023-04-02,974.12,983.57,971.27,980.21,1230132,TSLA
2023-04-03,981.43,983.35,975.62,977.48,926444,TSLA
2023-04-04,979.14,991.1,967.08,987.48,953938,TSLA
2023-04-05,966.79,977.37,966.68,972.38,2220913,TSLA
2023-04-06,976.05,983.64,966.02,975.06,636873,TSLA
2023-04-07,949.64,954.63,945.85,954.15,1147871,TSLA
2023-04-08,948.45,951.12,945.4,945.44,329314,TSLA
2023-04-09,949.71,960.21,944.78,951.46,950144,TSLA
2023-04-10,927.72,934.88,926.6,926.91,2286110,TSLA
2023-04-11,937.1,949.33,925.28,934.7,1026788,TSLA
2023-04-12,935.03,936.51,934.27,935.31,581688,TSLA
2023-04-13,951.66,956.23,938.63,944.93,318214,TSLA
2023-04-14,950.86,954.47,948.1,949.42,557148,TSLA
2023-04-15,970.78,978.62,960.99,972.14,862800,TSLA
2023-04-16,973.24,975.91,972.55,975.15,262630,TSLA
2023-04-17,970.17,979.22,964.98,969.07,784342,TSLA
2023-04-18,959.46,972.34,956.6,972.02,547167,TSLA
2023-04-19,982.72,985.18,980.61,981.86,464072,TSLA
2023-04-20,981.87,986.88,979.55,983.64,831018,TSLA
2023-04-21,988.76,990.06,983.09,985.28,532410,TSLA
2023-04-22,975.65,976.18,971.93,974.63,527075,TSLA
2023-04-23,966.28,977.11,960.32,964.72,547326,TSLA
2023-04-24,939.77,948.77,934.22,942.92,418168,TSLA
2023-04-25,970.87,976.45,967.77,971.6,838997,TSLA
2023-04-26,959.8,966.0,947.18,952.23,291597,TSLA
2023-04-27,934.61,943.51,930.48,942.08,788728,TSLA
2023-04-28,930.4,931.8,930.4,931.63,972403,TSLA
2023-04-29,942.58,946.85,938.42,946.57,1189761,TSLA
2023-04-30,945.46,952.52,939.27,942.81,902684,TSLA
2023-05-01,960.46,973.84,953.55,963.53,1364347,TSLA
2023-05-02,960.09,963.89,949.06,953.56,394509,TSLA
2023-05-03,957.18,960.1,952.03,958.98,628098,TSLA
2023-05-04,945.38,956.05,940.33,946.46,499210,TSLA
2023-05-05,978.29,983.27,975.13,981.54,298911,TSLA
2023-05-06,963.3,964.45,960.2,962.9,955744,TSLA
2023-05-07,974.4,976.32,959.26,968.87,1124600,TSLA
2023-05-08,975.23,985.77,973.21,980.16,740448,TSLA
2023-05-09,988.44,997.43,984.69,987.95,1369134,TSLA
2023-05-10,992.27,994.37,979.41,985.85,690676,TSLA
2023-05-11,988.27,992.85,978.09,984.67,627890,TSLA
2023-05-12,980.0,989.47,969.84,986.37,1022807,TSLA
2023-05-13,982.05,985.34,975.4,984.9,935801,TSLA
2023-05-14,1001.88,1006.65,1000.86,1001.84,1268593,TSLA
2023-05-15,1044.45,1045.55,1038.73,1040.08,566115,TSLA
2023-05-16,1021.88,1036.17,1014.74,1031.35,385579,TSLA
2023-05-17,1011.11,1012.41,1004.9,1008.61,512506,TSLA
2023-05-18,1008.36,1010.47,1006.64,1008.11,486548,TSLA
2023-05-19,1055.51,1057.01,1049.33,1052.85,980795,TSLA
2023-05-20,1041.68,1046.39,1039.45,1039.66,1201034,TSLA
2023-05-21,1070.46,1081.84,1066.4,1069.34,1370481,TSLA
2023-05-22,1100.98,1104.32,1095.33,1100.57,557973,TSLA
2023-05-23,1087.3,1092.26,1086.78,1091.41,695744,TSLA
2023-05-24,1091.1,1107.67,1090.07,1102.94,597874,TSLA
2023-05-25,1140.03,1153.67,1120.03,1134.23,1038834,TSLA
2023-05-26,1129.99,1130.35,1125.59,1128.12,953019,TSLA
2023-05-27,1125.07,1131.41,1123.58,1125.37,1031755,TSLA
2023-05-28,1115.42,1115.66,1112.8,1115.48,585377,TSLA
2023-05-29,1107.24,1115.24,1091.71,1097.54,525050,TSLA
2023-05-30,1089.32,1089.7,1086.32,1086.64,784573,TSLA
2023-05-31,1067.44,1067.66,1057.69,1065.35,523990,TSLA
2023-06-01,1069.96,1071.92,1060.67,1067.01,1987091,TSLA
2023-06-02,1050.42,1057.78,1043.06,1054.25,1151007,TSLA
2023-06-03,1056.29,1061.15,1054.92,1059.44,496932,TSLA
2023-06-04,1028.37,1033.73,1024.5,1032.76,1621083,TSLA
2023-06-05,1050.39,1061.32,1027.8,1039.53,821789,TSLA
2023-06-06,1047.3,1060.7,1035.01,1055.13,976772,TSLA
2023-06-07,1021.14,1022.57,1019.91,1020.8,1558306,TSLA
2023-06-08,1033.15,1038.41,1017.29,1028.23,1184831,TSLA
2023-06-09,1056.67,1058.56,1048.46,1050.47,750300,TSLA
2023-06-10,1023.94,1040.0,1021.17,1030.14,1203600,TSLA
2023-06-11,1067.67,1075.49,1056.36,1060.14,453571,TSLA
2023-06-12,1059.72,1073.48,1056.09,1068.65,503225,TSLA
2023-06-13,1042.62,1071.69,1028.42,1057.04,1323512,TSLA
2023-06-14,1059.07,1064.42,1054.07,1057.09,959588,TSLA
2023-06-15,1068.65,1072.95,1062.15,1068.06,622504,TSLA
2023-06-16,1070.06,1072.88,1069.23,1070.49,1066865,TSLA
2023-06-17,1088.47,1094.86,1080.21,1081.24,1272876,TSLA
2023-06-18,1067.86,1078.3,1064.6,1065.57,616546,TSLA
2023-06-19,1068.86,1072.35,1066.49,1069.66,1695269,TSLA
2023-06-20,1052.59,1055.36,1036.29,1045.28,1823231,TSLA
2023-06-21,1038.99,1049.18,1033.76,1044.36,1392007,TSLA
2023-06-22,1035.29,1043.97,1023.45,1029.52,589549,TSLA
2023-06-23,1019.58,1023.96,1009.91,1017.8,1178113,TSLA
2023-06-24,1043.49,1046.21,1030.29,1039.97,1778008,TSLA
2023-06-25,1060.76,1065.16,1058.82,1060.08,774600,TSLA
2023-06-26,1062.81,1076.35,1056.93,1071.99,734871,TSLA
2023-06-27,1050.16,1059.46,1044.02,1053.35,650569,TSLA
2023-06-28,1040.59,1050.08,1033.33,1048.79,711290,TSLA
2023-06-29,1058.63,1078.4,1046.88,1071.22,823650,TSLA
2023-06-30,1070.36,1083.03,1064.01,1074.84,1479777,TSLA
2023-07-01,1113.75,1121.18,1110.54,1117.82,1910077,TSLA
2023-07-02,1118.15,1129.65,1112.21,1126.32,579523,TSLA
2023-07-03,1139.09,1148.08,1130.14,1131.07,1489051,TSLA
2023-07-04,1115.19,1135.62,1103.69,1126.31,1619267,TSLA
2023-07-05,1133.64,1142.58,1127.32,1129.96,1613656,TSLA
2023-07-06,1134.18,1141.51,1126.55,1128.17,1962267,TSLA
2023-07-07,1151.95,1164.74,1132.18,1142.72,636264,TSLA
2023-07-08,1169.49,1173.26,1156.55,1162.24,691233,TSLA
2023-07-09,1149.68,1165.69,1136.88,1148.03,1930233,TSLA
2023-07-10,1119.73,1125.98,1117.43,1123.46,1967237,TSLA
2023-07-11,1100.73,1108.62,1082.33,1089.88,508400,TSLA
2023-07-12,1106.2,1114.16,1099.19,1100.26,774726,TSLA
2023-07-13,1078.04,1088.37,1072.35,1080.94,1839767,TSLA
2023-07-14,1038.45,1052.96,1023.81,1042.87,1195183,TSLA
2023-07-15,1043.67,1052.01,1043.49,1050.71,1822043,TSLA
2023-07-16,1089.99,1096.32,1088.77,1095.8,1276625,TSLA
2023-07-17,1094.78,1100.63,1092.36,1096.78,1690135,TSLA
2023-07-18,1105.56,1122.39,1098.83,1113.33,702838,TSLA
2023-07-19,1121.9,1124.57,1113.67,1115.96,847539,TSLA
2023-07-20,1119.29,1119.43,1111.05,1115.21,888814,TSLA
2023-07-21,1124.13,1134.48,1111.38,1133.55,1489616,TSLA
2023-07-22,1136.11,1137.71,1125.28,1129.13,1726980,TSLA
2023-07-23,1123.8,1140.76,1115.76,1135.33,1413744,TSLA
2023-07-24,1151.15,1164.24,1141.24,1142.59,1016713,TSLA
2023-07-25,1135.99,1140.24,1118.69,1130.88,1268549,TSLA
2023-07-26,1148.41,1151.73,1138.69,1150.87,1133974,TSLA
2023-07-27,1148.23,1157.53,1140.7,1148.62,1292695,TSLA
2023-07-28,1134.36,1137.81,1129.18,1135.16,1521793,TSLA
2023-07-29,1150.01,1153.68,1138.33,1146.52,1421538,TSLA
2023-07-30,1141.78,1145.4,1128.28,1130.33,1216036,TSLA
2023-07-31,1137.59,1140.61,1129.78,1131.98,664041,TSLA
2023-08-01,1141.5,1141.74,1121.48,1132.93,814518,TSLA
2023-08-02,1158.2,1160.08,1150.34,1154.74,1094971,TSLA
2023-08-03,1163.22,1168.42,1158.04,1165.1,602891,TSLA
2023-08-04,1163.16,1167.83,1160.94,1165.76,2144368,TSLA
2023-08-05,1173.85,1187.48,1160.57,1182.94,1465407,TSLA
2023-08-06,1214.51,1217.2,1209.86,1211.77,3154080,TSLA
2023-08-07,1219.82,1225.44,1218.84,1224.34,2049363,TSLA
2023-08-08,1225.54,1231.05,1220.1,1225.76,1507414,TSLA
2023-08-09,1196.87,1206.7,1195.57,1199.93,1809967,TSLA
2023-08-10,1181.58,1182.92,1174.25,1179.62,2482881,TSLA
2023-08-11,1170.5,1179.41,1167.93,1174.73,1047101,TSLA
2023-08-12,1166.65,1169.75,1156.19,1163.85,1504803,TSLA
2023-08-13,1155.72,1172.02,1145.96,1161.34,1267076,TSLA
2023-08-14,1152.03,1167.49,1140.09,1163.6,1418951,TSLA
2023-08-15,1180.17,1189.91,1163.7,1175.11,1461603,TSLA
2023-08-16,1172.85,1175.36,1168.81,1174.88,1522626,TSLA
2023-08-17,1199.93,1205.2,1176.2,1185.65,2079026,TSLA
2023-08-18,1187.55,1191.02,1187.21,1188.11,3122027,TSLA
2023-08-19,1152.9,1156.07,1147.16,1149.81,1124496,TSLA
2023-08-20,1129.05,1135.75,1128.16,1132.79,814483,TSLA
2023-08-21,1119.55,1142.02,1108.7,1131.16,1047105,TSLA
2023-08-22,1103.99,1113.47,1100.63,1109.27,2042943,TSLA
2023-08-23,1126.12,1129.17,1118.18,1121.55,1240067,TSLA
2023-08-24,1143.99,1158.24,1137.05,1151.54,656617,TSLA
2023-08-25,1180.64,1194.68,1164.37,1176.28,1631794,TSLA
2023-08-26,1170.33,1178.59,1162.53,1173.22,1089941,TSLA
2023-08-27,1203.23,1213.55,1200.81,1203.79,1037778,TSLA
2023-08-28,1211.77,1217.68,1193.03,1207.99,1153691,TSLA
2023-08-29,1198.65,1204.69,1198.09,1202.34,852800,TSLA
2023-08-30,1203.07,1213.29,1182.78,1191.12,1116037,TSLA
2023-08-31,1197.55,1204.22,1177.17,1186.24,1762607,TSLA
2023-09-01,1180.06,1193.76,1169.74,1179.67,3487536,TSLA
2023-09-02,1179.98,1185.59,1171.8,1184.22,2966289,TSLA
2023-09-03,1189.89,1192.38,1184.02,1188.58,573694,TSLA
2023-09-04,1188.78,1190.64,1187.78,1189.82,1266437,TSLA
2023-09-05,1203.85,1206.01,1195.16,1199.74,1945500,TSLA
2023-09-06,1224.78,1227.6,1220.31,1224.95,2041854,TSLA
2023-09-07,1245.16,1249.97,1243.24,1245.72,1045811,TSLA
2023-09-08,1210.94,1223.21,1207.57,1215.84,943638,TSLA
2023-09-09,1175.9,1178.26,1151.42,1164.82,2552718,TSLA
2023-09-10,1176.82,1194.73,1162.72,1184.28,2256193,TSLA
2023-09-11,1155.83,1159.08,1155.69,1158.22,889849,TSLA
2023-09-12,1146.23,1157.96,1143.21,1154.99,1579047,TSLA
2023-09-13,1129.64,1133.95,1126.44,1133.4,1411402,TSLA
2023-09-14,1097.79,1105.13,1093.66,1100.18,1194470,TSLA
2023-09-15,1099.56,1119.0,1095.01,1111.28,1839916,TSLA
2023-09-16,1127.14,1127.7,1124.84,1126.57,1497206,TSLA
2023-09-17,1111.08,1117.96,1109.05,1116.76,694354,TSLA
2023-09-18,1068.47,1071.81,1066.0,1069.2,575863,TSLA
2023-09-19,1058.79,1061.19,1058.37,1060.44,1983359,TSLA
2023-09-20,1076.61,1083.33,1061.82,1068.47,905085,TSLA
2023-09-21,1034.15,1052.7,1030.62,1042.95,1641086,TSLA
2023-09-22,1050.78,1051.87,1043.33,1047.2,1361594,TSLA
2023-09-23,1053.01,1054.45,1043.94,1047.97,3764982,TSLA
2023-09-24,1063.91,1069.71,1055.24,1059.21,996243,TSLA
2023-09-25,1061.24,1062.4,1061.01,1062.39,1551763,TSLA
2023-09-26,1055.18,1060.59,1039.4,1046.05,1694642,TSLA
2023-09-27,1080.79,1092.38,1064.27,1068.14,1097853,TSLA
2023-09-28,1075.99,1078.18,1058.4,1066.34,1281394,TSLA
2023-09-29,1061.38,1071.87,1051.74,1066.91,944513,TSLA
2023-09-30,1051.51,1054.39,1044.6,1051.22,976196,TSLA
2023-10-01,1048.98,1054.24,1043.31,1044.42,1084986,TSLA
2023-10-02,1032.25,1035.12,1029.45,1029.91,1449747,TSLA
2023-10-03,1024.99,1030.72,1022.03,1027.93,1835468,TSLA
2023-10-04,1061.89,1065.45,1056.94,1058.54,596381,TSLA
2023-10-05,1033.75,1035.56,1029.82,1035.16,1733646,TSLA
2023-10-06,1008.15,1011.62,1004.74,1008.1,1396991,TSLA
2023-10-07,1035.58,1041.19,1027.3,1034.04,1724810,TSLA
2023-10-08,1032.07,1033.28,1029.18,1031.42,682480,TSLA
2023-10-09,1021.28,1032.69,1009.72,1020.83,628702,TSLA
2023-10-10,1029.59,1041.34,1022.42,1039.69,1004886,TSLA
2023-10-11,1025.82,1032.28,1021.19,1030.13,713089,TSLA
2023-10-12,1074.23,1083.43,1051.87,1062.79,886990,TSLA
2023-10-13,1075.98,1079.06,1073.55,1075.95,973580,TSLA
2023-10-14,1065.24,1070.33,1063.87,1068.19,2319628,TSLA
2023-10-15,1116.12,1122.21,1104.11,1108.0,1594489,TSLA
2023-10-16,1086.32,1110.26,1081.74,1097.81,1219519,TSLA
2023-10-17,1118.07,1128.0,1101.59,1112.59,456378,TSLA
2023-10-18,1119.08,1125.12,1114.99,1119.29,2494201,TSLA
2023-10-19,1142.95,1152.31,1139.77,1144.9,366200,TSLA
2023-10-20,1193.31,1201.26,1173.62,1176.1,767025,TSLA
2023-10-21,1184.95,1187.9,1173.1,1177.9,1373106,TSLA
2023-10-22,1168.26,1174.63,1161.92,1164.14,3159847,TSLA
2023-10-23,1172.35,1178.28,1167.62,1174.29,1315375,TSLA
2023-10-24,1151.66,1169.81,1148.52,1162.07,781415,TSLA
2023-10-25,1214.25,1214.51,1191.97,1202.57,575027,TSLA
2023-10-26,1202.04,1218.09,1194.15,1206.52,2242641,TSLA
2023-10-27,1205.65,1206.21,1194.42,1200.3,741083,TSLA
2023-10-28,1206.12,1207.5,1204.83,1205.21,2384085,TSLA
2023-10-29,1177.21,1185.49,1169.95,1179.1,1336557,TSLA
2023-10-30,1159.57,1161.23,1155.08,1161.0,1023745,TSLA
2023-10-31,1180.44,1186.52,1176.94,1185.58,1252196,TSLA
2023-11-01,1170.15,1183.08,1165.15,1173.66,1615293,TSLA
2023-11-02,1151.37,1155.3,1150.8,1154.15,1248155,TSLA
2023-11-03,1177.98,1189.45,1162.62,1165.71,358782,TSLA
2023-11-04,1199.66,1199.75,1189.79,1190.11,1518617,TSLA
2023-11-05,1204.93,1210.24,1199.64,1205.67,271602,TSLA
2023-11-06,1233.61,1244.69,1218.84,1227.06,939848,TSLA
2023-11-07,1212.45,1219.13,1200.5,1212.66,539182,TSLA
2023-11-08,1182.18,1191.64,1180.19,1184.86,615764,TSLA
2023-11-09,1219.26,1221.31,1214.4,1215.95,596296,TSLA
2023-11-10,1210.88,1212.34,1209.18,1210.55,659004,TSLA
2023-11-11,1208.99,1211.81,1206.42,1206.64,902026,TSLA
2023-11-12,1239.14,1239.45,1231.04,1234.79,622824,TSLA
2023-11-13,1246.51,1259.44,1239.06,1247.56,1047484,TSLA
2023-11-14,1266.51,1274.09,1254.05,1258.36,636851,TSLA
2023-11-15,1306.15,1307.87,1301.51,1305.42,195350,TSLA
2023-11-16,1303.29,1320.45,1275.18,1292.58,374260,TSLA
2023-11-17,1312.21,1320.7,1306.29,1314.03,523955,TSLA
2023-11-18,1317.62,1319.18,1312.97,1316.58,551277,TSLA
2023-11-19,1329.46,1331.24,1322.54,1323.83,487122,TSLA
2023-11-20,1344.74,1363.56,1339.42,1359.17,578846,TSLA
2023-11-21,1376.2,1379.73,1367.99,1372.12,945980,TSLA
2023-11-22,1385.98,1397.46,1384.61,1385.9,744036,TSLA
2023-11-23,1400.21,1413.66,1399.2,1412.27,1365559,TSLA
2023-11-24,1402.86,1408.33,1401.86,1405.0,647139,TSLA
2023-11-25,1383.24,1396.23,1379.88,1386.56,425610,TSLA
2023-11-26,1359.57,1366.3,1358.95,1363.56,767444,TSLA
2023-11-27,1318.36,1326.67,1311.94,1319.82,740555,TSLA
2023-11-28,1356.67,1371.22,1345.97,1366.76,1172201,TSLA
2023-11-29,1343.01,1345.6,1336.53,1342.76,590136,TSLA
2023-11-30,1348.19,1354.24,1331.87,1339.09,1288141,TSLA
2023-12-01,1339.72,1352.07,1327.74,1334.18,371119,TSLA
2023-12-02,1337.63,1344.8,1331.17,1342.39,602198,TSLA
2023-12-03,1370.46,1380.13,1358.62,1362.14,768708,TSLA
2023-12-04,1386.01,1388.25,1377.57,1383.19,2438847,TSLA
2023-12-05,1368.98,1371.57,1365.53,1371.0,1080671,TSLA
2023-12-06,1361.93,1369.45,1361.08,1368.5,348744,TSLA
2023-12-07,1395.04,1400.14,1374.41,1376.36,983687,TSLA
2023-12-08,1359.63,1383.3,1355.84,1371.96,1620624,TSLA
2023-12-09,1416.18,1424.44,1409.2,1410.4,549032,TSLA
2023-12-10,1410.12,1434.85,1399.77,1423.44,849006,TSLA
2023-12-11,1446.39,1448.49,1433.93,1442.44,2210324,TSLA
2023-12-12,1461.19,1469.08,1451.58,1459.95,1805269,TSLA
2023-12-13,1491.66,1497.5,1483.1,1490.2,506704,TSLA
2023-12-14,1493.17,1497.28,1491.71,1496.21,520153,TSLA
2023-12-15,1469.49,1485.97,1448.48,1465.06,1513074,TSLA
2023-12-16,1477.33,1485.52,1468.11,1476.36,1287886,TSLA
2023-12-17,1463.26,1466.48,1459.39,1461.64,389592,TSLA
2023-12-18,1452.34,1463.68,1440.93,1450.09,983695,TSLA
2023-12-19,1472.34,1478.67,1463.74,1465.83,1591438,TSLA
2023-12-20,1495.39,1499.1,1493.47,1497.8,2693054,TSLA
2023-12-21,1490.87,1509.45,1483.67,1499.82,447537,TSLA
2023-12-22,1509.8,1511.31,1506.31,1509.09,507611,TSLA
2023-12-23,1552.02,1556.42,1539.62,1553.78,1692181,TSLA
2023-12-24,1559.73,1562.86,1553.61,1561.61,421060,TSLA
2023-12-25,1637.66,1639.4,1629.53,1631.48,679957,TSLA
2023-12-26,1647.14,1652.68,1633.43,1648.61,664911,TSLA
2023-12-27,1610.24,1625.55,1597.95,1601.42,506106,TSLA
2023-12-28,1619.19,1625.92,1617.65,1623.29,488558,TSLA
2023-12-29,1642.0,1651.78,1629.25,1635.3,444490,TSLA
2023-12-30,1659.89,1673.93,1647.52,1672.39,622610,TSLA
2023-12-31,1705.46,1724.82,1671.93,1692.98,565104,TSLA
2024-01-01,1690.64,1695.8,1683.21,1690.71,501384,TSLA
2024-01-02,1645.99,1662.8,1641.41,1657.57,331730,TSLA
2024-01-03,1662.23,1666.97,1653.09,1653.38,1712734,TSLA
2024-01-04,1628.42,1649.59,1610.72,1631.37,953991,TSLA
2024-01-05,1611.97,1621.25,1604.97,1617.05,853096,TSLA
2024-01-06,1640.12,1653.64,1630.6,1634.66,1181738,TSLA
2024-01-07,1673.7,1690.56,1668.29,1682.18,454474,TSLA
2024-01-08,1707.94,1711.78,1691.06,1695.01,751441,TSLA
2024-01-09,1665.17,1678.05,1662.57,1662.59,1590601,TSLA
2024-01-10,1680.38,1680.41,1660.95,1676.67,1545783,TSLA
2024-01-11,1711.44,1714.99,1706.4,1712.07,667687,TSLA
2024-01-12,1685.41,1697.89,1679.59,1696.2,1166294,TSLA
2024-01-13,1689.89,1699.72,1684.58,1694.06,738516,TSLA
2024-01-14,1681.49,1701.81,1658.61,1696.15,1006621,TSLA
2024-01-15,1672.13,1682.88,1659.8,1675.44,833723,TSLA
2024-01-16,1681.35,1702.46,1680.97,1695.36,233205,TSLA
2024-01-17,1681.14,1712.58,1673.59,1693.59,1814871,TSLA
2024-01-18,1725.27,1744.44,1705.9,1707.21,1087414,TSLA
2024-01-19,1686.2,1687.19,1682.78,1683.42,550470,TSLA
2024-01-20,1686.11,1686.22,1660.51,1672.7,699237,TSLA
2024-01-21,1693.78,1698.59,1690.75,1694.67,767054,TSLA
2024-01-22,1682.65,1695.06,1681.63,1685.72,1266619,TSLA
2024-01-23,1760.07,1773.97,1724.7,1736.35,1472166,TSLA
2024-01-24,1725.43,1726.69,1724.13,1726.39,1433491,TSLA
2024-01-25,1738.45,1753.76,1729.61,1734.62,1243965,TSLA
2024-01-26,1767.41,1768.5,1759.85,1763.54,476018,TSLA
2024-01-27,1735.08,1742.25,1709.44,1723.22,1206404,TSLA
2024-01-28,1661.08,1678.05,1649.52,1673.89,1052228,TSLA
2024-01-29,1641.29,1645.42,1629.64,1632.6,795997,TSLA
2024-01-30,1673.87,1679.08,1665.18,1668.88,807481,TSLA
2024-01-31,1652.1,1661.97,1646.28,1655.04,1357981,TSLA
2024-02-01,1716.06,1734.0,1712.63,1727.88,1282152,TSLA
2024-02-02,1712.74,1713.31,1707.13,1713.19,872497,TSLA
2024-02-03,1716.38,1722.78,1715.56,1720.2,335428,TSLA
2024-02-04,1761.74,1767.45,1750.27,1766.52,372114,TSLA
2024-02-05,1816.88,1831.37,1815.61,1827.86,422925,TSLA
2024-02-06,1888.79,1898.72,1879.71,1893.04,876706,TSLA
2024-02-07,1941.89,1942.75,1930.88,1933.38,1121099,TSLA
2024-02-08,1967.03,1979.47,1964.33,1968.59,1307613,TSLA
2020-01-01,123.7,124.43,122.62,123.08,1137348,META
2020-01-02,124.9,125.23,123.98,124.34,639678,META
2020-01-03,124.47,125.63,123.77,124.24,839953,META
2020-01-04,126.54,126.91,125.5,125.84,782480,META
2020-01-05,129.99,131.44,129.34,129.39,1581651,META
2020-01-06,128.57,130.71,127.11,129.07,843765,META
2020-01-07,128.18,129.06,128.14,128.74,1340223,META
2020-01-08,133.36,133.55,130.96,132.5,2874510,META
2020-01-09,134.97,135.29,134.47,134.49,1992071,META
2020-01-10,133.13,133.66,132.61,133.6,856428,META
2020-01-11,135.01,135.43,134.53,135.08,903206,META
2020-01-12,134.51,134.85,133.72,134.2,1357683,META
2020-01-13,133.89,134.72,132.34,133.32,472556,META
2020-01-14,133.49,134.17,132.94,134.1,711919,META
2020-01-15,129.67,130.25,129.12,129.83,1410764,META
2020-01-16,126.7,127.5,125.97,126.13,1042732,META
2020-01-17,124.37,125.7,123.75,125.1,2938191,META
2020-01-18,123.27,123.75,122.52,123.08,824585,META
2020-01-19,125.37,125.51,122.5,123.95,669612,META
2020-01-20,122.1,123.05,120.67,122.19,728668,META
2020-01-21,118.05,120.22,116.73,119.37,1151531,META
2020-01-22,123.26,124.06,122.01,122.62,1061143,META
2020-01-23,123.06,124.23,121.82,122.33,3527248,META
2020-01-24,122.35,122.89,122.3,122.67,952411,META
2020-01-25,119.17,121.42,118.42,119.81,1201255,META
2020-01-26,118.12,118.88,117.58,118.87,1828441,META
2020-01-27,118.33,119.39,117.37,119.29,1119062,META
2020-01-28,116.44,117.94,116.31,117.08,1567171,META
2020-01-29,117.81,118.75,117.59,118.03,1453227,META
2020-01-30,116.73,117.53,116.5,116.98,1821532,META
2020-01-31,117.08,117.47,116.19,116.58,595563,META
2020-02-01,115.5,116.23,115.02,115.54,1811414,META
2020-02-02,119.1,120.35,118.63,119.46,1133607,META
2020-02-03,119.83,120.05,119.23,119.62,1339599,META
2020-02-04,118.7,119.51,116.58,117.6,1009604,META
2020-02-05,119.97,120.56,119.1,119.48,2819012,META
2020-02-06,117.32,117.67,116.9,117.12,443601,META
2020-02-07,116.24,118.82,115.42,117.74,2494469,META
2020-02-08,114.91,115.71,113.17,113.9,885583,META
2020-02-09,111.15,112.05,110.98,111.44,2680308,META
2020-02-10,113.52,114.37,111.75,112.0,2305635,META
2020-02-11,113.23,114.49,113.15,113.62,2086350,META
2020-02-12,114.31,114.76,113.91,114.14,1906032,META
2020-02-13,113.29,115.22,113.26,114.1,3923583,META
2020-02-14,113.99,114.6,113.52,113.68,940958,META
2020-02-15,110.14,110.99,109.32,110.93,949909,META
2020-02-16,109.73,109.97,109.54,109.71,917396,META
2020-02-17,109.11,110.03,108.26,109.0,2027192,META
2020-02-18,111.57,112.91,110.64,111.19,668113,META
2020-02-19,112.31,112.4,111.79,112.03,2125342,META
2020-02-20,109.18,109.83,108.67,108.76,1111882,META
2020-02-21,109.47,109.67,108.63,109.55,754426,META
2020-02-22,109.62,110.0,108.33,108.99,751939,META
2020-02-23,108.09,108.86,107.79,107.88,866594,META
2020-02-24,109.94,110.76,108.73,109.2,614799,META
2020-02-25,111.41,112.02,110.91,111.34,1673375,META
2020-02-26,114.25,114.83,112.71,113.33,1983271,META
2020-02-27,111.91,112.15,111.4,111.85,2094092,META
2020-02-28,110.29,111.99,109.72,111.42,948692,META
2020-02-29,112.56,112.93,111.71,112.25,1514646,META
2020-03-01,113.81,114.65,113.44,114.34,1302547,META
2020-03-02,114.95,116.35,112.3,113.56,1836466,META
2020-03-03,113.63,114.37,112.7,113.38,1623726,META
2020-03-04,111.1,111.93,110.88,111.37,1360026,META
2020-03-05,109.4,109.72,108.96,109.22,513308,META
2020-03-06,111.39,112.14,110.75,110.94,1195766,META
2020-03-07,113.44,114.75,112.42,113.75,1373218,META
2020-03-08,113.89,114.13,112.85,113.79,917438,META
2020-03-09,114.53,116.02,114.35,115.96,1134263,META
2020-03-10,115.42,117.37,114.53,116.88,677172,META
2020-03-11,115.42,116.15,114.2,115.75,1103293,META
2020-03-12,116.02,116.8,115.57,116.66,1666478,META
2020-03-13,120.19,120.83,119.85,119.98,3673303,META
2020-03-14,120.14,120.68,119.63,120.1,777904,META
2020-03-15,123.73,124.37,122.87,123.57,1273430,META
2020-03-16,119.36,120.7,117.22,118.12,795586,META
2020-03-17,119.36,120.99,119.04,120.0,1226287,META
2020-03-18,120.7,121.29,120.2,120.37,1146235,META
2020-03-19,120.85,121.02,119.15,119.94,1940080,META
2020-03-20,119.91,120.34,119.59,120.32,2077441,META
2020-03-21,116.17,117.02,115.92,116.34,1381459,META
2020-03-22,115.63,116.16,114.95,116.08,1199613,META
2020-03-23,117.01,117.68,116.96,116.99,2292987,META
2020-03-24,119.75,120.88,119.0,120.19,1382308,META
2020-03-25,118.7,119.84,117.4,119.3,2689028,META
2020-03-26,117.33,118.87,116.37,117.8,554829,META
2020-03-27,115.78,117.48,114.7,116.96,3051807,META
2020-03-28,119.04,119.18,118.79,119.02,916288,META
2020-03-29,121.08,121.61,119.4,119.89,722379,META
2020-03-30,118.61,119.07,118.48,118.97,1211719,META
2020-03-31,120.47,121.06,119.76,120.23,689943,META
2020-04-01,119.8,121.13,119.16,120.62,1634492,META
2020-04-02,123.34,123.86,122.05,122.85,971965,META
2020-04-03,120.61,121.82,119.88,121.55,1408406,META
2020-04-04,119.92,122.47,119.53,121.04,745184,META
2020-04-05,121.42,122.41,120.1,120.41,1082166,META
2020-04-06,117.24,118.49,115.85,117.52,1263844,META
2020-04-07,119.58,120.93,117.41,118.32,1090769,META
2020-04-08,120.12,121.52,117.53,119.05,2643582,META
2020-04-09,118.57,119.98,117.17,119.25,1591018,META
2020-04-10,118.67,119.22,118.04,118.95,1307764,META
2020-04-11,116.77,117.17,116.12,116.2,464456,META
2020-04-12,115.77,116.88,115.21,115.53,1412328,META
2020-04-13,113.88,116.2,113.23,115.03,2157327,META
2020-04-14,114.26,114.35,113.29,113.6,819019,META
2020-04-15,113.61,114.2,112.99,113.46,1041419,META
2020-04-16,113.64,114.51,112.98,114.44,251881,META
2020-04-17,118.22,118.48,116.51,118.39,609851,META
2020-04-18,119.27,119.66,118.57,118.94,398656,META
2020-04-19,120.57,121.46,119.05,119.67,1183419,META
2020-04-20,120.66,122.26,119.54,119.7,1035732,META
2020-04-21,116.79,116.8,115.18,115.89,1052421,META
2020-04-22,115.97,117.06,115.71,116.02,886210,META
2020-04-23,115.6,117.59,114.9,116.32,1823615,META
2020-04-24,121.81,122.0,121.36,121.51,587623,META
2020-04-25,122.25,123.35,120.28,121.3,1041912,META
2020-04-26,121.29,123.02,120.3,122.13,1447170,META
2020-04-27,120.95,122.41,120.14,122.25,975237,META
2020-04-28,120.9,121.14,118.83,119.95,1012423,META
2020-04-29,122.75,122.95,122.44,122.54,696451,META
2020-04-30,124.57,124.92,124.21,124.34,883607,META
2020-05-01,126.31,127.31,125.99,126.26,1485571,META
2020-05-02,124.38,124.68,123.92,124.45,375199,META
2020-05-03,128.52,129.62,127.04,127.7,944742,META
2020-05-04,124.12,124.8,123.84,124.78,757854,META
2020-05-05,126.1,126.41,126.03,126.26,972678,META
2020-05-06,130.06,131.3,129.77,131.29,2426841,META
2020-05-07,128.91,129.96,127.81,129.23,793880,META
2020-05-08,127.15,129.3,126.75,128.15,2074293,META
2020-05-09,128.15,129.6,127.86,128.58,1694656,META
2020-05-10,127.55,127.66,127.31,127.66,984740,META
2020-05-11,123.82,124.45,123.77,124.4,1005551,META
2020-05-12,125.35,125.93,124.56,124.75,1045896,META
2020-05-13,122.88,123.65,121.42,122.64,627453,META
2020-05-14,123.54,124.19,122.77,123.85,1286770,META
2020-05-15,121.59,122.24,121.57,122.06,686988,META
2020-05-16,125.16,125.88,124.22,125.56,942669,META
2020-05-17,124.39,124.76,123.22,124.04,306442,META
2020-05-18,123.69,123.76,123.41,123.54,592014,META
2020-05-19,126.22,126.97,124.99,125.49,1181903,META
2020-05-20,123.1,123.53,122.9,123.0,511712,META
2020-05-21,124.77,125.92,122.93,123.68,1052212,META
2020-05-22,125.41,127.01,123.94,126.7,685563,META
2020-05-23,123.78,124.31,122.78,123.35,1438191,META
2020-05-24,124.14,125.61,122.92,123.94,1631533,META
2020-05-25,123.42,125.44,122.93,124.7,943301,META
2020-05-26,124.94,127.37,124.26,126.6,850180,META
2020-05-27,124.51,125.39,123.87,124.07,867360,META
2020-05-28,122.06,122.5,120.38,121.41,834572,META
2020-05-29,122.66,122.96,122.29,122.71,1519192,META
2020-05-30,124.05,124.19,122.67,123.54,2907552,META
2020-05-31,124.43,124.81,123.97,124.28,423478,META
2020-06-01,125.71,125.89,124.96,125.23,489691,META
2020-06-02,125.14,126.72,122.28,123.94,1607215,META
2020-06-03,124.68,124.74,124.06,124.64,455952,META
2020-06-04,125.85,126.41,124.79,125.48,403616,META
2020-06-05,124.15,124.38,124.01,124.11,2292091,META
2020-06-06,128.75,128.88,128.21,128.36,689222,META
2020-06-07,129.43,130.0,128.9,129.62,692921,META
2020-06-08,126.96,127.72,126.79,127.13,604853,META
2020-06-09,128.88,129.28,128.44,128.79,1036513,META
2020-06-10,126.72,128.22,126.0,126.81,437065,META
2020-06-11,127.79,130.03,126.48,128.75,1858749,META
2020-06-12,133.38,135.05,130.09,131.56,1108732,META
2020-06-13,130.19,131.36,129.63,129.89,737078,META
2020-06-14,132.19,132.79,131.7,132.28,570808,META
2020-06-15,133.36,133.89,132.59,133.44,789595,META
2020-06-16,136.9,137.25,134.44,135.57,1253936,META
2020-06-17,138.8,141.19,137.2,140.28,2739775,META
2020-06-18,141.35,141.63,138.75,139.9,1566092,META
2020-06-19,138.7,138.79,138.12,138.28,1216398,META
2020-06-20,136.54,136.64,136.18,136.36,745585,META
2020-06-21,134.1,135.15,133.61,134.63,1345548,META
2020-06-22,134.81,135.15,134.48,134.67,608486,META
2020-06-23,136.55,137.01,134.84,135.68,850834,META
2020-06-24,137.33,138.14,136.13,136.55,1289417,META
2020-06-25,138.16,139.14,137.85,138.74,969265,META
2020-06-26,138.56,139.05,138.26,139.0,511626,META
2020-06-27,142.88,144.01,142.32,142.75,330492,META
2020-06-28,142.43,142.85,142.27,142.31,911411,META
2020-06-29,149.58,149.62,149.11,149.3,756790,META
2020-06-30,151.01,151.51,149.96,151.17,1123873,META
2020-07-01,150.67,152.18,148.93,149.15,725248,META
2020-07-02,145.91,147.57,145.43,146.6,581763,META
2020-07-03,147.68,148.12,147.67,148.07,1189605,META
2020-07-04,147.81,148.57,147.01,147.73,1154432,META
2020-07-05,148.38,150.83,148.37,149.8,244125,META
2020-07-06,150.91,151.9,150.11,151.28,327685,META
2020-07-07,151.84,152.03,150.64,151.33,747049,META
2020-07-08,149.69,150.21,148.2,149.33,677535,META
2020-07-09,145.36,145.78,145.13,145.62,637606,META
2020-07-10,145.05,145.26,143.58,144.72,1057411,META
2020-07-11,147.65,148.54,146.7,147.11,1919897,META
2020-07-12,147.98,147.98,147.72,147.9,418837,META
2020-07-13,144.37,145.03,143.68,144.92,679014,META
2020-07-14,145.26,146.9,145.09,145.59,694481,META
2020-07-15,147.45,148.31,146.46,146.8,780720,META
2020-07-16,144.41,145.19,144.4,144.77,382880,META
2020-07-17,146.7,146.71,145.19,145.39,893800,META
2020-07-18,146.65,146.72,145.54,145.77,722412,META
2020-07-19,144.15,145.45,142.62,143.09,1971246,META
2020-07-20,142.86,145.08,141.35,144.22,864669,META
2020-07-21,145.58,147.28,144.29,145.86,504157,META
2020-07-22,147.9,150.34,147.29,148.85,339685,META
2020-07-23,152.13,152.45,151.14,151.82,686291,META
2020-07-24,148.72,149.35,148.17,148.42,497380,META
2020-07-25,145.46,146.86,145.28,146.22,587848,META
2020-07-26,148.62,149.59,147.45,147.77,867375,META
2020-07-27,148.68,150.2,147.27,149.33,824442,META
2020-07-28,149.71,151.85,149.32,150.91,811516,META
2020-07-29,160.45,161.57,159.59,161.3,1484808,META
2020-07-30,164.99,165.89,161.28,163.17,912361,META
2020-07-31,166.64,167.12,166.13,166.66,2904837,META
2020-08-01,168.77,170.35,167.9,169.71,815314,META
2020-08-02,172.67,174.22,169.7,171.91,617171,META
2020-08-03,171.28,171.28,170.97,171.23,359927,META
2020-08-04,173.74,173.97,173.67,173.78,396739,META
2020-08-05,172.31,172.66,171.15,171.71,1212016,META
2020-08-06,170.57,171.94,169.69,171.27,1072142,META
2020-08-07,172.13,173.74,168.3,170.1,745871,META
2020-08-08,169.5,172.07,168.42,170.61,701906,META
2020-08-09,178.17,178.46,177.42,177.78,507197,META
2020-08-10,172.21,172.58,171.9,172.27,732417,META
2020-08-11,174.28,174.75,174.08,174.6,852541,META
2020-08-12,170.74,170.77,169.17,169.97,294324,META
2020-08-13,168.44,169.07,168.01,168.84,1168259,META
2020-08-14,173.49,173.81,171.42,172.32,297165,META
2020-08-15,173.93,175.93,171.7,172.79,976254,META
2020-08-16,168.26,170.88,168.11,169.81,812637,META
2020-08-17,168.22,170.11,167.34,167.96,968882,META
2020-08-18,170.24,170.74,169.18,170.22,609959,META
2020-08-19,169.95,170.42,167.18,168.32,1982225,META
2020-08-20,168.79,169.78,168.76,169.23,1226510,META
2020-08-21,170.21,170.83,169.33,169.63,1185928,META
2020-08-22,169.53,169.7,167.74,167.98,795392,META
2020-08-23,173.36,175.1,172.06,174.53,844242,META
2020-08-24,177.42,177.46,175.56,176.74,1375683,META
2020-08-25,170.9,172.14,169.2,170.77,1707547,META
2020-08-26,171.59,171.7,171.11,171.6,1807287,META
2020-08-27,170.15,170.32,169.68,169.89,883717,META
2020-08-28,172.66,172.87,171.93,172.69,937786,META
2020-08-29,170.68,171.42,170.23,170.58,1084150,META
2020-08-30,170.43,171.48,170.14,170.51,812368,META
2020-08-31,171.21,173.03,170.54,172.29,654606,META
2020-09-01,175.69,177.22,173.29,175.17,1022188,META
2020-09-02,171.43,172.25,171.03,171.77,1201007,META
2020-09-03,170.2,172.01,169.85,171.05,1241237,META
2020-09-04,169.82,170.11,169.36,169.9,927015,META
2020-09-05,169.43,171.22,166.65,168.23,698133,META
2020-09-06,173.29,173.74,172.92,173.69,1254778,META
2020-09-07,175.31,175.57,174.56,175.19,1203738,META
2020-09-08,171.35,171.85,170.59,171.62,626860,META
2020-09-09,173.45,174.77,172.32,174.64,1607073,META
2020-09-10,182.41,182.55,179.85,181.39,1473095,META
2020-09-11,185.89,186.8,184.26,184.95,993928,META
2020-09-12,182.4,183.69,179.22,180.34,546102,META
2020-09-13,178.88,179.14,177.64,179.1,561223,META
2020-09-14,183.62,184.22,183.02,183.35,1288980,META
2020-09-15,180.72,182.32,180.52,181.38,803337,META
2020-09-16,183.41,183.86,182.8,183.07,917346,META
2020-09-17,185.71,188.32,183.65,185.84,602480,META
2020-09-18,183.89,184.49,182.27,183.13,1610029,META
2020-09-19,184.13,184.65,181.99,183.23,417079,META
2020-09-20,173.09,173.35,172.31,173.16,1055785,META
2020-09-21,169.85,170.81,169.83,170.34,1299956,META
2020-09-22,171.21,172.46,168.44,169.86,1487684,META
2020-09-23,166.54,166.83,166.13,166.43,1403266,META
2020-09-24,172.1,172.6,171.33,171.44,603044,META
2020-09-25,166.45,168.8,165.63,167.43,908445,META
2020-09-26,166.17,167.56,166.13,166.41,774204,META
2020-09-27,168.16,169.42,165.25,167.06,628961,META
2020-09-28,171.62,172.29,169.36,171.53,471486,META
2020-09-29,167.92,168.67,167.36,167.5,1452610,META
2020-09-30,171.0,171.39,170.53,171.17,2074160,META
2020-10-01,172.29,173.34,170.8,171.47,869036,META
2020-10-02,167.86,169.04,166.49,168.81,1705893,META
2020-10-03,169.86,170.89,169.45,170.44,1528752,META
2020-10-04,170.67,171.83,170.01,171.31,747719,META
2020-10-05,169.36,169.9,169.08,169.78,1115430,META
2020-10-06,170.27,170.74,170.24,170.26,1211969,META
2020-10-07,168.61,169.63,168.02,169.39,1726183,META
2020-10-08,169.14,170.69,168.71,169.99,1266089,META
2020-10-09,172.16,172.28,171.72,172.23,503704,META
2020-10-10,176.41,178.43,175.8,177.27,3021126,META
2020-10-11,173.41,175.07,172.08,173.73,1475580,META
2020-10-12,180.6,182.46,178.54,180.47,742056,META
2020-10-13,174.93,175.51,174.3,174.61,567910,META
2020-10-14,174.06,175.04,173.85,174.43,795418,META
2020-10-15,175.89,177.61,175.3,176.5,1036050,META
2020-10-16,177.7,177.81,177.15,177.64,882344,META
2020-10-17,177.74,179.65,174.18,176.0,980538,META
2020-10-18,177.13,177.32,173.55,175.64,749535,META
2020-10-19,172.9,174.56,170.54,174.41,1652823,META
2020-10-20,171.89,173.61,171.09,172.89,743582,META
2020-10-21,176.83,177.99,174.98,175.73,1649377,META
2020-10-22,178.29,179.7,175.74,177.11,1774050,META
2020-10-23,176.77,178.38,174.6,175.25,597367,META
2020-10-24,178.94,178.95,176.13,178.28,1003052,META
2020-10-25,179.41,180.74,178.88,179.52,2006453,META
2020-10-26,184.85,185.91,180.57,182.36,1381253,META
2020-10-27,184.16,186.28,183.57,184.65,1972778,META
2020-10-28,182.69,182.99,181.97,182.27,2203843,META
2020-10-29,180.6,182.3,179.57,180.78,731113,META
2020-10-30,183.54,184.12,182.26,183.43,1034528,META
2020-10-31,185.0,185.68,184.76,185.68,1489380,META
2020-11-01,185.28,187.91,184.55,185.9,1120051,META
2020-11-02,184.66,187.53,183.44,186.58,1524478,META
2020-11-03,190.34,191.6,190.26,191.04,2688187,META
2020-11-04,186.75,191.68,185.8,189.37,1169148,META
2020-11-05,193.22,194.71,190.05,191.48,1442297,META
2020-11-06,190.61,191.31,190.39,191.11,1213951,META
2020-11-07,193.03,195.14,189.48,190.69,462652,META
2020-11-08,195.06,195.35,194.49,194.66,851011,META
2020-11-09,198.18,198.76,197.49,197.77,1162713,META
2020-11-10,201.47,202.88,200.39,200.9,1027638,META
2020-11-11,203.3,207.95,201.1,205.79,1923588,META
2020-11-12,204.08,207.29,201.62,206.2,2218922,META
2020-11-13,207.83,209.35,207.31,208.98,913224,META
2020-11-14,209.46,209.86,207.82,208.18,2202110,META
2020-11-15,209.3,209.86,208.59,209.69,992759,META
2020-11-16,210.38,210.9,208.55,209.55,1500445,META
2020-11-17,209.8,210.66,209.56,210.24,1057175,META
2020-11-18,213.39,214.04,212.44,212.76,656065,META
2020-11-19,209.75,211.39,209.39,210.06,869291,META
2020-11-20,217.82,218.82,217.28,218.07,562227,META
2020-11-21,213.34,215.73,212.03,214.59,1922635,META
2020-11-22,210.66,210.68,210.31,210.38,2528289,META
2020-11-23,216.73,217.52,213.59,214.97,2015577,META
2020-11-24,216.67,220.78,215.49,218.29,1095553,META
2020-11-25,220.28,222.51,220.0,221.01,1812859,META
2020-11-26,224.72,225.88,222.17,223.79,480099,META
2020-11-27,224.33,225.16,223.45,224.1,2128830,META
2020-11-28,223.56,225.42,218.39,220.95,3211533,META
2020-11-29,222.28,222.36,221.09,221.59,1770245,META
2020-11-30,219.44,220.57,218.19,219.33,981309,META
2020-12-01,226.0,227.05,221.3,223.41,1915817,META
2020-12-02,220.36,223.92,219.26,223.19,1294602,META
2020-12-03,221.01,221.92,218.66,220.33,745456,META
2020-12-04,219.22,221.83,219.05,219.45,634040,META
2020-12-05,223.01,225.2,219.11,221.38,1110294,META
2020-12-06,220.56,223.27,217.48,219.56,1256762,META
2020-12-07,216.31,217.24,215.87,216.76,340940,META
2020-12-08,216.82,219.8,214.8,218.03,5288172,META
2020-12-09,220.27,220.43,218.67,219.31,984270,META
2020-12-10,218.89,220.44,216.51,217.71,2341370,META
2020-12-11,217.29,218.7,214.72,216.27,1234985,META
2020-12-12,217.94,218.1,217.35,217.49,2288885,META
2020-12-13,212.74,213.47,212.01,212.34,3662408,META
2020-12-14,207.68,207.89,207.3,207.47,915327,META
2020-12-15,204.03,205.78,203.6,205.19,1008698,META
2020-12-16,203.84,205.57,202.61,204.76,1604871,META
2020-12-17,206.13,206.98,205.47,206.2,1935849,META
2020-12-18,212.34,213.51,210.81,211.84,1315571,META
2020-12-19,215.38,215.85,215.09,215.35,1082146,META
2020-12-20,215.22,216.52,214.48,215.09,580165,META
2020-12-21,215.39,216.53,214.23,215.36,1214750,META
2020-12-22,211.23,213.43,211.06,211.93,690953,META
2020-12-23,212.65,214.47,211.04,212.2,1151054,META
2020-12-24,210.36,213.66,209.81,211.47,2095930,META
2020-12-25,213.2,213.74,212.79,213.0,1377358,META
2020-12-26,210.4,210.88,209.92,210.27,1345263,META
2020-12-27,212.48,213.35,211.44,212.51,517110,META
2020-12-28,220.69,223.03,218.22,218.53,1418859,META
2020-12-29,220.8,221.41,217.78,218.47,848486,META
2020-12-30,220.35,221.58,219.82,220.35,416694,META
2020-12-31,225.39,227.5,222.69,223.36,2122470,META
2021-01-01,221.83,222.7,221.2,222.15,958034,META
2021-01-02,223.95,225.38,221.79,223.37,1102834,META
2021-01-03,222.55,225.58,221.44,223.78,1359840,META
2021-01-04,224.18,225.01,224.15,224.52,2001431,META
2021-01-05,221.62,223.99,219.8,221.85,726354,META
2021-01-06,223.23,224.39,220.12,222.29,2181092,META
2021-01-07,222.81,224.97,221.45,224.58,1021481,META
2021-01-08,230.7,232.45,229.84,230.63,693692,META
2021-01-09,233.66,234.88,232.08,234.86,1087803,META
2021-01-10,244.45,245.31,243.84,244.06,743555,META
2021-01-11,240.17,241.94,238.86,241.18,963997,META
2021-01-12,246.9,248.68,243.89,245.24,2138100,META
2021-01-13,244.54,247.79,243.28,246.42,388450,META
2021-01-14,255.62,257.92,254.67,256.23,1025598,META
2021-01-15,252.72,253.35,252.02,253.02,976698,META
2021-01-16,247.57,251.61,247.21,249.72,834886,META
2021-01-17,246.76,248.4,246.65,247.5,768430,META
2021-01-18,237.13,239.77,236.41,238.72,1352823,META
2021-01-19,236.46,237.32,236.09,236.91,705542,META
2021-01-20,234.0,235.49,233.59,234.15,222943,META
2021-01-21,233.93,235.21,233.6,235.14,442141,META
2021-01-22,236.65,237.78,235.42,236.92,799282,META
2021-01-23,246.44,249.53,243.41,245.06,1456126,META
2021-01-24,251.03,251.74,249.03,249.51,1212117,META
2021-01-25,247.6,248.78,245.77,247.4,309774,META
2021-01-26,241.3,243.97,238.8,243.91,1192899,META
2021-01-27,246.17,246.61,245.88,246.4,946977,META
2021-01-28,238.05,244.44,236.53,241.11,683852,META
2021-01-29,248.73,249.31,248.67,249.21,684554,META
2021-01-30,254.86,256.87,254.18,254.74,1174931,META
2021-01-31,253.07,253.86,252.21,253.06,1006291,META
2021-02-01,246.75,247.54,245.74,245.89,520760,META
2021-02-02,252.92,254.47,249.42,252.1,496905,META
2021-02-03,252.45,252.64,251.38,251.99,898300,META
2021-02-04,258.21,260.2,257.83,257.84,2129926,META
2021-02-05,249.98,251.7,249.76,251.08,1415460,META
2021-02-06,248.86,248.88,248.69,248.85,1118494,META
2021-02-07,249.58,250.12,248.61,249.27,483720,META
2021-02-08,250.74,251.54,248.04,249.87,544852,META
2021-02-09,250.22,251.35,246.64,248.31,1131379,META
2021-02-10,250.87,251.96,250.29,251.41,1204003,META
2021-02-11,247.23,247.43,246.05,247.12,534847,META
2021-02-12,247.7,247.84,245.91,246.9,731799,META
2021-02-13,247.73,248.68,247.64,247.81,519837,META
2021-02-14,248.94,253.1,246.43,250.44,587542,META
2021-02-15,256.08,257.7,251.89,253.95,1289709,META
2021-02-16,250.85,252.04,248.0,249.37,672645,META
2021-02-17,243.1,245.4,240.92,243.09,483875,META
2021-02-18,247.72,252.27,247.4,248.9,364288,META
2021-02-19,250.29,251.93,249.39,250.74,706944,META
2021-02-20,246.82,248.53,246.26,247.86,647865,META
2021-02-21,256.08,259.23,254.31,254.97,1548816,META
2021-02-22,256.38,258.48,253.85,255.89,488332,META
2021-02-23,260.27,261.73,259.76,261.57,460900,META
2021-02-24,260.29,263.7,260.0,262.29,1012553,META
2021-02-25,272.06,272.33,271.85,272.15,821328,META
2021-02-26,279.58,281.79,277.85,280.92,730864,META
2021-02-27,281.03,281.25,277.64,280.15,790885,META
2021-02-28,282.39,286.78,280.27,285.35,576695,META
2021-03-01,289.11,289.94,288.92,289.02,751634,META
2021-03-02,298.77,300.86,293.92,296.38,1055626,META
2021-03-03,292.27,293.05,291.66,291.87,409827,META
2021-03-04,296.21,297.2,294.21,295.83,1115186,META
2021-03-05,302.05,304.91,298.45,301.76,1216913,META
2021-03-06,291.99,293.66,291.99,292.98,548443,META
2021-03-07,286.24,287.53,285.77,287.4,3018957,META
2021-03-08,277.35,277.65,275.43,277.63,1817397,META
2021-03-09,277.07,277.8,276.63,276.76,301238,META
2021-03-10,280.17,281.61,280.07,280.67,1173104,META
2021-03-11,287.07,289.37,286.99,288.48,1024463,META
2021-03-12,291.2,293.02,286.5,289.32,408807,META
2021-03-13,299.54,303.2,295.56,298.0,907490,META
2021-03-14,293.4,295.27,288.95,291.3,553918,META
2021-03-15,281.55,284.11,280.4,283.1,1096110,META
2021-03-16,285.48,285.98,282.0,283.28,430790,META
2021-03-17,288.45,290.76,282.43,285.63,426779,META
2021-03-18,285.09,286.46,282.36,285.92,1799303,META
2021-03-19,273.58,276.2,271.84,276.06,714109,META
2021-03-20,274.16,277.96,271.02,276.07,1033073,META
2021-03-21,270.21,271.33,269.84,270.23,1149754,META
2021-03-22,275.1,276.13,272.69,273.82,657518,META
2021-03-23,276.18,277.46,273.21,276.01,570848,META
2021-03-24,273.41,274.48,270.41,271.92,909781,META
2021-03-25,271.2,271.45,269.5,269.91,1726577,META
2021-03-26,266.9,267.57,263.57,265.35,765923,META
2021-03-27,262.08,266.7,260.2,265.49,878743,META
2021-03-28,269.15,270.52,267.66,270.34,649299,META
2021-03-29,266.51,267.53,265.69,266.12,848982,META
2021-03-30,270.56,272.88,266.71,268.88,558098,META
2021-03-31,263.89,267.77,261.08,266.82,864249,META
2021-04-01,264.1,266.13,262.27,263.56,1183760,META
2021-04-02,262.16,263.54,260.06,263.49,1487984,META
2021-04-03,258.47,260.6,258.26,259.15,1166648,META
2021-04-04,256.02,257.2,256.01,257.05,921362,META
2021-04-05,254.01,254.7,249.66,252.09,1975884,META
2021-04-06,259.8,262.36,259.42,261.14,716830,META
2021-04-07,263.18,264.56,261.3,261.72,679849,META
2021-04-08,260.46,261.97,257.65,258.94,299311,META
2021-04-09,256.58,260.48,254.08,260.32,883255,META
2021-04-10,262.29,262.68,258.44,260.22,1057581,META
2021-04-11,262.26,262.55,258.81,259.63,1328810,META
2021-04-12,264.45,265.07,260.54,262.83,722818,META
2021-04-13,265.96,267.54,264.76,266.73,2458005,META
2021-04-14,265.38,266.3,263.27,264.68,1204615,META
2021-04-15,263.52,264.02,259.61,262.45,457124,META
2021-04-16,261.01,261.9,261.0,261.6,954200,META
2021-04-17,251.44,252.41,251.44,251.51,783312,META
2021-04-18,244.77,248.25,243.99,245.26,1549081,META
2021-04-19,251.7,252.06,251.23,251.5,818598,META
2021-04-20,261.29,263.81,257.98,259.13,530688,META
2021-04-21,257.76,259.82,256.21,258.41,950045,META
2021-04-22,261.47,263.66,261.06,261.43,622593,META
2021-04-23,261.71,264.77,259.77,263.26,342531,META
2021-04-24,276.58,277.98,275.48,277.83,542956,META
2021-04-25,283.27,286.1,282.06,283.71,899990,META
2021-04-26,283.23,284.14,281.83,283.53,639776,META
2021-04-27,280.49,281.33,278.3,279.25,1624815,META
2021-04-28,272.26,272.45,269.47,271.87,440418,META
2021-04-29,273.39,274.67,272.63,273.27,583539,META
2021-04-30,270.46,271.1,269.75,270.09,524871,META
2021-05-01,264.06,265.33,261.75,263.82,947660,META
2021-05-02,261.94,262.29,259.39,261.26,1753544,META
2021-05-03,257.36,257.58,256.54,256.75,893678,META
2021-05-04,264.41,265.97,264.18,264.72,808759,META
2021-05-05,272.54,274.08,266.71,269.22,1682242,META
2021-05-06,272.12,275.72,266.5,269.61,2883968,META
2021-05-07,276.99,277.83,274.24,277.0,1113147,META
2021-05-08,276.7,277.95,275.53,277.82,349835,META
2021-05-09,277.7,281.27,271.12,274.09,494716,META
2021-05-10,283.04,284.09,281.75,281.81,1228521,META
2021-05-11,283.66,287.44,283.09,284.91,1137355,META
2021-05-12,283.05,284.71,277.55,280.21,326817,META
2021-05-13,281.28,284.29,278.6,279.73,1238452,META
2021-05-14,277.14,277.26,275.24,275.9,1329106,META
2021-05-15,268.36,270.56,267.42,269.68,496046,META
2021-05-16,273.67,275.1,272.77,274.47,2218940,META
2021-05-17,282.57,286.18,282.34,284.05,1076552,META
2021-05-18,276.16,278.2,275.85,277.57,1315737,META
2021-05-19,281.12,281.95,278.24,280.74,762673,META
2021-05-20,277.47,280.32,277.14,278.0,2374935,META
2021-05-21,278.04,279.46,275.77,276.08,3300685,META
2021-05-22,273.32,274.97,272.85,273.67,1131473,META
2021-05-23,266.54,273.52,263.31,269.98,2216644,META
2021-05-24,273.52,274.54,268.96,270.64,599974,META
2021-05-25,267.1,267.53,266.45,267.14,1085514,META
2021-05-26,265.82,269.43,263.78,268.83,665540,META
2021-05-27,269.43,269.67,267.97,269.03,983893,META
2021-05-28,269.07,271.71,267.65,268.33,682392,META
2021-05-29,265.97,268.76,262.95,264.51,938060,META
2021-05-30,264.1,264.1,260.68,262.27,1521149,META
2021-05-31,265.69,266.16,263.27,266.15,485716,META
2021-06-01,267.9,269.13,264.93,268.9,592000,META
2021-06-02,264.09,264.85,263.48,264.74,909880,META
2021-06-03,266.47,266.62,265.35,265.62,1525341,META
2021-06-04,268.55,269.72,268.07,269.53,2710730,META
2021-06-05,263.77,263.95,261.56,262.11,938427,META
2021-06-06,262.37,265.26,261.96,265.01,1107912,META
2021-06-07,263.63,265.07,261.99,262.37,909312,META
2021-06-08,264.17,267.13,262.51,265.4,851404,META
2021-06-09,259.5,262.7,258.34,262.29,1243358,META
2021-06-10,254.6,256.37,253.04,254.44,919296,META
2021-06-11,248.35,249.75,247.58,247.62,1737217,META
2021-06-12,249.42,250.25,246.2,248.22,1062014,META
2021-06-13,250.27,251.14,248.8,249.74,1604492,META
2021-06-14,247.98,249.82,245.94,246.2,2037450,META
2021-06-15,249.68,250.24,249.34,249.34,1732548,META
2021-06-16,243.29,243.32,242.2,242.5,827359,META
2021-06-17,239.23,244.3,237.47,242.61,1506652,META
2021-06-18,236.45,238.02,236.25,237.87,1724508,META
2021-06-19,237.37,239.62,233.31,235.54,1103078,META
2021-06-20,235.85,236.62,235.68,236.11,2573173,META
2021-06-21,232.16,233.92,231.37,232.95,1139350,META
2021-06-22,231.41,232.15,230.21,231.75,949513,META
2021-06-23,235.36,237.46,235.02,236.19,907521,META
2021-06-24,234.0,236.38,233.75,234.19,1431688,META
2021-06-25,237.36,238.14,236.9,237.98,1793148,META
2021-06-26,233.23,236.55,231.44,233.67,1130158,META
2021-06-27,235.11,237.47,233.09,236.2,2112815,META
2021-06-28,241.56,243.11,241.33,242.53,3336063,META
2021-06-29,232.49,233.48,230.73,232.45,841646,META
2021-06-30,230.18,230.46,229.5,229.59,1789823,META
2021-07-01,232.51,233.65,231.16,232.27,2585662,META
2021-07-02,231.89,232.87,231.43,231.81,967703,META
2021-07-03,233.49,235.19,231.71,233.69,688730,META
2021-07-04,232.1,232.24,231.5,231.59,1726304,META
2021-07-05,232.51,232.95,232.13,232.31,1579718,META
2021-07-06,232.44,233.18,230.86,232.05,922601,META
2021-07-07,234.36,237.29,231.92,237.15,1685159,META
2021-07-08,238.84,238.97,236.86,238.59,1540154,META
2021-07-09,241.13,242.03,239.95,240.37,1194191,META
2021-07-10,239.73,240.73,238.72,239.03,1744067,META
2021-07-11,238.12,238.79,237.24,237.38,1130397,META
2021-07-12,234.41,235.99,233.01,235.96,1727933,META
2021-07-13,238.14,238.56,237.35,237.96,371705,META
2021-07-14,236.35,237.07,235.7,236.6,1039111,META
2021-07-15,236.9,239.15,236.6,238.17,1345395,META
2021-07-16,247.79,247.88,246.66,247.18,735633,META
2021-07-17,251.39,251.56,250.93,251.33,1148915,META
2021-07-18,252.49,252.58,247.91,250.3,961058,META
2021-07-19,255.25,256.55,254.4,255.95,1332457,META
2021-07-20,252.24,256.87,249.14,254.54,679364,META
2021-07-21,246.89,247.5,242.52,245.89,674819,META
2021-07-22,242.68,242.85,241.67,241.95,742762,META
2021-07-23,233.42,234.99,232.51,234.44,785935,META
2021-07-24,232.28,234.22,231.59,233.37,735232,META
2021-07-25,234.57,234.75,233.43,233.82,1245682,META
2021-07-26,241.6,243.04,238.48,241.04,3306584,META
2021-07-27,243.91,245.01,241.87,242.8,1990257,META
2021-07-28,241.67,242.29,240.19,242.26,579884,META
2021-07-29,247.84,249.18,245.53,246.15,2430500,META
2021-07-30,237.49,237.6,236.33,237.04,1801682,META
2021-07-31,237.99,239.91,236.82,238.4,1218506,META
2021-08-01,243.71,245.03,239.48,241.99,738556,META
2021-08-02,236.47,238.02,234.69,236.13,2883105,META
2021-08-03,239.99,241.33,239.69,241.22,790699,META
2021-08-04,240.74,243.61,239.85,243.03,1085253,META
2021-08-05,243.12,245.76,239.38,241.65,2963107,META
2021-08-06,245.41,245.58,244.71,244.71,1497127,META
2021-08-07,254.56,256.05,251.67,254.8,1832530,META
2021-08-08,255.79,257.38,254.42,256.02,1271276,META
2021-08-09,258.46,259.08,256.66,257.53,1173493,META
2021-08-10,255.27,256.29,254.54,255.88,1347915,META
2021-08-11,254.22,256.58,250.66,252.49,2463725,META
2021-08-12,257.16,257.58,255.86,256.55,1282554,META
2021-08-13,253.68,254.26,252.81,253.13,1746636,META
2021-08-14,251.96,255.48,250.56,253.85,658903,META
2021-08-15,251.62,253.04,250.89,252.14,1622361,META
2021-08-16,253.33,254.73,252.88,254.65,1488737,META
2021-08-17,259.14,259.19,255.47,256.54,1321455,META
2021-08-18,262.14,262.51,258.92,261.6,2248560,META
2021-08-19,259.13,259.88,257.99,259.68,2612966,META
2021-08-20,259.42,259.69,258.71,258.88,2079149,META
2021-08-21,253.77,255.37,253.74,254.87,1323270,META
2021-08-22,253.0,254.04,250.12,253.3,1371057,META
2021-08-23,254.63,255.53,253.57,255.37,1362819,META
2021-08-24,256.84,260.05,255.55,259.15,1927072,META
2021-08-25,256.37,256.38,254.7,255.39,728200,META
2021-08-26,261.55,263.28,257.3,259.68,530914,META
2021-08-27,265.15,267.64,263.68,266.24,2090842,META
2021-08-28,269.65,269.78,268.26,268.58,555831,META
2021-08-29,277.33,278.64,275.82,277.81,417850,META
2021-08-30,271.31,276.04,269.57,274.5,2449464,META
2021-08-31,267.39,269.49,267.26,268.98,855683,META
2021-09-01,260.31,262.23,259.38,261.06,492986,META
2021-09-02,268.28,269.01,267.77,268.29,1978209,META
2021-09-03,268.8,274.48,266.54,271.78,1103563,META
2021-09-04,271.42,273.67,269.46,271.95,960883,META
2021-09-05,273.41,274.04,272.85,273.72,1017928,META
2021-09-06,269.41,270.73,268.59,268.78,1099987,META
2021-09-07,279.12,282.52,277.29,280.68,1323161,META
2021-09-08,279.99,283.16,278.73,281.76,832598,META
2021-09-09,279.48,285.53,279.27,282.75,1216805,META
2021-09-10,287.05,290.27,283.75,286.78,1085376,META
2021-09-11,287.6,290.98,285.87,289.65,324486,META
2021-09-12,293.37,295.56,289.23,291.24,518418,META
2021-09-13,288.99,291.92,285.05,287.69,638982,META
2021-09-14,290.05,291.95,288.64,290.52,944642,META
2021-09-15,298.35,302.23,297.51,300.52,1296802,META
2021-09-16,308.87,310.64,305.68,308.06,2604519,META
2021-09-17,317.26,317.86,316.12,317.12,559799,META
2021-09-18,317.18,320.7,312.94,314.8,1176108,META
2021-09-19,307.0,312.88,305.82,309.86,1325657,META
2021-09-20,310.47,310.72,308.9,309.68,1678206,META
2021-09-21,310.2,311.26,309.55,310.47,905510,META
2021-09-22,316.34,318.64,313.53,316.9,1172465,META
2021-09-23,306.97,309.4,306.63,308.04,1120029,META
2021-09-24,314.58,317.61,313.29,316.76,1350665,META
2021-09-25,316.26,316.57,314.96,316.39,1294904,META
2021-09-26,318.02,319.64,313.16,314.54,220719,META
2021-09-27,312.45,314.69,306.63,309.48,836008,META
2021-09-28,300.76,301.42,300.65,301.04,1092487,META
2021-09-29,308.18,312.06,305.05,305.84,416593,META
2021-09-30,307.67,308.62,306.33,306.72,1942467,META
2021-10-01,299.71,300.9,299.27,300.31,763245,META
2021-10-02,295.12,296.58,293.36,294.0,1617619,META
2021-10-03,289.19,295.95,286.18,292.74,531612,META
2021-10-04,302.02,302.69,301.5,301.74,858641,META
2021-10-05,301.69,302.06,300.03,300.85,928749,META
2021-10-06,293.87,294.48,292.75,293.44,689918,META
2021-10-07,291.16,293.26,290.97,292.65,591443,META
2021-10-08,289.62,292.24,287.32,291.72,1106421,META
2021-10-09,281.23,281.55,277.67,278.46,994732,META
2021-10-10,279.34,280.44,276.46,278.64,737169,META
2021-10-11,276.3,280.04,274.34,277.96,1455247,META
2021-10-12,282.26,282.98,281.28,281.78,1080656,META
2021-10-13,292.28,292.71,290.93,291.32,706099,META
2021-10-14,294.33,301.57,292.63,297.52,402471,META
2021-10-15,295.55,298.85,294.61,296.6,1373380,META
2021-10-16,290.69,292.67,288.84,291.34,859996,META
2021-10-17,304.76,307.3,302.05,304.89,525562,META
2021-10-18,305.35,306.93,303.73,305.7,348746,META
2021-10-19,306.06,307.21,305.16,306.26,1814104,META
2021-10-20,306.96,308.97,305.34,306.62,883014,META
2021-10-21,307.99,308.64,307.86,308.17,532670,META
2021-10-22,308.0,311.35,306.08,307.88,697762,META
2021-10-23,307.36,308.78,303.55,305.29,305807,META
2021-10-24,306.36,306.59,301.82,302.87,1279264,META
2021-10-25,302.27,303.9,301.04,303.18,856417,META
2021-10-26,299.2,302.49,296.87,300.78,1173292,META
2021-10-27,296.05,298.15,293.44,297.52,322174,META
2021-10-28,299.07,300.24,298.41,298.55,902305,META
2021-10-29,296.18,298.41,294.79,297.7,629677,META
2021-10-30,304.95,306.49,303.62,305.99,990988,META
2021-10-31,288.26,293.1,286.65,292.32,785493,META
2021-11-01,301.43,303.9,298.14,298.35,633690,META
2021-11-02,305.22,306.22,305.09,305.32,484456,META
2021-11-03,296.72,297.82,292.9,294.76,574345,META
2021-11-04,293.05,293.99,292.85,293.46,372358,META
2021-11-05,292.38,293.43,290.76,292.03,674420,META
2021-11-06,282.55,285.96,280.82,285.32,1937279,META
2021-11-07,280.94,282.48,279.99,281.9,1121940,META
2021-11-08,275.49,277.67,272.2,276.89,1168436,META
2021-11-09,286.12,286.83,285.03,285.8,851789,META
2021-11-10,288.76,293.31,288.6,290.92,992692,META
2021-11-11,295.91,299.3,295.71,297.84,699475,META
2021-11-12,302.69,303.98,301.68,302.07,428399,META
2021-11-13,296.2,296.77,295.03,296.6,457290,META
2021-11-14,294.69,295.04,294.31,294.36,1222312,META
2021-11-15,298.72,301.12,297.12,297.34,522313,META
2021-11-16,295.8,299.65,289.59,291.47,688218,META
2021-11-17,294.54,299.39,291.45,295.57,1063526,META
2021-11-18,295.34,298.05,292.16,294.8,572999,META
2021-11-19,291.25,293.66,290.39,293.34,883525,META
2021-11-20,297.41,297.64,297.03,297.45,415273,META
2021-11-21,300.84,302.37,299.72,300.23,590495,META
2021-11-22,298.62,299.97,297.34,298.82,530270,META
2021-11-23,305.88,305.91,304.94,305.34,963806,META
2021-11-24,300.57,301.08,299.37,300.07,920707,META
2021-11-25,304.48,305.67,301.96,303.78,901605,META
2021-11-26,305.82,310.73,303.02,307.41,681044,META
2021-11-27,305.28,307.87,305.07,306.24,897155,META
2021-11-28,310.19,310.42,307.62,308.47,507749,META
2021-11-29,303.07,303.79,300.57,302.22,568269,META
2021-11-30,310.02,311.29,307.0,307.58,994726,META
2021-12-01,305.75,309.16,303.54,307.08,663796,META
2021-12-02,305.34,306.99,303.29,304.77,462181,META
2021-12-03,311.1,311.6,309.99,310.83,705963,META
2021-12-04,306.91,308.52,306.34,307.51,1433384,META
2021-12-05,304.33,304.39,298.59,300.44,626109,META
2021-12-06,294.28,294.41,292.4,292.76,719097,META
2021-12-07,295.65,297.6,294.69,296.32,1046583,META
2021-12-08,292.3,296.46,289.23,290.17,1264645,META
2021-12-09,298.92,299.54,298.07,299.52,875795,META
2021-12-10,292.88,294.43,285.85,289.11,602444,META
2021-12-11,298.49,298.98,297.19,298.14,1117609,META
2021-12-12,300.37,300.67,299.49,299.71,528939,META
2021-12-13,298.01,301.68,295.62,299.68,2087050,META
2021-12-14,296.17,298.48,294.49,297.31,496204,META
2021-12-15,300.51,300.54,298.97,299.86,1107915,META
2021-12-16,298.37,302.25,297.17,300.14,480151,META
2021-12-17,305.07,307.97,304.34,306.4,1438842,META
2021-12-18,308.58,309.17,307.31,307.5,226185,META
2021-12-19,310.52,313.05,306.13,308.8,522843,META
2021-12-20,302.98,307.76,301.47,307.33,307137,META
2021-12-21,305.55,308.79,302.84,307.52,434671,META
2021-12-22,312.75,314.68,305.99,309.66,978012,META
2021-12-23,300.94,302.88,299.82,300.91,1876665,META
2021-12-24,296.28,296.65,291.87,294.31,522213,META
2021-12-25,300.81,303.4,295.99,298.6,686693,META
2021-12-26,301.63,305.64,296.22,299.96,1385741,META
2021-12-27,299.91,300.45,297.92,299.48,697362,META
2021-12-28,297.69,301.75,295.37,300.05,863245,META
2021-12-29,300.68,303.54,298.81,302.35,293619,META
2021-12-30,297.5,300.08,296.64,299.99,1070165,META
2021-12-31,296.6,299.18,292.8,296.39,449667,META
2022-01-01,296.31,298.83,294.0,297.88,751838,META
2022-01-02,295.68,296.18,292.22,293.27,814070,META
2022-01-03,295.76,298.23,294.24,295.82,457178,META
2022-01-04,286.89,288.17,286.25,287.5,1373704,META
2022-01-05,294.0,294.64,292.48,293.13,1029943,META
2022-01-06,295.57,296.79,294.59,296.01,941898,META
2022-01-07,297.64,297.81,296.38,297.81,1032005,META
2022-01-08,302.2,306.05,301.45,303.39,536933,META
2022-01-09,312.25,312.84,310.61,312.7,365296,META
2022-01-10,317.28,321.65,315.12,318.74,1793455,META
2022-01-11,308.27,309.64,308.06,309.0,1237229,META
2022-01-12,304.73,304.76,300.55,302.59,2500090,META
2022-01-13,301.64,303.89,299.73,299.78,832960,META
2022-01-14,300.97,302.91,298.61,300.39,601775,META
2022-01-15,304.05,304.43,302.5,303.58,727983,META
2022-01-16,297.5,301.54,295.41,300.22,696600,META
2022-01-17,303.36,304.91,300.62,301.68,884403,META
2022-01-18,298.43,299.34,296.14,298.19,485336,META
2022-01-19,292.48,298.16,290.35,295.48,456659,META
2022-01-20,290.37,292.02,287.72,288.69,880350,META
2022-01-21,284.69,285.84,282.69,284.5,1175254,META
2022-01-22,278.4,278.88,277.92,278.24,842880,META
2022-01-23,272.43,274.69,270.93,273.95,1678983,META
2022-01-24,279.52,280.29,277.59,279.42,1018059,META
2022-01-25,273.91,279.06,273.01,275.24,789048,META
2022-01-26,291.32,293.27,286.32,288.33,1111741,META
2022-01-27,292.11,292.38,290.71,291.27,1156848,META
2022-01-28,291.69,294.49,289.86,292.67,2311309,META
2022-01-29,289.78,289.98,287.82,288.76,516222,META
2022-01-30,294.87,296.39,292.68,292.75,1538203,META
2022-01-31,290.02,291.42,288.31,290.27,455123,META
2022-02-01,293.19,294.52,289.38,291.36,346680,META
2022-02-02,304.42,307.84,300.65,304.84,468265,META
2022-02-03,303.49,306.51,302.64,304.82,1336636,META
2022-02-04,312.12,313.05,310.69,311.42,1427061,META
2022-02-05,308.65,311.24,306.26,308.09,1834593,META
2022-02-06,308.46,309.29,307.75,308.4,420421,META
2022-02-07,317.95,318.72,317.5,318.42,687156,META
2022-02-08,318.1,318.66,313.88,315.45,637108,META
2022-02-09,323.45,329.55,322.68,325.93,667853,META
2022-02-10,329.46,330.86,327.8,330.48,756577,META
2022-02-11,327.28,328.09,326.96,327.76,726961,META
2022-02-12,333.56,335.18,330.72,331.9,1566408,META
2022-02-13,339.59,341.92,337.17,338.07,979836,META
2022-02-14,343.28,343.86,340.94,342.28,962477,META
2022-02-15,336.33,339.42,329.45,333.44,934150,META
2022-02-16,330.56,331.43,328.89,329.74,1445354,META
2022-02-17,333.54,334.98,327.35,328.84,1497877,META
2022-02-18,328.44,331.9,324.81,328.94,1878954,META
2022-02-19,330.57,334.64,328.0,333.03,1383461,META
2022-02-20,336.83,339.38,334.02,334.59,1840417,META
2022-02-21,331.57,332.78,323.89,327.33,2948946,META
2022-02-22,327.39,332.24,327.29,330.02,1241373,META
2022-02-23,337.23,338.36,333.32,334.07,720718,META
2022-02-24,340.72,340.98,337.03,337.87,551985,META
2022-02-25,346.41,346.94,344.63,344.78,722437,META
2022-02-26,350.25,351.39,347.64,350.35,1241998,META
2022-02-27,353.45,356.19,352.15,353.72,2963931,META
2022-02-28,354.05,355.42,353.36,353.85,971093,META
2022-03-01,346.27,347.74,342.61,344.15,3120250,META
2022-03-02,346.24,347.36,344.97,347.28,1282349,META
2022-03-03,348.46,349.76,346.28,349.1,713756,META
2022-03-04,353.21,356.02,346.65,351.31,818738,META
2022-03-05,344.09,344.76,343.13,344.04,1037048,META
2022-03-06,333.87,338.12,329.71,338.1,1266018,META
2022-03-07,343.41,346.24,342.18,344.85,1042204,META
2022-03-08,342.48,345.33,342.28,345.17,1263443,META
2022-03-09,352.0,352.13,348.6,349.82,2779737,META
2022-03-10,346.92,351.63,344.67,350.55,2178263,META
2022-03-11,348.48,352.28,345.87,351.3,1175913,META
2022-03-12,356.57,358.58,356.49,357.61,457597,META
2022-03-13,353.04,357.48,351.41,354.96,1455488,META
2022-03-14,356.06,356.13,356.02,356.12,1443536,META
2022-03-15,354.48,355.51,353.14,353.82,2083736,META
2022-03-16,347.74,351.73,344.16,351.7,1281392,META
2022-03-17,347.85,351.14,345.49,350.36,669597,META
2022-03-18,352.89,353.46,351.89,352.28,1236572,META
2022-03-19,345.55,352.1,344.81,349.9,1477431,META
2022-03-20,360.61,361.29,357.74,358.13,680005,META
2022-03-21,350.96,354.05,349.48,353.11,969182,META
2022-03-22,353.67,354.1,352.18,352.52,738515,META
2022-03-23,349.79,351.27,349.56,350.38,3208974,META
2022-03-24,361.66,363.11,358.91,359.79,769379,META
2022-03-25,358.43,366.05,354.62,361.59,960254,META
2022-03-26,372.66,376.19,365.67,368.68,1441521,META
2022-03-27,359.23,362.26,358.0,359.71,1023649,META
2022-03-28,362.53,363.61,360.89,361.96,1357713,META
2022-03-29,366.37,369.38,365.87,368.16,1148754,META
2022-03-30,368.85,369.88,368.3,369.28,1410275,META
2022-03-31,378.15,380.1,374.77,376.74,1947304,META
2022-04-01,371.78,374.1,370.09,373.94,1538153,META
2022-04-02,388.03,389.58,381.73,383.73,1928407,META
2022-04-03,400.92,403.05,399.13,399.75,1275004,META
2022-04-04,400.15,402.78,397.19,397.85,1310350,META
2022-04-05,399.01,401.53,391.81,395.39,978374,META
2022-04-06,404.01,406.62,402.56,406.06,986140,META
2022-04-07,419.39,421.28,416.38,417.9,925681,META
2022-04-08,413.78,416.05,413.52,414.75,1666668,META
2022-04-09,411.13,413.86,406.49,412.37,2070270,META
2022-04-10,415.51,418.49,407.44,411.0,1747108,META
2022-04-11,401.09,407.2,396.05,402.01,1856497,META
2022-04-12,399.33,401.21,396.02,396.21,1344527,META
2022-04-13,393.28,396.28,386.88,389.9,991497,META
2022-04-14,383.13,387.18,380.02,385.29,2387704,META
2022-04-15,386.47,388.61,385.6,385.68,1399138,META
2022-04-16,386.39,392.23,385.98,387.87,448504,META
2022-04-17,397.56,401.16,396.67,398.99,1157230,META
2022-04-18,393.57,394.83,389.5,392.67,1007622,META
2022-04-19,400.21,401.51,399.24,400.04,1184464,META
2022-04-20,399.32,400.43,399.12,399.19,541729,META
2022-04-21,400.27,401.22,398.96,399.48,1530169,META
2022-04-22,404.13,407.72,402.17,404.82,985744,META
2022-04-23,396.13,399.08,394.66,397.54,2301113,META
2022-04-24,400.17,401.43,398.02,400.82,492023,META
2022-04-25,402.59,403.21,399.26,402.63,2224032,META
2022-04-26,403.19,408.26,401.46,406.73,1023960,META
2022-04-27,408.05,412.24,406.71,409.44,1548997,META
2022-04-28,431.39,433.46,424.64,427.64,791380,META
2022-04-29,424.96,426.96,419.84,423.56,1485117,META
2022-04-30,423.22,423.25,419.33,420.31,625482,META
2022-05-01,414.12,418.51,412.54,416.41,1543438,META
2022-05-02,411.83,414.29,411.07,413.04,793784,META
2022-05-03,414.11,414.48,407.63,409.1,547196,META
2022-05-04,420.27,423.47,413.11,418.24,1396129,META
2022-05-05,430.25,431.16,428.34,429.28,1568598,META
2022-05-06,426.93,429.89,425.28,425.69,1049947,META
2022-05-07,422.97,427.6,418.1,420.19,1677591,META
2022-05-08,423.93,425.15,421.57,424.31,2627610,META
2022-05-09,421.61,423.31,420.38,420.9,1966621,META
2022-05-10,427.23,431.22,422.18,426.22,671836,META
2022-05-11,427.39,429.87,426.9,428.41,402732,META
2022-05-12,414.22,423.17,412.14,417.76,832524,META
2022-05-13,431.84,432.27,427.48,429.72,619774,META
2022-05-14,442.88,445.41,442.08,443.87,2026029,META
2022-05-15,442.98,444.44,436.11,439.83,887305,META
2022-05-16,437.3,437.56,436.54,437.56,648265,META
2022-05-17,438.69,442.99,437.58,440.44,1890975,META
2022-05-18,441.67,444.41,440.47,443.72,1283332,META
2022-05-19,445.53,452.3,445.12,449.53,872949,META
2022-05-20,467.2,467.24,464.96,466.02,2955217,META
2022-05-21,463.24,465.79,460.53,465.32,1336648,META
2022-05-22,461.48,462.56,458.16,459.58,534019,META
2022-05-23,449.86,453.75,444.76,449.25,503713,META
2022-05-24,446.79,448.58,443.44,444.23,696991,META
2022-05-25,444.16,445.68,443.12,444.69,1796856,META
2022-05-26,461.95,462.6,457.45,459.33,2387640,META
2022-05-27,456.43,457.32,455.67,455.91,1008709,META
2022-05-28,462.08,462.46,454.06,458.42,775722,META
2022-05-29,457.64,462.45,456.42,459.02,1455480,META
2022-05-30,466.27,473.12,463.89,469.27,2014556,META
2022-05-31,488.75,494.65,485.16,490.72,434699,META
2022-06-01,487.6,489.39,485.47,486.96,828624,META
2022-06-02,483.59,488.04,481.36,483.58,1373316,META
2022-06-03,493.99,495.38,491.22,493.16,1571929,META
2022-06-04,504.96,510.56,494.68,499.82,791791,META
2022-06-05,512.77,521.33,508.42,516.73,1166853,META
2022-06-06,520.12,524.12,518.94,522.82,1975917,META
2022-06-07,520.13,520.65,519.13,520.38,290304,META
2022-06-08,524.9,530.34,521.73,526.58,1312447,META
2022-06-09,543.44,550.36,530.75,537.61,2020082,META
2022-06-10,545.61,546.22,545.52,546.17,672854,META
2022-06-11,551.13,555.36,544.81,551.87,644344,META
2022-06-12,565.78,569.38,559.94,563.03,530018,META
2022-06-13,574.16,577.49,573.15,575.42,889370,META
2022-06-14,587.69,596.85,586.47,590.23,1233320,META
2022-06-15,597.58,605.16,595.56,597.85,566906,META
2022-06-16,598.61,603.77,594.7,597.06,1221542,META
2022-06-17,605.56,607.42,591.6,599.54,1804687,META
2022-06-18,608.99,617.1,604.56,613.13,1634054,META
2022-06-19,603.34,606.19,601.33,605.36,2436307,META
2022-06-20,606.53,612.31,603.05,610.23,1086167,META
2022-06-21,607.77,608.55,604.81,607.01,940578,META
2022-06-22,608.47,608.7,607.49,608.29,1488472,META
2022-06-23,621.93,628.11,617.72,622.83,484600,META
2022-06-24,630.55,633.7,622.92,625.9,489276,META
2022-06-25,618.61,636.47,611.47,627.41,627164,META
2022-06-26,609.29,620.12,604.58,613.52,458099,META
2022-06-27,626.08,629.13,619.69,622.49,1205791,META
2022-06-28,632.68,632.84,629.55,630.5,886549,META
2022-06-29,651.51,658.36,649.05,655.31,622161,META
2022-06-30,653.49,657.4,652.13,652.84,295400,META
2022-07-01,649.39,660.79,648.06,656.38,475712,META
2022-07-02,663.27,669.89,659.85,660.29,1643183,META
2022-07-03,680.48,685.21,673.43,679.52,2096750,META
2022-07-04,678.57,681.51,678.04,679.48,1886142,META
2022-07-05,681.89,689.21,678.63,683.87,883578,META
2022-07-06,694.52,698.17,687.79,692.22,423062,META
2022-07-07,695.34,702.17,689.1,695.58,545115,META
2022-07-08,691.44,693.57,689.16,691.27,1110408,META
2022-07-09,697.0,700.42,691.08,694.72,2421295,META
2022-07-10,708.88,709.34,706.45,708.84,1119864,META
2022-07-11,700.39,700.5,691.05,697.27,747206,META
2022-07-12,697.27,705.48,692.7,700.01,799120,META
2022-07-13,693.22,698.22,687.14,692.57,399819,META
2022-07-14,705.63,708.53,703.11,708.12,362095,META
2022-07-15,689.84,690.82,688.07,690.42,522008,META
2022-07-16,690.54,692.73,681.58,684.79,683173,META
2022-07-17,694.52,698.45,687.17,690.39,430315,META
2022-07-18,712.36,716.12,710.13,710.36,1703816,META
2022-07-19,710.36,713.85,708.83,710.68,476119,META
2022-07-20,705.58,714.14,703.28,704.93,647943,META
2022-07-21,732.91,736.74,726.01,729.2,464371,META
2022-07-22,709.58,717.89,708.44,711.93,400225,META
2022-07-23,683.53,688.95,682.88,685.74,478802,META
2022-07-24,693.31,697.77,691.89,692.11,1612167,META
2022-07-25,695.12,697.78,680.93,687.15,944997,META
2022-07-26,677.23,679.81,672.63,675.99,705312,META
2022-07-27,692.24,695.35,681.01,685.43,625265,META
2022-07-28,687.29,690.03,681.34,689.44,1296173,META
2022-07-29,692.12,700.05,681.57,683.76,806292,META
2022-07-30,671.5,671.85,668.28,669.57,607683,META
2022-07-31,682.52,686.65,678.55,680.83,870494,META
2022-08-01,697.99,700.96,682.9,689.65,432293,META
2022-08-02,694.46,696.46,682.53,689.55,568727,META
2022-08-03,721.87,722.9,704.23,712.88,1367846,META
2022-08-04,701.53,702.0,699.97,700.7,1852238,META
2022-08-05,681.27,687.81,679.29,683.16,414749,META
2022-08-06,673.9,676.27,664.57,676.0,636697,META
2022-08-07,671.25,677.74,665.59,676.54,775197,META
2022-08-08,679.8,688.75,671.39,680.5,653264,META
2022-08-09,677.91,680.21,676.83,678.72,1171213,META
2022-08-10,687.0,693.15,678.03,683.97,408378,META
2022-08-11,670.97,673.86,666.94,670.12,843309,META
2022-08-12,692.54,696.85,688.0,688.08,1086202,META
2022-08-13,687.66,688.43,687.59,688.19,1749455,META
2022-08-14,699.99,706.86,696.38,702.71,372958,META
2022-08-15,711.69,717.2,701.84,708.04,671834,META
2022-08-16,721.17,727.77,710.08,714.82,833673,META
2022-08-17,725.65,728.27,718.98,723.07,648792,META
2022-08-18,730.07,731.35,729.38,729.87,443037,META
2022-08-19,740.05,740.23,737.73,739.23,359260,META
2022-08-20,756.31,757.95,750.66,757.56,1155530,META
2022-08-21,757.28,762.19,755.56,761.37,974178,META
2022-08-22,772.13,773.72,768.57,772.01,1358720,META
2022-08-23,777.85,783.86,769.04,772.03,468965,META
2022-08-24,793.89,794.78,790.17,792.67,563181,META
2022-08-25,785.92,787.77,782.7,784.58,1775142,META
2022-08-26,812.26,812.8,809.52,810.5,1180752,META
2022-08-27,813.61,815.69,808.55,811.22,1114563,META
2022-08-28,789.67,802.02,788.7,792.26,1034819,META
2022-08-29,792.96,796.39,791.68,795.29,288439,META
2022-08-30,779.22,787.35,776.2,787.11,1362812,META
2022-08-31,794.47,802.45,792.06,799.91,327450,META
2022-09-01,789.73,795.1,788.43,792.08,553446,META
2022-09-02,788.09,789.12,785.26,787.17,915570,META
2022-09-03,766.05,770.47,762.14,762.47,863086,META
2022-09-04,760.64,762.9,757.03,757.66,634579,META
2022-09-05,724.86,729.27,720.94,726.81,786657,META
2022-09-06,709.32,710.26,706.18,707.88,760794,META
2022-09-07,713.98,725.17,710.37,718.41,1061272,META
2022-09-08,730.11,733.83,727.05,729.41,1032720,META
2022-09-09,734.38,736.41,734.08,735.99,890203,META
2022-09-10,718.89,732.64,715.24,724.74,1040229,META
2022-09-11,730.61,731.58,721.17,725.29,952362,META
2022-09-12,729.8,733.98,720.91,726.41,974478,META
2022-09-13,714.44,716.35,710.08,712.88,1058631,META
2022-09-14,727.58,740.64,719.23,732.72,791175,META
2022-09-15,746.93,754.29,740.3,745.12,805807,META
2022-09-16,737.99,744.6,737.39,743.43,1439175,META
2022-09-17,751.69,753.37,741.03,744.97,635183,META
2022-09-18,749.39,750.13,746.84,748.87,499724,META
2022-09-19,722.4,726.75,717.27,723.37,1171998,META
2022-09-20,714.6,726.52,713.41,721.41,1140301,META
2022-09-21,714.61,723.62,707.87,713.97,1555168,META
2022-09-22,697.26,704.83,694.81,702.63,942180,META
2022-09-23,693.8,700.36,689.34,700.3,1019509,META
2022-09-24,723.68,724.42,722.19,723.39,810125,META
2022-09-25,737.56,738.71,729.93,732.64,445562,META
2022-09-26,722.46,726.75,718.67,726.51,846841,META
2022-09-27,738.86,741.97,733.1,734.93,1402518,META
2022-09-28,756.44,760.18,747.97,754.05,1056041,META
2022-09-29,770.42,772.45,761.73,767.43,1574853,META
2022-09-30,771.12,775.44,763.55,769.45,1323486,META
2022-10-01,762.74,767.63,759.9,761.99,902044,META
2022-10-02,764.5,773.63,759.45,772.5,3157419,META
2022-10-03,783.55,787.02,773.77,779.04,2223293,META
2022-10-04,795.54,800.41,786.63,792.45,811488,META
2022-10-05,810.28,820.21,794.55,802.51,965114,META
2022-10-06,820.21,828.99,812.14,818.49,2151011,META
2022-10-07,808.05,813.73,803.96,812.15,2730665,META
2022-10-08,833.29,835.08,828.42,832.12,2516027,META
2022-10-09,847.37,856.82,827.1,836.32,559697,META
2022-10-10,860.53,876.4,858.33,867.95,1317029,META
2022-10-11,859.86,860.25,848.66,858.9,2380277,META
2022-10-12,892.47,895.23,879.22,886.3,1073619,META
2022-10-13,894.2,897.3,886.9,890.77,2446238,META
2022-10-14,882.59,882.92,881.97,882.07,1081316,META
2022-10-15,875.1,880.02,872.9,876.03,1428301,META
2022-10-16,869.57,874.64,868.71,872.52,881380,META
2022-10-17,877.92,882.39,874.57,880.38,891109,META
2022-10-18,886.68,895.63,880.54,889.82,794652,META
2022-10-19,878.78,884.28,875.49,882.33,1132160,META
2022-10-20,888.59,891.99,878.04,883.36,762131,META
2022-10-21,907.3,923.4,903.23,917.81,2329219,META
2022-10-22,947.74,949.11,945.63,946.95,978414,META
2022-10-23,956.36,961.81,952.92,955.68,1344601,META
2022-10-24,959.73,961.24,956.15,957.84,1019462,META
2022-10-25,961.01,966.63,959.37,961.37,2175768,META
2022-10-26,975.31,978.04,968.75,973.2,1286483,META
2022-10-27,953.59,964.34,952.91,957.38,1701848,META
2022-10-28,966.86,974.64,945.66,954.61,1337765,META
2022-10-29,932.9,935.75,923.38,928.33,2400499,META
2022-10-30,939.24,947.71,934.4,936.28,1140036,META
2022-10-31,952.38,955.83,945.22,948.35,490861,META
2022-11-01,939.99,945.31,937.82,941.87,1478461,META
2022-11-02,970.59,973.14,963.9,969.25,1396724,META
2022-11-03,955.69,961.83,943.35,950.06,1079016,META
2022-11-04,933.91,937.29,922.86,927.29,1035538,META
2022-11-05,928.83,936.61,926.87,932.4,1217831,META
2022-11-06,950.31,952.54,945.55,950.93,1289815,META
2022-11-07,983.54,986.05,979.56,980.4,1997152,META
2022-11-08,971.3,976.95,968.76,974.12,1101676,META
2022-11-09,982.22,996.29,979.21,994.01,1868928,META
2022-11-10,986.79,1006.94,974.75,994.93,503473,META
2022-11-11,989.35,1000.24,985.54,993.52,1439308,META
2022-11-12,1009.7,1010.56,1009.43,1010.44,595756,META
2022-11-13,1023.76,1030.36,1013.89,1023.55,1844346,META
2022-11-14,996.65,997.96,995.14,997.02,4419700,META
2022-11-15,1026.61,1031.27,1020.35,1024.31,721827,META
2022-11-16,1047.51,1054.42,1046.28,1050.63,2655042,META
2022-11-17,1046.93,1058.69,1030.07,1040.83,878198,META
2022-11-18,1045.9,1057.36,1038.09,1049.68,1255091,META
2022-11-19,1062.95,1065.91,1058.44,1060.41,1958710,META
2022-11-20,1064.41,1068.14,1059.29,1066.93,850361,META
2022-11-21,1054.94,1063.63,1054.0,1058.38,1345325,META
2022-11-22,1046.14,1051.73,1041.23,1047.67,761251,META
2022-11-23,1056.26,1057.84,1045.35,1048.87,2228658,META
2022-11-24,1075.02,1079.76,1069.69,1072.02,1101625,META
2022-11-25,1089.28,1094.25,1080.58,1083.9,1017317,META
2022-11-26,1094.02,1095.74,1068.0,1078.62,1062257,META
2022-11-27,1089.9,1105.9,1081.89,1094.87,824824,META
2022-11-28,1042.07,1047.55,1037.48,1042.18,1177629,META
2022-11-29,1061.23,1070.9,1058.13,1064.74,475492,META
2022-11-30,1038.21,1043.64,1033.85,1034.11,3324146,META
2022-12-01,1033.25,1034.16,1024.53,1029.21,1869694,META
2022-12-02,1016.81,1023.75,1009.07,1010.74,1322802,META
2022-12-03,998.71,1000.03,985.93,989.51,585254,META
2022-12-04,1017.74,1023.69,1007.69,1011.14,1717739,META
2022-12-05,993.11,1013.43,986.21,1004.5,1532763,META
2022-12-06,1011.5,1015.31,1010.49,1012.18,791004,META
2022-12-07,1005.1,1015.9,997.56,1012.97,1325813,META
2022-12-08,1025.92,1029.43,1021.28,1023.02,1144080,META
2022-12-09,1025.79,1031.04,1021.32,1026.03,330543,META
2022-12-10,1009.87,1012.75,1003.1,1004.68,1407930,META
2022-12-11,1019.4,1025.97,1018.88,1023.76,1895867,META
2022-12-12,1014.9,1019.99,1006.37,1016.57,717602,META
2022-12-13,999.5,1008.87,981.15,990.57,1056927,META
2022-12-14,985.45,985.71,980.44,984.75,1334187,META
2022-12-15,1015.79,1024.21,1007.29,1012.12,865142,META
2022-12-16,1017.32,1032.91,1011.29,1028.76,1421477,META
2022-12-17,1018.47,1028.5,1015.12,1024.14,1945806,META
2022-12-18,1016.8,1020.33,1014.45,1019.53,1271853,META
2022-12-19,1020.63,1023.7,1011.37,1015.44,1174737,META
2022-12-20,1046.33,1060.2,1037.28,1053.87,799055,META
2022-12-21,1065.12,1072.76,1055.27,1062.58,1099158,META
2022-12-22,1069.57,1076.48,1064.07,1072.25,923385,META
2022-12-23,1089.13,1096.26,1088.58,1093.25,3272677,META
2022-12-24,1103.01,1105.02,1096.71,1099.55,1697391,META
2022-12-25,1097.82,1101.02,1094.13,1096.33,2679177,META
2022-12-26,1083.12,1107.79,1080.61,1094.33,2575967,META
2022-12-27,1094.6,1099.51,1087.7,1094.71,675122,META
2022-12-28,1096.4,1097.17,1094.69,1095.74,3093786,META
2022-12-29,1106.41,1122.73,1103.13,1111.41,1199958,META
2022-12-30,1109.1,1121.05,1105.95,1114.19,1632009,META
2022-12-31,1127.7,1132.74,1125.13,1130.22,916309,META
2023-01-01,1115.93,1141.72,1115.91,1130.43,1212251,META
2023-01-02,1126.01,1144.84,1122.35,1133.79,672814,META
2023-01-03,1095.06,1100.4,1090.86,1096.05,1961822,META
2023-01-04,1111.12,1118.76,1110.53,1115.33,1208683,META
2023-01-05,1108.65,1137.58,1098.12,1123.86,1397209,META
2023-01-06,1145.26,1145.84,1143.97,1145.24,862988,META
2023-01-07,1092.49,1096.74,1088.11,1089.16,1212427,META
2023-01-08,1143.1,1144.6,1120.27,1130.61,1138906,META
2023-01-09,1136.81,1139.61,1127.56,1129.66,999522,META
2023-01-10,1153.56,1157.33,1150.72,1153.31,619419,META
2023-01-11,1145.28,1159.08,1126.93,1134.22,1244653,META
2023-01-12,1151.16,1158.62,1138.12,1148.16,2121640,META
2023-01-13,1132.45,1134.48,1126.41,1128.88,961046,META
2023-01-14,1113.54,1125.38,1103.14,1118.39,3086261,META
2023-01-15,1157.83,1159.29,1155.02,1157.55,1292682,META
2023-01-16,1156.43,1160.72,1152.56,1155.54,1906216,META
2023-01-17,1166.94,1173.69,1158.74,1161.77,1541887,META
2023-01-18,1178.07,1191.64,1166.93,1181.27,834997,META
2023-01-19,1190.12,1194.22,1178.58,1193.38,1414766,META
2023-01-20,1201.84,1202.67,1189.27,1198.42,939157,META
2023-01-21,1214.74,1221.34,1206.33,1207.97,1303319,META
2023-01-22,1264.74,1265.51,1254.99,1260.58,1635064,META
2023-01-23,1256.64,1264.92,1251.56,1261.32,773791,META
2023-01-24,1266.32,1270.61,1262.07,1267.76,2007009,META
2023-01-25,1286.43,1293.71,1280.06,1293.04,907048,META
2023-01-26,1315.83,1322.88,1312.99,1320.06,674744,META
2023-01-27,1356.61,1358.97,1341.14,1349.52,1126671,META
2023-01-28,1354.94,1381.5,1344.24,1366.72,654245,META
2023-01-29,1334.63,1360.32,1324.71,1341.63,614194,META
2023-01-30,1377.79,1392.73,1367.25,1382.03,573043,META
2023-01-31,1367.42,1370.1,1352.83,1356.58,3171830,META
2023-02-01,1374.07,1382.25,1360.29,1365.91,1556426,META
2023-02-02,1349.69,1362.64,1334.63,1350.11,1352761,META
2023-02-03,1346.96,1353.75,1341.32,1350.75,1360265,META
2023-02-04,1364.4,1364.58,1353.64,1360.66,1401611,META
2023-02-05,1374.91,1377.98,1365.44,1370.47,1854125,META
2023-02-06,1385.61,1404.18,1376.79,1382.75,1177407,META
2023-02-07,1413.24,1433.55,1412.94,1423.91,1099137,META
2023-02-08,1433.42,1444.58,1427.89,1437.46,547338,META
2023-02-09,1428.09,1433.81,1421.97,1433.62,689897,META
2023-02-10,1464.72,1466.93,1450.21,1460.04,1204009,META
2023-02-11,1495.66,1507.99,1481.27,1492.69,501006,META
2023-02-12,1465.04,1474.24,1461.08,1463.08,1471617,META
2023-02-13,1472.4,1489.52,1470.79,1480.68,946016,META
2023-02-14,1506.76,1509.08,1496.13,1501.16,803840,META
2023-02-15,1500.36,1516.22,1492.33,1495.76,2145487,META
2023-02-16,1534.0,1537.32,1529.05,1534.07,604010,META
2023-02-17,1532.43,1537.04,1525.65,1532.5,963430,META
2023-02-18,1532.58,1542.16,1527.23,1538.31,764642,META
2023-02-19,1533.93,1546.22,1525.55,1536.12,2143231,META
2023-02-20,1522.95,1549.54,1522.58,1538.99,624127,META
2023-02-21,1511.7,1518.52,1508.41,1511.99,894120,META
2023-02-22,1486.78,1489.18,1465.11,1476.4,679526,META
2023-02-23,1517.01,1520.73,1511.86,1519.85,1158260,META
2023-02-24,1506.2,1506.41,1499.4,1499.81,1338553,META
2023-02-25,1466.28,1481.68,1456.95,1476.25,426569,META
2023-02-26,1419.06,1430.35,1406.07,1423.11,709392,META
2023-02-27,1410.32,1413.04,1402.33,1409.51,974265,META
2023-02-28,1375.7,1388.26,1370.59,1379.2,1114634,META
2023-03-01,1428.93,1435.9,1413.38,1420.94,715128,META
2023-03-02,1456.89,1475.02,1443.41,1448.26,852484,META
2023-03-03,1427.9,1433.38,1422.76,1433.17,1264063,META
2023-03-04,1485.48,1498.25,1478.12,1491.81,1341803,META
2023-03-05,1519.26,1524.98,1505.83,1519.76,270083,META
2023-03-06,1530.27,1531.16,1512.21,1513.57,771135,META
2023-03-07,1459.71,1459.9,1445.38,1449.95,639860,META
2023-03-08,1515.01,1534.96,1502.72,1510.25,893298,META
2023-03-09,1474.79,1478.6,1471.51,1476.02,1104795,META
2023-03-10,1432.77,1438.9,1432.41,1435.99,540457,META
2023-03-11,1450.62,1478.97,1445.0,1463.91,683258,META
2023-03-12,1522.59,1534.26,1518.66,1528.6,837638,META
2023-03-13,1561.65,1573.71,1555.02,1567.97,1037791,META
2023-03-14,1589.62,1591.74,1583.01,1585.91,537887,META
2023-03-15,1601.03,1620.1,1585.28,1604.91,755471,META
2023-03-16,1625.51,1635.19,1611.7,1631.38,424717,META
2023-03-17,1669.03,1685.14,1644.8,1655.6,758717,META
2023-03-18,1676.64,1689.16,1665.71,1666.37,784807,META
2023-03-19,1689.0,1703.61,1652.57,1672.06,409589,META
2023-03-20,1669.84,1674.19,1661.91,1672.9,1251339,META
2023-03-21,1657.4,1657.47,1645.18,1653.56,1011032,META
2023-03-22,1660.67,1661.18,1640.92,1648.1,467931,META
2023-03-23,1595.62,1602.16,1594.8,1602.02,839891,META
2023-03-24,1585.89,1602.14,1568.82,1601.83,835034,META
2023-03-25,1566.73,1579.58,1560.95,1576.74,294760,META
2023-03-26,1558.36,1566.78,1541.29,1548.88,580584,META
2023-03-27,1559.79,1564.11,1554.53,1556.22,834343,META
2023-03-28,1601.73,1603.82,1591.24,1596.52,338213,META
2023-03-29,1628.22,1633.91,1610.24,1624.66,554810,META
2023-03-30,1578.14,1585.98,1575.46,1582.72,957362,META
2023-03-31,1554.4,1561.29,1553.93,1557.9,872668,META
2023-04-01,1594.72,1604.35,1585.25,1585.97,368794,META
2023-04-02,1551.61,1566.65,1547.07,1561.31,1230132,META
2023-04-03,1563.97,1567.04,1554.72,1557.68,926444,META
2023-04-04,1561.82,1580.89,1542.58,1575.12,953938,META
2023-04-05,1542.09,1558.97,1541.92,1551.01,2220913,META
2023-04-06,1557.92,1570.03,1541.9,1556.34,636873,META
2023-04-07,1515.37,1523.35,1509.33,1522.58,1147871,META
2023-04-08,1513.83,1518.09,1508.96,1509.03,329314,META
2023-04-09,1517.06,1533.84,1509.18,1519.86,950144,META
2023-04-10,1481.31,1492.75,1479.53,1480.02,2286110,META
2023-04-11,1497.61,1517.16,1478.72,1493.77,1026788,META
2023-04-12,1495.2,1497.56,1493.97,1495.64,581688,META
2023-04-13,1523.23,1530.54,1502.37,1512.45,318214,META
2023-04-14,1523.08,1528.86,1518.66,1520.78,557148,META
2023-04-15,1557.24,1569.82,1541.54,1559.42,862800,META
2023-04-16,1562.26,1566.54,1561.14,1565.32,262630,META
2023-04-17,1557.86,1572.38,1549.53,1556.09,784342,META
2023-04-18,1541.7,1562.41,1537.12,1561.89,547167,META
2023-04-19,1580.57,1584.54,1577.18,1579.2,464072,META
2023-04-20,1580.22,1588.29,1576.48,1583.07,831018,META
2023-04-21,1592.32,1594.4,1583.18,1586.72,532410,META
2023-04-22,1571.45,1572.31,1565.46,1569.81,527075,META
2023-04-23,1556.66,1574.11,1547.05,1554.15,547326,META
2023-04-24,1513.5,1528.0,1504.56,1518.58,418168,META
2023-04-25,1566.2,1575.21,1561.2,1567.38,838997,META
2023-04-26,1548.06,1558.05,1527.71,1535.85,291597,META
2023-04-27,1507.68,1522.03,1501.02,1519.72,788728,META
2023-04-28,1501.12,1503.37,1501.11,1503.09,972403,META
2023-04-29,1522.53,1529.42,1515.81,1528.97,1189761,META
2023-04-30,1527.82,1539.24,1517.82,1523.54,902684,META
2023-05-01,1554.19,1575.85,1543.02,1559.16,1364347,META
2023-05-02,1553.88,1560.03,1536.02,1543.32,394509,META
2023-05-03,1550.37,1555.11,1542.04,1553.3,628098,META
2023-05-04,1531.38,1548.67,1523.21,1533.13,499210,META
2023-05-05,1587.72,1595.79,1582.58,1592.99,298911,META
2023-05-06,1563.15,1565.01,1558.12,1562.51,955744,META
2023-05-07,1582.43,1585.55,1557.85,1573.45,1124600,META
2023-05-08,1585.36,1602.49,1582.08,1593.37,740448,META
2023-05-09,1608.22,1622.85,1602.13,1607.42,1369134,META
2023-05-10,1615.25,1618.66,1594.31,1604.79,690676,META
2023-05-11,1609.59,1617.05,1593.01,1603.72,627890,META
2023-05-12,1597.13,1612.57,1580.57,1607.5,1022807,META
2023-05-13,1601.29,1606.65,1590.46,1605.95,935801,META
2023-05-14,1635.6,1643.39,1633.93,1635.53,1268593,META
2023-05-15,1708.41,1710.2,1699.05,1701.25,566115,META
2023-05-16,1671.91,1695.3,1660.24,1687.41,385579,META
2023-05-17,1653.84,1655.97,1643.69,1649.76,512506,META
2023-05-18,1650.26,1653.71,1647.43,1649.85,486548,META
2023-05-19,1731.14,1733.61,1721.01,1726.78,980795,META
2023-05-20,1708.64,1716.36,1704.97,1705.31,1201034,META
2023-05-21,1758.67,1777.36,1751.99,1756.83,1370481,META
2023-05-22,1811.76,1817.26,1802.46,1811.09,557973,META
2023-05-23,1789.7,1797.88,1788.86,1796.48,695744,META
2023-05-24,1797.68,1824.99,1795.99,1817.19,597874,META
2023-05-25,1881.32,1903.83,1848.3,1871.75,1038834,META
2023-05-26,1865.43,1866.02,1858.16,1862.35,953019,META
2023-05-27,1858.2,1868.67,1855.73,1858.7,1031755,META
2023-05-28,1842.69,1843.11,1838.37,1842.8,585377,META
2023-05-29,1829.11,1842.32,1803.47,1813.09,525050,META
2023-05-30,1799.86,1800.49,1794.9,1795.44,784573,META
2023-05-31,1763.4,1763.76,1747.28,1759.95,523990,META
2023-06-01,1768.68,1771.91,1753.32,1763.8,1987091,META
2023-06-02,1736.57,1748.74,1724.42,1742.91,1151007,META
2023-06-03,1747.6,1755.63,1745.34,1752.81,496932,META
2023-06-04,1700.73,1709.6,1694.32,1708.0,1621083,META
2023-06-05,1738.57,1756.65,1701.18,1720.59,821789,META
2023-06-06,1735.39,1757.59,1715.04,1748.37,976772,META
2023-06-07,1690.89,1693.25,1688.85,1690.32,1558306,META
2023-06-08,1712.2,1720.94,1685.93,1704.05,1184831,META
2023-06-09,1753.58,1756.72,1739.95,1743.29,750300,META
2023-06-10,1698.98,1725.62,1694.38,1709.26,1203600,META
2023-06-11,1774.41,1787.41,1755.62,1761.9,453571,META
2023-06-12,1762.74,1785.62,1756.7,1777.6,503225,META
2023-06-13,1734.57,1782.94,1710.95,1758.56,1323512,META
2023-06-14,1762.95,1771.86,1754.63,1759.66,959588,META
2023-06-15,1780.6,1787.75,1769.75,1779.62,622504,META
2023-06-16,1784.1,1788.81,1782.73,1784.82,1066865,META
2023-06-17,1816.51,1827.19,1802.73,1804.45,1272876,META
2023-06-18,1782.15,1799.58,1776.72,1778.33,616546,META
2023-06-19,1785.09,1790.92,1781.13,1786.43,1695269,META
2023-06-20,1757.39,1762.02,1730.18,1745.2,1823231,META
2023-06-21,1735.62,1752.64,1726.89,1744.6,1392007,META
2023-06-22,1729.49,1744.0,1709.72,1719.85,589549,META
2023-06-23,1703.49,1710.8,1687.34,1700.52,1178113,META
2023-06-24,1745.82,1750.38,1723.73,1739.92,1778008,META
2023-06-25,1776.98,1784.36,1773.74,1775.85,774600,META
2023-06-26,1782.18,1804.89,1772.32,1797.57,734871,META
2023-06-27,1760.81,1776.4,1750.51,1766.16,650569,META
2023-06-28,1745.47,1761.38,1733.28,1759.23,711290,META
2023-06-29,1778.14,1811.34,1758.41,1799.29,823650,META
2023-06-30,1799.1,1820.39,1788.42,1806.61,1479777,META
2023-07-01,1875.78,1888.29,1870.37,1882.64,1910077,META
2023-07-02,1884.79,1904.18,1874.79,1898.57,579523,META
2023-07-03,1921.5,1936.66,1906.4,1907.97,1489051,META
2023-07-04,1881.95,1916.42,1862.55,1900.72,1619267,META
2023-07-05,1914.42,1929.51,1903.74,1908.19,1613656,META
2023-07-06,1916.3,1928.68,1903.41,1906.16,1962267,META
2023-07-07,1948.36,1969.99,1914.93,1932.76,636264,META
2023-07-08,1980.4,1986.78,1958.49,1968.12,691233,META
2023-07-09,1947.06,1974.18,1925.39,1944.26,1930233,META
2023-07-10,1895.87,1906.45,1891.98,1902.19,1967237,META
2023-07-11,1862.62,1875.97,1831.48,1844.25,508400,META
2023-07-12,1873.61,1887.08,1861.74,1863.55,774726,META
2023-07-13,1825.72,1843.22,1816.09,1830.63,1839767,META
2023-07-14,1757.29,1781.83,1732.51,1764.76,1195183,META
2023-07-15,1767.61,1781.75,1767.32,1779.54,1822043,META
2023-07-16,1849.96,1860.71,1847.89,1859.83,1276625,META
2023-07-17,1859.21,1869.14,1855.1,1862.6,1690135,META
2023-07-18,1879.63,1908.25,1868.19,1892.84,702838,META
2023-07-19,1908.68,1913.22,1894.68,1898.56,847539,META
2023-07-20,1905.27,1905.51,1891.25,1898.32,888814,META
2023-07-21,1915.76,1933.4,1894.04,1931.81,1489616,META
2023-07-22,1936.99,1939.73,1918.53,1925.1,1726980,META
2023-07-23,1917.5,1946.44,1903.77,1937.16,1413744,META
2023-07-24,1965.75,1988.1,1948.83,1951.13,1016713,META
2023-07-25,1940.22,1947.47,1910.67,1931.49,1268549,META
2023-07-26,1963.83,1969.51,1947.2,1968.03,1133974,META
2023-07-27,1964.48,1980.4,1951.6,1965.16,1292695,META
2023-07-28,1941.0,1946.91,1932.15,1942.37,1521793,META
2023-07-29,1969.65,1975.93,1949.64,1963.66,1421538,META
2023-07-30,1955.61,1961.81,1932.48,1936.0,1216036,META
2023-07-31,1949.65,1954.83,1936.27,1940.04,664041,META
2023-08-01,1957.54,1957.94,1923.2,1942.83,814518,META
2023-08-02,1988.71,1991.93,1975.21,1982.76,1094971,META
2023-08-03,1999.13,2008.07,1990.22,2002.36,602891,META
2023-08-04,2000.2,2008.24,1996.39,2004.68,2144368,META
2023-08-05,2020.84,2044.31,1997.98,2036.5,1465407,META
2023-08-06,2093.89,2098.53,2085.87,2089.17,3154080,META
2023-08-07,2105.06,2114.75,2103.36,2112.85,2049363,META
2023-08-08,2116.22,2125.74,2106.83,2116.6,1507414,META
2023-08-09,2066.23,2083.2,2063.98,2071.51,1809967,META
2023-08-10,2039.68,2042.0,2027.04,2036.3,2482881,META
2023-08-11,2021.41,2036.78,2016.96,2028.71,1047101,META
2023-08-12,2015.2,2020.55,1997.13,2010.36,1504803,META
2023-08-13,1997.3,2025.46,1980.43,2007.01,1267076,META
2023-08-14,1992.19,2018.94,1971.54,2012.2,1418951,META
2023-08-15,2042.76,2059.64,2014.27,2034.02,1461603,META
2023-08-16,2031.25,2035.6,2024.24,2034.76,1522626,META
2023-08-17,2080.03,2089.16,2038.91,2055.29,2079026,META
2023-08-18,2059.91,2065.94,2059.32,2060.88,3122027,META
2023-08-19,1998.46,2003.95,1988.51,1993.11,1124496,META
2023-08-20,1957.12,1968.74,1955.58,1963.61,814483,META
2023-08-21,1941.67,1980.64,1922.85,1961.8,1047105,META
2023-08-22,1914.36,1930.8,1908.52,1923.51,2042943,META
2023-08-23,1954.64,1959.94,1940.86,1946.72,1240067,META
2023-08-24,1988.73,2013.5,1976.67,2001.85,656617,META
2023-08-25,2055.24,2079.67,2026.91,2047.64,1631794,META
2023-08-26,2038.25,2052.63,2024.67,2043.28,1089941,META
2023-08-27,2098.74,2116.73,2094.51,2099.71,1037778,META
2023-08-28,2115.11,2125.42,2082.41,2108.51,1153691,META
2023-08-29,2093.03,2103.59,2092.06,2099.47,852800,META
2023-08-30,2101.21,2119.06,2065.78,2080.34,1116037,META
2023-08-31,2092.44,2104.1,2056.84,2072.68,1762607,META
2023-09-01,2062.64,2086.58,2044.59,2061.94,3487536,META
2023-09-02,2063.97,2073.78,2049.66,2071.37,2966289,META
2023-09-03,2082.76,2087.14,2072.49,2080.48,573694,META
2023-09-04,2082.1,2085.35,2080.34,2083.92,1266437,META
2023-09-05,2110.35,2114.13,2095.1,2103.14,1945500,META
2023-09-06,2149.91,2154.87,2142.07,2150.21,2041854,META
2023-09-07,2188.31,2196.74,2184.93,2189.28,1045811,META
2023-09-08,2127.41,2148.97,2121.5,2136.03,943638,META
2023-09-09,2063.65,2067.79,2020.68,2044.21,2552718,META
2023-09-10,2067.72,2099.18,2042.94,2080.82,2256193,META
2023-09-11,2030.28,2035.99,2030.04,2034.49,889849,META
2023-09-12,2014.37,2034.97,2009.05,2029.75,1579047,META
2023-09-13,1984.91,1992.49,1979.3,1991.54,1411402,META
2023-09-14,1927.87,1940.76,1920.62,1932.07,1194470,META
2023-09-15,1932.81,1966.98,1924.81,1953.42,1839916,META
2023-09-16,1983.43,1984.42,1979.38,1982.42,1497206,META
2023-09-17,1955.64,1967.74,1952.06,1965.64,694354,META
2023-09-18,1878.58,1884.46,1874.23,1879.87,575863,META
2023-09-19,1862.06,1866.27,1861.32,1864.94,1983359,META
2023-09-20,1895.01,1906.83,1868.96,1880.68,905085,META
2023-09-21,1819.64,1852.27,1813.43,1835.13,1641086,META
2023-09-22,1850.23,1852.15,1837.11,1843.93,1361594,META
2023-09-23,1855.27,1857.81,1839.29,1846.38,3764982,META
2023-09-24,1876.29,1886.52,1861.01,1868.0,996243,META
2023-09-25,1872.86,1874.9,1872.44,1874.88,1551763,META
2023-09-26,1862.14,1871.69,1834.29,1846.03,1694642,META
2023-09-27,1909.9,1930.37,1880.71,1887.54,1097853,META
2023-09-28,1902.37,1906.24,1871.28,1885.33,1281394,META
2023-09-29,1877.66,1896.22,1860.61,1887.44,944513,META
2023-09-30,1860.21,1865.31,1848.0,1859.7,976196,META
2023-10-01,1856.36,1865.67,1846.31,1848.28,1084986,META
2023-10-02,1826.83,1831.9,1821.86,1822.68,1449747,META
2023-10-03,1814.87,1825.03,1809.64,1820.09,1835468,META
2023-10-04,1883.32,1889.64,1874.54,1877.38,596381,META
2023-10-05,1832.92,1836.12,1825.94,1835.42,1733646,META
2023-10-06,1786.75,1792.89,1780.7,1786.65,1396991,META
2023-10-07,1838.14,1848.08,1823.44,1835.39,1724810,META
2023-10-08,1832.77,1834.92,1827.63,1831.61,682480,META
2023-10-09,1813.94,1834.21,1793.4,1813.14,628702,META
2023-10-10,1830.99,1851.88,1818.23,1848.95,1004886,META
2023-10-11,1824.69,1836.17,1816.45,1832.36,713089,META
2023-10-12,1914.09,1930.48,1874.23,1893.69,886990,META
2023-10-13,1919.18,1924.67,1914.84,1919.13,973580,META
2023-10-14,1900.59,1909.66,1898.14,1905.84,2319628,META
2023-10-15,1995.18,2006.06,1973.71,1980.66,1594489,META
2023-10-16,1942.34,1985.14,1934.14,1962.88,1219519,META
2023-10-17,2001.25,2019.02,1971.75,1991.44,456378,META
2023-10-18,2004.64,2015.46,1997.31,2005.02,2494201,META
2023-10-19,2050.28,2067.07,2044.59,2053.79,366200,META
2023-10-20,2143.96,2158.25,2108.58,2113.05,767025,META
2023-10-21,2130.28,2135.59,2108.98,2117.6,1373106,META
2023-10-22,2100.55,2112.0,2089.15,2093.13,3159847,META
2023-10-23,2109.79,2120.47,2101.27,2113.28,1315375,META
2023-10-24,2072.91,2105.6,2067.26,2091.66,781415,META
2023-10-25,2189.58,2190.05,2149.41,2168.51,575027,META
2023-10-26,2169.06,2198.03,2154.82,2177.14,2242641,META
2023-10-27,2176.39,2177.42,2156.12,2166.73,741083,META
2023-10-28,2178.82,2181.31,2176.49,2177.18,2384085,META
2023-10-29,2126.04,2141.01,2112.94,2129.45,1336557,META
2023-10-30,2094.16,2097.16,2086.06,2096.74,1023745,META
2023-10-31,2134.72,2145.72,2128.39,2144.02,1252196,META
2023-11-01,2116.52,2139.91,2107.48,2122.86,1615293,META
2023-11-02,2082.43,2089.52,2081.39,2087.45,1248155,META
2023-11-03,2132.56,2153.32,2104.75,2110.34,358782,META
2023-11-04,2174.71,2174.87,2156.82,2157.39,1518617,META
2023-11-05,2186.57,2196.21,2176.97,2187.91,271602,META
2023-11-06,2241.35,2261.47,2214.5,2229.45,939848,META
2023-11-07,2203.17,2215.31,2181.46,2203.55,539182,META
2023-11-08,2147.52,2164.71,2143.91,2152.38,615764,META
2023-11-09,2218.25,2221.98,2209.41,2212.23,596296,META
2023-11-10,2203.9,2206.55,2200.81,2203.3,659004,META
2023-11-11,2201.45,2206.58,2196.77,2197.17,902026,META
2023-11-12,2259.56,2260.12,2244.79,2251.62,622824,META
2023-11-13,2275.16,2298.76,2261.57,2277.08,1047484,META
2023-11-14,2313.74,2327.59,2290.96,2298.83,636851,META
2023-11-15,2390.73,2393.88,2382.23,2389.38,195350,META
2023-11-16,2385.98,2417.39,2334.51,2366.36,374260,META
2023-11-17,2405.14,2420.69,2394.28,2408.46,523955,META
2023-11-18,2416.61,2419.46,2408.08,2414.71,551277,META
2023-11-19,2440.22,2443.48,2427.5,2429.88,487122,META
2023-11-20,2472.07,2506.66,2462.28,2498.6,578846,META
2023-11-21,2532.23,2538.73,2517.14,2524.73,945980,META
2023-11-22,2552.63,2573.78,2550.11,2552.49,744036,META
2023-11-23,2582.12,2606.92,2580.26,2604.35,1365559,META
2023-11-24,2587.98,2598.06,2586.13,2591.92,647139,META
2023-11-25,2551.97,2575.94,2545.77,2558.09,425610,META
2023-11-26,2508.15,2520.57,2507.0,2515.52,767444,META
2023-11-27,2430.5,2445.81,2418.66,2433.19,740555,META
2023-11-28,2505.76,2532.64,2486.0,2524.41,1172201,META
2023-11-29,2480.29,2485.08,2468.33,2479.82,590136,META
2023-11-30,2491.02,2502.2,2460.88,2474.2,1288141,META
2023-12-01,2476.44,2499.26,2454.31,2466.2,371119,META
2023-12-02,2474.56,2487.82,2462.6,2483.37,602198,META
2023-12-03,2538.11,2556.02,2516.19,2522.7,768708,META
2023-12-04,2569.85,2573.99,2554.2,2564.62,2438847,META
2023-12-05,2538.86,2543.67,2532.48,2542.61,1080671,META
2023-12-06,2527.07,2541.02,2525.48,2539.25,348744,META
2023-12-07,2590.53,2600.0,2552.22,2555.83,983687,META
2023-12-08,2525.92,2569.89,2518.87,2548.82,1620624,META
2023-12-09,2635.16,2650.53,2622.17,2624.4,549032,META
2023-12-10,2626.27,2672.33,2606.99,2651.09,849006,META
2023-12-11,2696.69,2700.61,2673.46,2689.33,2210324,META
2023-12-12,2727.06,2741.78,2709.12,2724.74,1805269,META
2023-12-13,2787.62,2798.54,2771.63,2784.91,506704,META
2023-12-14,2792.45,2800.14,2789.72,2798.15,520153,META
2023-12-15,2747.55,2778.38,2708.27,2739.28,1513074,META
2023-12-16,2764.58,2779.91,2747.33,2762.76,1287886,META
2023-12-17,2738.78,2744.82,2731.55,2735.76,389592,META
2023-12-18,2719.09,2740.32,2697.72,2714.88,983695,META
2023-12-19,2759.21,2771.07,2743.1,2747.01,1591438,META
2023-12-20,2806.25,2813.21,2802.65,2810.77,2693054,META
2023-12-21,2799.49,2834.39,2785.98,2816.3,447537,META
2023-12-22,2837.32,2840.15,2830.75,2835.98,507611,META
2023-12-23,2921.47,2929.74,2898.12,2924.78,1692181,META
2023-12-24,2938.19,2944.09,2926.67,2941.74,421060,META
2023-12-25,3091.7,3094.99,3076.36,3080.04,679957,META
2023-12-26,3112.59,3123.05,3086.68,3115.37,664911,META
2023-12-27,3041.24,3070.15,3018.02,3024.58,506106,META
2023-12-28,3061.42,3074.16,3058.53,3069.19,488558,META
2023-12-29,3107.18,3125.68,3083.06,3094.51,444490,META
2023-12-30,3145.43,3172.04,3121.99,3169.12,622610,META
2023-12-31,3235.09,3271.83,3171.5,3211.42,565104,META
2024-01-01,3208.65,3218.44,3194.55,3208.79,501384,META
2024-01-02,3123.36,3155.26,3114.68,3145.34,331730,META
2024-01-03,3155.67,3164.69,3138.32,3138.88,1712734,META
2024-01-04,3091.69,3131.9,3058.09,3097.29,953991,META
2024-01-05,3061.19,3078.82,3047.89,3070.85,853096,META
2024-01-06,3117.69,3143.38,3099.58,3107.3,1181738,META
2024-01-07,3186.7,3218.8,3176.4,3202.84,454474,META
2024-01-08,3254.66,3261.97,3222.5,3230.02,751441,META
2024-01-09,3172.66,3197.19,3167.7,3167.75,1590601,META
2024-01-10,3204.47,3204.52,3167.42,3197.39,1545783,META
2024-01-11,3268.09,3274.87,3258.46,3269.29,667687,META
2024-01-12,3219.09,3242.93,3207.98,3239.71,1166294,META
2024-01-13,3229.34,3248.13,3219.19,3237.3,738516,META
2024-01-14,3215.27,3254.13,3171.52,3243.3,1006621,META
2024-01-15,3197.72,3218.28,3174.13,3204.04,833723,META
2024-01-16,3218.6,3259.0,3217.87,3245.41,233205,META
2024-01-17,3219.9,3280.12,3205.45,3243.74,1814871,META
2024-01-18,3307.3,3344.05,3270.16,3272.68,1087414,META
2024-01-19,3232.55,3234.43,3225.98,3227.2,550470,META
2024-01-20,3233.43,3233.65,3184.34,3207.71,699237,META
2024-01-21,3251.57,3260.8,3245.76,3253.28,767054,META
2024-01-22,3231.41,3255.25,3229.44,3237.3,1266619,META
2024-01-23,3385.71,3412.44,3317.66,3340.07,1472166,META
2024-01-24,3320.24,3322.67,3317.75,3322.1,1433491,META
2024-01-25,3347.8,3377.29,3330.77,3340.43,1243965,META
2024-01-26,3407.61,3409.69,3393.02,3400.15,476018,META
2024-01-27,3344.25,3358.08,3294.82,3321.39,1206404,META
2024-01-28,3199.91,3232.61,3177.64,3224.6,1052228,META
2024-01-29,3160.6,3168.56,3138.17,3143.87,795997,META
2024-01-30,3227.81,3237.85,3211.06,3218.18,807481,META
2024-01-31,3186.65,3205.68,3175.43,3192.32,1357981,META
2024-02-01,3317.12,3351.8,3310.5,3339.97,1282152,META
2024-02-02,3311.53,3312.63,3300.68,3312.41,872497,META
2024-02-03,3320.97,3333.35,3319.38,3328.37,335428,META
2024-02-04,3414.02,3425.09,3391.8,3423.28,372114,META
2024-02-05,3527.31,3555.43,3524.84,3548.63,422925,META
2024-02-06,3673.72,3693.04,3656.06,3682.0,876706,META
2024-02-07,3782.1,3783.79,3760.66,3765.54,1121099,META
2024-02-08,3835.83,3860.08,3830.56,3838.87,1307613,META
2020-01-01,76.22,76.67,75.55,75.84,1137348,NVDA
2020-01-02,76.98,77.19,76.41,76.64,639678,NVDA
2020-01-03,76.52,77.23,76.08,76.37,839953,NVDA
2020-01-04,77.86,78.09,77.22,77.43,782480,NVDA
2020-01-05,80.37,81.27,79.97,80.0,1581651,NVDA
2020-01-06,79.25,80.57,78.35,79.56,843765,NVDA
2020-01-07,78.77,79.31,78.75,79.12,1340223,NVDA
2020-01-08,82.37,82.49,80.89,81.84,2874510,NVDA
2020-01-09,83.49,83.69,83.18,83.19,1992071,NVDA
2020-01-10,82.01,82.34,81.69,82.3,856428,NVDA
2020-01-11,83.21,83.47,82.92,83.25,903206,NVDA
2020-01-12,82.55,82.76,82.07,82.37,1357683,NVDA
2020-01-13,81.83,82.34,80.88,81.49,472556,NVDA
2020-01-14,81.52,81.94,81.18,81.89,711919,NVDA
2020-01-15,78.3,78.66,77.97,78.4,1410764,NVDA
2020-01-16,75.73,76.2,75.29,75.39,1042732,NVDA
2020-01-17,73.99,74.79,73.62,74.42,2938191,NVDA
2020-01-18,72.84,73.13,72.4,72.73,824585,NVDA
2020-01-19,74.04,74.12,72.35,73.21,669612,NVDA
2020-01-20,71.66,72.22,70.82,71.71,728668,NVDA
2020-01-21,68.68,69.94,67.92,69.45,1151531,NVDA
2020-01-22,72.04,72.51,71.31,71.67,1061143,NVDA
2020-01-23,71.71,72.39,70.98,71.28,3527248,NVDA
2020-01-24,71.18,71.49,71.15,71.36,952411,NVDA
2020-01-25,68.72,70.02,68.29,69.09,1201255,NVDA
2020-01-26,67.8,68.24,67.49,68.23,1828441,NVDA
2020-01-27,67.82,68.43,67.28,68.37,1119062,NVDA
2020-01-28,66.25,67.1,66.17,66.61,1567171,NVDA
2020-01-29,67.01,67.54,66.88,67.13,1453227,NVDA
2020-01-30,66.07,66.53,65.95,66.22,1821532,NVDA
2020-01-31,66.05,66.27,65.55,65.77,595563,NVDA
2020-02-01,64.85,65.26,64.58,64.87,1811414,NVDA
2020-02-02,67.29,68.0,67.02,67.49,1133607,NVDA
2020-02-03,67.56,67.69,67.23,67.45,1339599,NVDA
2020-02-04,66.46,66.91,65.27,65.85,1009604,NVDA
2020-02-05,67.29,67.62,66.8,67.01,2819012,NVDA
2020-02-06,65.29,65.49,65.06,65.18,443601,NVDA
2020-02-07,64.62,66.06,64.17,65.46,2494469,NVDA
2020-02-08,63.16,63.6,62.2,62.6,885583,NVDA
2020-02-09,60.59,61.08,60.49,60.74,2680308,NVDA
2020-02-10,61.81,62.27,60.85,60.98,2305635,NVDA
2020-02-11,61.74,62.42,61.69,61.95,2086350,NVDA
2020-02-12,62.25,62.5,62.04,62.16,1906032,NVDA
2020-02-13,61.54,62.59,61.52,61.98,3923583,NVDA
2020-02-14,61.71,62.04,61.46,61.54,940958,NVDA
2020-02-15,59.09,59.55,58.65,59.51,949909,NVDA
2020-02-16,58.55,58.68,58.45,58.54,917396,NVDA
2020-02-17,57.98,58.47,57.53,57.92,2027192,NVDA
2020-02-18,59.46,60.17,58.96,59.25,668113,NVDA
2020-02-19,59.83,59.87,59.55,59.68,2125342,NVDA
2020-02-20,57.56,57.89,57.28,57.33,1111882,NVDA
2020-02-21,57.68,57.78,57.24,57.72,754426,NVDA
2020-02-22,57.54,57.74,56.86,57.21,751939,NVDA
2020-02-23,56.44,56.85,56.28,56.33,866594,NVDA
2020-02-24,57.46,57.88,56.82,57.07,614799,NVDA
2020-02-25,58.38,58.7,58.12,58.34,1673375,NVDA
2020-02-26,60.0,60.31,59.19,59.52,1983271,NVDA
2020-02-27,58.43,58.55,58.16,58.39,2094092,NVDA
2020-02-28,57.38,58.27,57.09,57.97,948692,NVDA
2020-02-29,58.53,58.73,58.1,58.37,1514646,NVDA
2020-03-01,59.33,59.77,59.14,59.61,1302547,NVDA
2020-03-02,59.67,60.4,58.29,58.95,1836466,NVDA
2020-03-03,58.82,59.2,58.33,58.69,1623726,NVDA
2020-03-04,57.1,57.52,56.98,57.23,1360026,NVDA
2020-03-05,55.79,55.96,55.57,55.7,513308,NVDA
2020-03-06,56.9,57.28,56.58,56.67,1195766,NVDA
2020-03-07,58.19,58.86,57.67,58.35,1373218,NVDA
2020-03-08,58.28,58.41,57.75,58.23,917438,NVDA
2020-03-09,58.76,59.53,58.67,59.5,1134263,NVDA
2020-03-10,59.2,60.2,58.75,59.95,677172,NVDA
2020-03-11,58.91,59.28,58.28,59.07,1103293,NVDA
2020-03-12,59.19,59.59,58.96,59.52,1666478,NVDA
2020-03-13,61.62,61.95,61.45,61.51,3673303,NVDA
2020-03-14,61.46,61.74,61.2,61.44,777904,NVDA
2020-03-15,63.62,63.95,63.18,63.54,1273430,NVDA
2020-03-16,60.47,61.15,59.39,59.84,795586,NVDA
2020-03-17,60.58,61.4,60.42,60.9,1226287,NVDA
2020-03-18,61.16,61.46,60.91,60.99,1146235,NVDA
2020-03-19,61.03,61.12,60.17,60.57,1940080,NVDA
2020-03-20,60.46,60.67,60.3,60.67,2077441,NVDA
2020-03-21,57.9,58.33,57.77,57.98,1381459,NVDA
2020-03-22,57.46,57.72,57.12,57.68,1199613,NVDA
2020-03-23,58.12,58.46,58.1,58.11,2292987,NVDA
2020-03-24,59.76,60.33,59.39,59.98,1382308,NVDA
2020-03-25,58.98,59.54,58.33,59.27,2689028,NVDA
2020-03-26,57.96,58.72,57.48,58.19,554829,NVDA
2020-03-27,56.95,57.78,56.42,57.53,3051807,NVDA
2020-03-28,58.68,58.74,58.55,58.66,916288,NVDA
2020-03-29,59.65,59.91,58.82,59.07,722379,NVDA
2020-03-30,58.18,58.4,58.11,58.35,1211719,NVDA
2020-03-31,59.11,59.4,58.76,58.99,689943,NVDA
2020-04-01,58.69,59.34,58.37,59.09,1634492,NVDA
2020-04-02,60.57,60.83,59.93,60.33,971965,NVDA
2020-04-03,58.92,59.51,58.56,59.37,1408406,NVDA
2020-04-04,58.38,59.62,58.18,58.92,745184,NVDA
2020-04-05,58.88,59.36,58.24,58.39,1082166,NVDA
2020-04-06,56.34,56.94,55.68,56.48,1263844,NVDA
2020-04-07,57.43,58.08,56.39,56.83,1090769,NVDA
2020-04-08,57.65,58.32,56.4,57.13,2643582,NVDA
2020-04-09,56.79,57.47,56.12,57.11,1591018,NVDA
2020-04-10,56.66,56.93,56.36,56.8,1307764,NVDA
2020-04-11,55.27,55.46,54.96,55.0,464456,NVDA
2020-04-12,54.58,55.1,54.32,54.47,1412328,NVDA
2020-04-13,53.5,54.59,53.19,54.04,2157327,NVDA
2020-04-14,53.37,53.41,52.91,53.06,819019,NVDA
2020-04-15,52.92,53.19,52.63,52.85,1041419,NVDA
2020-04-16,52.92,53.33,52.62,53.3,251881,NVDA
2020-04-17,55.41,55.54,54.61,55.49,609851,NVDA
2020-04-18,55.84,56.02,55.51,55.69,398656,NVDA
2020-04-19,56.4,56.82,55.69,55.98,1183419,NVDA
2020-04-20,56.31,57.06,55.79,55.87,1035732,NVDA
2020-04-21,53.9,53.9,53.15,53.48,1052421,NVDA
2020-04-22,53.41,53.91,53.29,53.43,886210,NVDA
2020-04-23,53.15,54.06,52.82,53.48,1823615,NVDA
2020-04-24,56.5,56.59,56.29,56.36,587623,NVDA
2020-04-25,56.54,57.05,55.63,56.1,1041912,NVDA
2020-04-26,56.06,56.86,55.61,56.45,1447170,NVDA
2020-04-27,55.78,56.46,55.41,56.39,975237,NVDA
2020-04-28,55.34,55.45,54.4,54.91,1012423,NVDA
2020-04-29,56.37,56.46,56.23,56.27,696451,NVDA
2020-04-30,57.29,57.45,57.12,57.18,883607,NVDA
2020-05-01,58.18,58.64,58.03,58.16,1485571,NVDA
2020-05-02,56.93,57.07,56.72,56.97,375199,NVDA
2020-05-03,59.09,59.59,58.4,58.71,944742,NVDA
2020-05-04,56.57,56.88,56.44,56.87,757854,NVDA
2020-05-05,57.51,57.65,57.48,57.58,972678,NVDA
2020-05-06,59.78,60.35,59.65,60.34,2426841,NVDA
2020-05-07,58.86,59.33,58.35,59.0,793880,NVDA
2020-05-08,57.78,58.76,57.6,58.24,2074293,NVDA
2020-05-09,58.15,58.8,58.02,58.34,1694656,NVDA
2020-05-10,57.62,57.67,57.52,57.67,984740,NVDA
2020-05-11,55.42,55.7,55.39,55.68,1005551,NVDA
2020-05-12,56.0,56.26,55.65,55.74,1045896,NVDA
2020-05-13,54.52,54.86,53.87,54.41,627453,NVDA
2020-05-14,54.82,55.11,54.48,54.96,1286770,NVDA
2020-05-15,53.62,53.9,53.61,53.82,686988,NVDA
2020-05-16,55.47,55.78,55.05,55.64,942669,NVDA
2020-05-17,54.81,54.98,54.3,54.66,306442,NVDA
2020-05-18,54.32,54.34,54.19,54.25,592014,NVDA
2020-05-19,55.52,55.85,54.98,55.2,1181903,NVDA
2020-05-20,53.73,53.91,53.64,53.68,511712,NVDA
2020-05-21,54.4,54.9,53.6,53.93,1052212,NVDA
2020-05-22,54.9,55.6,54.25,55.46,685563,NVDA
2020-05-23,53.66,53.89,53.23,53.47,1438191,NVDA
2020-05-24,53.75,54.39,53.23,53.67,1631533,NVDA
2020-05-25,53.4,54.28,53.19,53.96,943301,NVDA
2020-05-26,54.14,55.2,53.85,54.86,850180,NVDA
2020-05-27,53.53,53.91,53.26,53.35,867360,NVDA
2020-05-28,52.05,52.24,51.33,51.77,834572,NVDA
2020-05-29,52.33,52.45,52.17,52.35,1519192,NVDA
2020-05-30,52.89,52.95,52.3,52.67,2907552,NVDA
2020-05-31,53.0,53.17,52.81,52.94,423478,NVDA
2020-06-01,53.53,53.6,53.21,53.32,489691,NVDA
2020-06-02,53.01,53.68,51.8,52.5,1607215,NVDA
2020-06-03,52.76,52.79,52.5,52.75,455952,NVDA
2020-06-04,53.23,53.46,52.78,53.07,403616,NVDA
2020-06-05,52.23,52.32,52.17,52.21,2292091,NVDA
2020-06-06,54.51,54.56,54.28,54.34,689222,NVDA
2020-06-07,54.81,55.05,54.58,54.89,692921,NVDA
2020-06-08,53.35,53.67,53.28,53.42,604853,NVDA
2020-06-09,54.21,54.38,54.03,54.17,1036513,NVDA
2020-06-10,52.95,53.58,52.65,52.99,437065,NVDA
2020-06-11,53.48,54.42,52.94,53.89,1858749,NVDA
2020-06-12,56.0,56.71,54.63,55.24,1108732,NVDA
2020-06-13,54.35,54.84,54.11,54.22,737078,NVDA
2020-06-14,55.31,55.56,55.11,55.35,570808,NVDA
2020-06-15,55.8,56.02,55.47,55.83,789595,NVDA
2020-06-16,57.38,57.53,56.35,56.82,1253936,NVDA
2020-06-17,58.55,59.57,57.88,59.18,2739775,NVDA
2020-06-18,59.44,59.56,58.35,58.83,1566092,NVDA
2020-06-19,58.01,58.05,57.77,57.83,1216398,NVDA
2020-06-20,56.75,56.79,56.6,56.68,745585,NVDA
2020-06-21,55.41,55.85,55.21,55.63,1345548,NVDA
2020-06-22,55.58,55.72,55.44,55.52,608486,NVDA
2020-06-23,56.27,56.46,55.57,55.91,850834,NVDA
2020-06-24,56.55,56.89,56.06,56.23,1289417,NVDA
2020-06-25,57.0,57.4,56.87,57.24,969265,NVDA
2020-06-26,57.05,57.25,56.93,57.23,511626,NVDA
2020-06-27,59.1,59.56,58.86,59.04,330492,NVDA
2020-06-28,58.72,58.89,58.65,58.67,911411,NVDA
2020-06-29,62.28,62.3,62.09,62.17,756790,NVDA
2020-06-30,62.94,63.15,62.5,63.0,1123873,NVDA
2020-07-01,62.42,63.04,61.7,61.79,725248,NVDA
2020-07-02,60.02,60.7,59.82,60.3,581763,NVDA
2020-07-03,60.76,60.94,60.76,60.92,1189605,NVDA
2020-07-04,60.63,60.94,60.3,60.6,1154432,NVDA
2020-07-05,60.94,61.95,60.94,61.53,244125,NVDA
2020-07-06,61.99,62.4,61.66,62.14,327685,NVDA
2020-07-07,62.23,62.31,61.74,62.02,747049,NVDA
2020-07-08,60.98,61.19,60.38,60.84,677535,NVDA
2020-07-09,58.67,58.84,58.58,58.78,637606,NVDA
2020-07-10,58.31,58.4,57.72,58.18,1057411,NVDA
2020-07-11,59.47,59.83,59.08,59.25,1919897,NVDA
2020-07-12,59.54,59.54,59.44,59.51,418837,NVDA
2020-07-13,57.63,57.9,57.35,57.85,679014,NVDA
2020-07-14,57.92,58.57,57.85,58.05,694481,NVDA
2020-07-15,58.78,59.12,58.38,58.52,780720,NVDA
2020-07-16,57.21,57.52,57.21,57.36,382880,NVDA
2020-07-17,58.04,58.05,57.45,57.53,893800,NVDA
2020-07-18,57.93,57.96,57.49,57.58,722412,NVDA
2020-07-19,56.52,57.03,55.92,56.1,1971246,NVDA
2020-07-20,55.99,56.86,55.4,56.52,864669,NVDA
2020-07-21,57.09,57.76,56.58,57.2,504157,NVDA
2020-07-22,58.17,59.13,57.93,58.54,339685,NVDA
2020-07-23,60.0,60.13,59.61,59.88,686291,NVDA
2020-07-24,58.16,58.4,57.94,58.04,497380,NVDA
2020-07-25,56.52,57.06,56.45,56.82,587848,NVDA
2020-07-26,57.77,58.14,57.31,57.44,867375,NVDA
2020-07-27,57.81,58.4,57.27,58.07,824442,NVDA
2020-07-28,58.24,59.07,58.08,58.7,811516,NVDA
2020-07-29,63.33,63.77,62.99,63.67,1484808,NVDA
2020-07-30,65.16,65.52,63.7,64.44,912361,NVDA
2020-07-31,66.02,66.21,65.82,66.03,2904837,NVDA
2020-08-01,67.02,67.65,66.68,67.4,815314,NVDA
2020-08-02,68.64,69.26,67.46,68.34,617171,NVDA
2020-08-03,67.85,67.85,67.73,67.83,359927,NVDA
2020-08-04,68.93,69.02,68.9,68.94,396739,NVDA
2020-08-05,67.98,68.12,67.52,67.74,1212016,NVDA
2020-08-06,67.08,67.62,66.74,67.36,1072142,NVDA
2020-08-07,67.41,68.04,65.91,66.61,745871,NVDA
2020-08-08,66.27,67.28,65.85,66.71,701906,NVDA
2020-08-09,70.24,70.36,69.95,70.09,507197,NVDA
2020-08-10,67.15,67.3,67.03,67.17,732417,NVDA
2020-08-11,68.03,68.22,67.96,68.16,852541,NVDA
2020-08-12,66.01,66.02,65.4,65.71,294324,NVDA
2020-08-13,64.85,65.09,64.68,65.0,1168259,NVDA
2020-08-14,66.99,67.11,66.19,66.53,297165,NVDA
2020-08-15,67.04,67.81,66.19,66.6,976254,NVDA
2020-08-16,64.4,65.4,64.34,64.99,812637,NVDA
2020-08-17,64.04,64.76,63.7,63.94,968882,NVDA
2020-08-18,64.88,65.07,64.48,64.88,609959,NVDA
2020-08-19,64.42,64.6,63.37,63.8,1982225,NVDA
2020-08-20,63.92,64.29,63.91,64.08,1226510,NVDA
2020-08-21,64.34,64.57,64.01,64.12,1185928,NVDA
2020-08-22,63.76,63.82,63.09,63.18,795392,NVDA
2020-08-23,65.69,66.35,65.2,66.14,844242,NVDA
2020-08-24,67.29,67.31,66.59,67.04,1375683,NVDA
2020-08-25,64.06,64.53,63.42,64.02,1707547,NVDA
2020-08-26,64.25,64.29,64.07,64.25,1807287,NVDA
2020-08-27,63.38,63.45,63.21,63.29,883717,NVDA
2020-08-28,64.44,64.52,64.17,64.46,937786,NVDA
2020-08-29,63.34,63.62,63.17,63.3,1084150,NVDA
2020-08-30,63.09,63.48,62.98,63.12,812368,NVDA
2020-08-31,63.4,64.07,63.15,63.8,654606,NVDA
2020-09-01,65.18,65.75,64.29,64.99,1022188,NVDA
2020-09-02,63.11,63.42,62.97,63.24,1201007,NVDA
2020-09-03,62.44,63.1,62.31,62.75,1241237,NVDA
2020-09-04,62.04,62.14,61.87,62.07,927015,NVDA
2020-09-05,61.58,62.24,60.57,61.15,698133,NVDA
2020-09-06,63.36,63.53,63.22,63.51,1254778,NVDA
2020-09-07,64.09,64.19,63.82,64.05,1203738,NVDA
2020-09-08,62.14,62.33,61.87,62.24,626860,NVDA
2020-09-09,63.04,63.52,62.63,63.48,1607073,NVDA
2020-09-10,66.8,66.85,65.86,66.42,1473095,NVDA
2020-09-11,68.25,68.59,67.65,67.91,993928,NVDA
2020-09-12,66.36,66.82,65.2,65.61,546102,NVDA
2020-09-13,64.8,64.89,64.35,64.88,561223,NVDA
2020-09-14,66.76,66.98,66.55,66.67,1288980,NVDA
2020-09-15,65.36,65.94,65.29,65.6,803337,NVDA
2020-09-16,66.34,66.5,66.12,66.22,917346,NVDA
2020-09-17,67.28,68.22,66.53,67.32,602480,NVDA
2020-09-18,66.19,66.41,65.61,65.92,1610029,NVDA
2020-09-19,66.13,66.31,65.36,65.81,417079,NVDA
2020-09-20,61.05,61.14,60.78,61.07,1055785,NVDA
2020-09-21,59.5,59.84,59.49,59.67,1299956,NVDA
2020-09-22,59.79,60.22,58.82,59.31,1487684,NVDA
2020-09-23,57.7,57.8,57.56,57.66,1403266,NVDA
2020-09-24,59.94,60.12,59.68,59.71,603044,NVDA
2020-09-25,57.47,58.28,57.18,57.8,908445,NVDA
2020-09-26,57.14,57.62,57.13,57.22,774204,NVDA
2020-09-27,57.74,58.18,56.74,57.36,628961,NVDA
2020-09-28,59.2,59.43,58.42,59.16,471486,NVDA
2020-09-29,57.41,57.67,57.22,57.27,1452610,NVDA
2020-09-30,58.66,58.79,58.49,58.71,2074160,NVDA
2020-10-01,58.98,59.34,58.47,58.7,869036,NVDA
2020-10-02,57.09,57.49,56.62,57.41,1705893,NVDA
2020-10-03,57.78,58.12,57.64,57.97,1528752,NVDA
2020-10-04,57.99,58.38,57.76,58.2,747719,NVDA
2020-10-05,57.27,57.45,57.17,57.41,1115430,NVDA
2020-10-06,57.48,57.64,57.47,57.47,1211969,NVDA
2020-10-07,56.7,57.05,56.5,56.96,1726183,NVDA
2020-10-08,56.8,57.32,56.65,57.08,1266089,NVDA
2020-10-09,57.87,57.91,57.72,57.89,503704,NVDA
2020-10-10,59.6,60.29,59.4,59.9,3021126,NVDA
2020-10-11,58.13,58.69,57.69,58.24,1475580,NVDA
2020-10-12,61.0,61.62,60.3,60.95,742056,NVDA
2020-10-13,58.41,58.61,58.2,58.31,567910,NVDA
2020-10-14,57.96,58.29,57.89,58.09,795418,NVDA
2020-10-15,58.62,59.19,58.42,58.82,1036050,NVDA
2020-10-16,59.18,59.21,58.99,59.16,882344,NVDA
2020-10-17,58.9,59.54,57.72,58.32,980538,NVDA
2020-10-18,58.52,58.59,57.34,58.03,749535,NVDA
2020-10-19,56.88,57.43,56.11,57.38,1652823,NVDA
2020-10-20,56.28,56.85,56.02,56.61,743582,NVDA
2020-10-21,58.01,58.39,57.4,57.65,1649377,NVDA
2020-10-22,58.47,58.93,57.63,58.08,1774050,NVDA
2020-10-23,57.67,58.19,56.96,57.17,597367,NVDA
2020-10-24,58.49,58.5,57.58,58.28,1003052,NVDA
2020-10-25,58.62,59.05,58.44,58.65,2006453,NVDA
2020-10-26,60.5,60.84,59.1,59.68,1381253,NVDA
2020-10-27,60.33,61.02,60.13,60.49,1972778,NVDA
2020-10-28,59.49,59.59,59.26,59.36,2203843,NVDA
2020-10-29,58.54,59.09,58.2,58.6,731113,NVDA
2020-10-30,59.58,59.77,59.16,59.54,1034528,NVDA
2020-10-31,60.1,60.32,60.02,60.32,1489380,NVDA
2020-11-01,60.07,60.92,59.83,60.27,1120051,NVDA
2020-11-02,59.78,60.71,59.38,60.4,1524478,NVDA
2020-11-03,61.85,62.26,61.82,62.08,2688187,NVDA
2020-11-04,60.39,61.99,60.09,61.24,1169148,NVDA
2020-11-05,62.52,63.0,61.49,61.96,1442297,NVDA
2020-11-06,61.5,61.72,61.42,61.66,1213951,NVDA
2020-11-07,62.09,62.77,60.95,61.34,462652,NVDA
2020-11-08,62.93,63.02,62.75,62.8,851011,NVDA
2020-11-09,64.05,64.24,63.82,63.92,1162713,NVDA
2020-11-10,65.22,65.68,64.87,65.04,1027638,NVDA
2020-11-11,66.08,67.59,65.36,66.88,1923588,NVDA
2020-11-12,66.2,67.24,65.4,66.89,2218922,NVDA
2020-11-13,67.5,67.99,67.33,67.87,913224,NVDA
2020-11-14,67.79,67.92,67.26,67.38,2202110,NVDA
2020-11-15,67.71,67.89,67.47,67.83,992759,NVDA
2020-11-16,67.88,68.04,67.29,67.61,1500445,NVDA
2020-11-17,67.59,67.86,67.51,67.73,1057175,NVDA
2020-11-18,68.79,69.0,68.49,68.59,656065,NVDA
2020-11-19,67.22,67.75,67.11,67.33,869291,NVDA
2020-11-20,70.32,70.65,70.15,70.41,562227,NVDA
2020-11-21,68.42,69.18,67.99,68.82,1922635,NVDA
2020-11-22,67.03,67.04,66.92,66.95,2528289,NVDA
2020-11-23,69.19,69.44,68.19,68.63,2015577,NVDA
2020-11-24,69.28,70.6,68.91,69.8,1095553,NVDA
2020-11-25,70.5,71.21,70.41,70.73,1812859,NVDA
2020-11-26,71.98,72.36,71.17,71.69,480099,NVDA
2020-11-27,71.71,71.97,71.43,71.64,2128830,NVDA
2020-11-28,71.02,71.61,69.38,70.19,3211533,NVDA
2020-11-29,70.5,70.52,70.12,70.28,1770245,NVDA
2020-11-30,69.24,69.6,68.85,69.2,981309,NVDA
2020-12-01,71.48,71.81,70.0,70.66,1915817,NVDA
2020-12-02,69.51,70.64,69.17,70.41,1294602,NVDA
2020-12-03,69.31,69.59,68.57,69.1,745456,NVDA
2020-12-04,68.51,69.32,68.45,68.58,634040,NVDA
2020-12-05,69.69,70.37,68.47,69.18,1110294,NVDA
2020-12-06,68.6,69.44,67.64,68.29,1256762,NVDA
2020-12-07,66.89,67.17,66.75,67.02,340940,NVDA
2020-12-08,66.99,67.91,66.36,67.36,5288172,NVDA
2020-12-09,67.99,68.04,67.5,67.7,984270,NVDA
2020-12-10,67.27,67.75,66.54,66.91,2341370,NVDA
2020-12-11,66.5,66.93,65.71,66.19,1234985,NVDA
2020-12-12,66.64,66.69,66.46,66.5,2288885,NVDA
2020-12-13,64.47,64.69,64.25,64.35,3662408,NVDA
2020-12-14,62.39,62.46,62.28,62.33,915327,NVDA
2020-12-15,60.97,61.49,60.84,61.32,1008698,NVDA
2020-12-16,60.73,61.25,60.36,61.0,1604871,NVDA
2020-12-17,61.38,61.63,61.18,61.4,1935849,NVDA
2020-12-18,63.52,63.87,63.06,63.37,1315571,NVDA
2020-12-19,64.56,64.7,64.47,64.54,1082146,NVDA
2020-12-20,64.33,64.72,64.11,64.29,580165,NVDA
2020-12-21,64.25,64.59,63.9,64.24,1214750,NVDA
2020-12-22,62.58,63.24,62.53,62.79,690953,NVDA
2020-12-23,62.88,63.41,62.4,62.74,1151054,NVDA
2020-12-24,61.99,62.96,61.83,62.32,2095930,NVDA
2020-12-25,62.79,62.95,62.67,62.74,1377358,NVDA
2020-12-26,61.61,61.75,61.47,61.57,1345263,NVDA
2020-12-27,62.24,62.5,61.94,62.25,517110,NVDA
2020-12-28,64.96,65.65,64.23,64.33,1418859,NVDA
2020-12-29,64.83,65.01,63.95,64.15,848486,NVDA
2020-12-30,64.69,65.05,64.54,64.69,416694,NVDA
2020-12-31,66.25,66.87,65.46,65.65,2122470,NVDA
2021-01-01,64.95,65.2,64.77,65.04,958034,NVDA
2021-01-02,65.51,65.93,64.88,65.34,1102834,NVDA
2021-01-03,64.97,65.86,64.65,65.33,1359840,NVDA
2021-01-04,65.35,65.59,65.34,65.45,2001431,NVDA
2021-01-05,64.24,64.92,63.71,64.3,726354,NVDA
2021-01-06,64.59,64.92,63.68,64.31,2181092,NVDA
2021-01-07,64.48,65.11,64.09,64.99,1021481,NVDA
2021-01-08,67.07,67.58,66.82,67.05,693692,NVDA
2021-01-09,68.09,68.45,67.63,68.44,1087803,NVDA
2021-01-10,71.78,72.03,71.6,71.66,743555,NVDA
2021-01-11,70.13,70.64,69.75,70.42,963997,NVDA
2021-01-12,72.23,72.76,71.35,71.75,2138100,NVDA
2021-01-13,71.46,72.41,71.1,72.01,388450,NVDA
2021-01-14,75.28,75.96,75.0,75.46,1025598,NVDA
2021-01-15,74.0,74.18,73.79,74.08,976698,NVDA
2021-01-16,72.06,73.23,71.95,72.68,834886,NVDA
2021-01-17,71.48,71.95,71.45,71.69,768430,NVDA
2021-01-18,67.85,68.61,67.65,68.31,1352823,NVDA
2021-01-19,67.36,67.6,67.25,67.49,705542,NVDA
2021-01-20,66.29,66.71,66.17,66.33,222943,NVDA
2021-01-21,66.18,66.55,66.09,66.52,442141,NVDA
2021-01-22,66.92,67.24,66.58,67.0,799282,NVDA
2021-01-23,70.14,71.02,69.28,69.75,1456126,NVDA
2021-01-24,71.61,71.82,71.04,71.18,1212117,NVDA
2021-01-25,70.3,70.64,69.78,70.25,309774,NVDA
2021-01-26,68.09,68.84,67.38,68.83,1192899,NVDA
2021-01-27,69.48,69.6,69.4,69.55,946977,NVDA
2021-01-28,66.63,68.42,66.21,67.49,683852,NVDA
2021-01-29,70.06,70.22,70.04,70.19,684554,NVDA
2021-01-30,72.03,72.59,71.83,71.99,1174931,NVDA
2021-01-31,71.22,71.44,70.98,71.22,1006291,NVDA
2021-02-01,68.74,68.96,68.46,68.5,520760,NVDA
2021-02-02,70.75,71.18,69.77,70.52,496905,NVDA
2021-02-03,70.44,70.49,70.14,70.31,898300,NVDA
2021-02-04,72.3,72.86,72.2,72.2,2129926,NVDA
2021-02-05,69.33,69.81,69.27,69.63,1415460,NVDA
2021-02-06,68.69,68.69,68.64,68.69,1118494,NVDA
2021-02-07,68.75,68.9,68.48,68.67,483720,NVDA
2021-02-08,68.95,69.17,68.21,68.71,544852,NVDA
2021-02-09,68.52,68.83,67.54,68.0,1131379,NVDA
2021-02-10,68.76,69.06,68.6,68.91,1204003,NVDA
2021-02-11,67.29,67.34,66.97,67.26,534847,NVDA
2021-02-12,67.24,67.28,66.75,67.02,731799,NVDA
2021-02-13,67.15,67.41,67.12,67.17,519837,NVDA
2021-02-14,67.5,68.63,66.82,67.91,587542,NVDA
2021-02-15,69.53,69.96,68.39,68.95,1289709,NVDA
2021-02-16,67.61,67.93,66.84,67.21,672645,NVDA
2021-02-17,64.91,65.53,64.33,64.91,483875,NVDA
2021-02-18,66.4,67.61,66.31,66.71,364288,NVDA
2021-02-19,67.05,67.49,66.81,67.17,706944,NVDA
2021-02-20,65.76,66.22,65.61,66.04,647865,NVDA
2021-02-21,68.57,69.41,68.09,68.27,1548816,NVDA
2021-02-22,68.55,69.11,67.87,68.42,488332,NVDA
2021-02-23,69.82,70.21,69.68,70.17,460900,NVDA
2021-02-24,69.71,70.62,69.63,70.25,1012553,NVDA
2021-02-25,73.39,73.46,73.33,73.41,821328,NVDA
2021-02-26,75.86,76.46,75.39,76.23,730864,NVDA
2021-02-27,76.02,76.07,75.1,75.78,790885,NVDA
2021-02-28,76.57,77.76,75.99,77.37,576695,NVDA
2021-03-01,78.47,78.69,78.41,78.44,751634,NVDA
2021-03-02,81.43,82.0,80.1,80.78,1055626,NVDA
2021-03-03,79.14,79.35,78.97,79.03,409827,NVDA
2021-03-04,80.29,80.56,79.75,80.19,1115186,NVDA
2021-03-05,82.11,82.88,81.13,82.03,1216913,NVDA
2021-03-06,78.55,79.0,78.55,78.82,548443,NVDA
2021-03-07,76.42,76.76,76.29,76.73,3018957,NVDA
2021-03-08,73.17,73.25,72.67,73.25,1817397,NVDA
2021-03-09,72.86,73.05,72.75,72.78,301238,NVDA
2021-03-10,73.77,74.15,73.75,73.91,1173104,NVDA
2021-03-11,75.95,76.56,75.93,76.32,1024463,NVDA
2021-03-12,76.92,77.4,75.67,76.42,408807,NVDA
2021-03-13,79.54,80.51,78.49,79.13,907490,NVDA
2021-03-14,77.25,77.74,76.08,76.69,553918,NVDA
2021-03-15,73.38,74.05,73.08,73.78,1096110,NVDA
2021-03-16,74.23,74.37,73.33,73.66,430790,NVDA
2021-03-17,74.99,75.59,73.42,74.26,426779,NVDA
2021-03-18,73.96,74.31,73.25,74.17,1799303,NVDA
2021-03-19,70.13,70.8,69.68,70.76,714109,NVDA
2021-03-20,70.11,71.08,69.3,70.6,1033073,NVDA
2021-03-21,68.53,68.82,68.44,68.54,1149754,NVDA
2021-03-22,69.85,70.11,69.23,69.52,657518,NVDA
2021-03-23,70.1,70.42,69.35,70.06,570848,NVDA
2021-03-24,68.95,69.22,68.19,68.58,909781,NVDA
2021-03-25,68.1,68.16,67.67,67.77,1726577,NVDA
2021-03-26,66.55,66.71,65.72,66.16,765923,NVDA
2021-03-27,65.2,66.35,64.73,66.04,878743,NVDA
2021-03-28,67.11,67.45,66.74,67.41,649299,NVDA
2021-03-29,66.01,66.27,65.81,65.92,848982,NVDA
2021-03-30,67.04,67.61,66.08,66.62,558098,NVDA
2021-03-31,65.09,66.05,64.4,65.82,864249,NVDA
2021-04-01,64.77,65.27,64.33,64.64,1183760,NVDA
2021-04-02,64.14,64.47,63.62,64.46,1487984,NVDA
2021-04-03,62.8,63.32,62.75,62.97,1166648,NVDA
2021-04-04,61.92,62.21,61.92,62.17,921362,NVDA
2021-04-05,60.97,61.13,59.92,60.5,1975884,NVDA
2021-04-06,62.78,63.4,62.69,63.1,716830,NVDA
2021-04-07,63.48,63.81,63.03,63.13,679849,NVDA
2021-04-08,62.49,62.86,61.82,62.13,299311,NVDA
2021-04-09,61.5,62.44,60.9,62.4,883255,NVDA
2021-04-10,62.71,62.8,61.79,62.22,1057581,NVDA
2021-04-11,62.51,62.58,61.69,61.89,1328810,NVDA
2021-04-12,63.09,63.24,62.15,62.7,722818,NVDA
2021-04-13,63.54,63.92,63.25,63.72,2458005,NVDA
2021-04-14,63.12,63.34,62.62,62.95,1204615,NVDA
2021-04-15,62.38,62.5,61.46,62.13,457124,NVDA
2021-04-16,61.59,61.8,61.58,61.73,954200,NVDA
2021-04-17,58.55,58.78,58.55,58.57,783312,NVDA
2021-04-18,56.48,57.28,56.3,56.59,1549081,NVDA
2021-04-19,58.32,58.4,58.21,58.27,818598,NVDA
2021-04-20,60.87,61.45,60.1,60.36,530688,NVDA
2021-04-21,59.86,60.33,59.5,60.01,950045,NVDA
2021-04-22,60.76,61.27,60.66,60.75,622593,NVDA
2021-04-23,60.78,61.49,60.33,61.14,342531,NVDA
2021-04-24,64.97,65.3,64.72,65.27,542956,NVDA
2021-04-25,66.75,67.42,66.46,66.85,899990,NVDA
2021-04-26,66.57,66.78,66.24,66.64,639776,NVDA
2021-04-27,65.5,65.69,64.99,65.21,1624815,NVDA
2021-04-28,62.96,63.01,62.32,62.87,440418,NVDA
2021-04-29,63.16,63.45,62.98,63.13,583539,NVDA
2021-04-30,62.13,62.28,61.97,62.05,524871,NVDA
2021-05-01,60.13,60.42,59.61,60.08,947660,NVDA
2021-05-02,59.35,59.43,58.78,59.2,1753544,NVDA
2021-05-03,57.9,57.95,57.72,57.76,893678,NVDA
2021-05-04,59.82,60.17,59.77,59.89,808759,NVDA
2021-05-05,61.78,62.13,60.46,61.03,1682242,NVDA
2021-05-06,61.56,62.38,60.29,61.0,2883968,NVDA
2021-05-07,62.96,63.15,62.33,62.96,1113147,NVDA
2021-05-08,62.79,63.07,62.53,63.04,349835,NVDA
2021-05-09,62.64,63.44,61.15,61.82,494716,NVDA
2021-05-10,64.15,64.39,63.86,63.87,1228521,NVDA
2021-05-11,64.32,65.18,64.19,64.61,1137355,NVDA
2021-05-12,63.74,64.12,62.5,63.1,326817,NVDA
2021-05-13,63.16,63.84,62.56,62.81,1238452,NVDA
2021-05-14,61.85,61.88,61.43,61.58,1329106,NVDA
2021-05-15,59.38,59.87,59.17,59.67,496046,NVDA
2021-05-16,60.69,61.01,60.49,60.87,2218940,NVDA
2021-05-17,63.08,63.88,63.03,63.41,1076552,NVDA
2021-05-18,61.11,61.57,61.05,61.43,1315737,NVDA
2021-05-19,62.25,62.43,61.61,62.17,762673,NVDA
2021-05-20,61.13,61.76,61.06,61.25,2374935,NVDA
2021-05-21,60.99,61.31,60.5,60.57,3300685,NVDA
2021-05-22,59.68,60.04,59.57,59.75,1131473,NVDA
2021-05-23,57.84,59.36,57.14,58.59,2216644,NVDA
2021-05-24,59.25,59.47,58.27,58.63,599974,NVDA
2021-05-25,57.52,57.61,57.38,57.53,1085514,NVDA
2021-05-26,57.2,57.98,56.76,57.85,665540,NVDA
2021-05-27,57.85,57.9,57.54,57.76,983893,NVDA
2021-05-28,57.6,58.16,57.29,57.44,682392,NVDA
2021-05-29,56.57,57.17,55.93,56.26,938060,NVDA
2021-05-30,55.91,55.91,55.19,55.53,1521149,NVDA
2021-05-31,56.33,56.43,55.82,56.43,485716,NVDA
2021-06-01,56.82,57.08,56.19,57.03,592000,NVDA
2021-06-02,55.64,55.8,55.51,55.78,909880,NVDA
2021-06-03,56.06,56.09,55.82,55.88,1525341,NVDA
2021-06-04,56.58,56.82,56.47,56.78,2710730,NVDA
2021-06-05,55.02,55.05,54.56,54.67,938427,NVDA
2021-06-06,54.75,55.35,54.67,55.3,1107912,NVDA
2021-06-07,54.73,55.03,54.39,54.47,909312,NVDA
2021-06-08,54.88,55.5,54.54,55.14,851404,NVDA
2021-06-09,53.61,54.27,53.37,54.19,1243358,NVDA
2021-06-10,52.04,52.4,51.72,52.01,919296,NVDA
2021-06-11,50.27,50.55,50.11,50.12,1737217,NVDA
2021-06-12,50.4,50.56,49.74,50.15,1062014,NVDA
2021-06-13,50.53,50.7,50.23,50.42,1604492,NVDA
2021-06-14,49.75,50.12,49.34,49.4,2037450,NVDA
2021-06-15,50.14,50.25,50.07,50.07,1732548,NVDA
2021-06-16,48.37,48.38,48.16,48.22,827359,NVDA
2021-06-17,47.46,48.46,47.11,48.13,1506652,NVDA
2021-06-18,46.54,46.85,46.5,46.82,1724508,NVDA
2021-06-19,46.49,46.93,45.69,46.13,1103078,NVDA
2021-06-20,46.11,46.26,46.08,46.16,2573173,NVDA
2021-06-21,45.11,45.46,44.96,45.27,1139350,NVDA
2021-06-22,44.8,44.94,44.57,44.86,949513,NVDA
2021-06-23,45.68,46.09,45.62,45.84,907521,NVDA
2021-06-24,45.2,45.66,45.16,45.24,1431688,NVDA
2021-06-25,45.94,46.09,45.85,46.06,1793148,NVDA
2021-06-26,44.81,45.44,44.46,44.89,1130158,NVDA
2021-06-27,45.19,45.64,44.8,45.4,2112815,NVDA
2021-06-28,46.64,46.94,46.59,46.82,3336063,NVDA
2021-06-29,44.26,44.45,43.93,44.25,841646,NVDA
2021-06-30,43.57,43.62,43.44,43.46,1789823,NVDA
2021-07-01,44.04,44.26,43.78,43.99,2585662,NVDA
2021-07-02,43.79,43.98,43.71,43.78,967703,NVDA
2021-07-03,44.08,44.4,43.75,44.12,688730,NVDA
2021-07-04,43.61,43.64,43.5,43.51,1726304,NVDA
2021-07-05,43.62,43.7,43.55,43.58,1579718,NVDA
2021-07-06,43.48,43.62,43.19,43.41,922601,NVDA
2021-07-07,43.99,44.54,43.53,44.51,1685159,NVDA
2021-07-08,44.79,44.82,44.42,44.75,1540154,NVDA
2021-07-09,45.2,45.37,44.98,45.06,1194191,NVDA
2021-07-10,44.76,44.95,44.58,44.63,1744067,NVDA
2021-07-11,44.28,44.4,44.11,44.14,1130397,NVDA
2021-07-12,43.41,43.7,43.15,43.7,1727933,NVDA
2021-07-13,44.09,44.17,43.95,44.06,371705,NVDA
2021-07-14,43.59,43.72,43.47,43.63,1039111,NVDA
2021-07-15,43.66,44.08,43.61,43.9,1345395,NVDA
2021-07-16,46.0,46.02,45.79,45.89,735633,NVDA
2021-07-17,46.76,46.79,46.68,46.75,1148915,NVDA
2021-07-18,46.8,46.82,45.95,46.4,961058,NVDA
2021-07-19,47.48,47.72,47.32,47.61,1332457,NVDA
2021-07-20,46.73,47.59,46.16,47.16,679364,NVDA
2021-07-21,45.2,45.32,44.41,45.02,674819,NVDA
2021-07-22,44.13,44.17,43.95,44.0,742762,NVDA
2021-07-23,41.99,42.27,41.82,42.17,785935,NVDA
2021-07-24,41.63,41.98,41.51,41.83,735232,NVDA
2021-07-25,41.96,41.99,41.76,41.83,1245682,NVDA
2021-07-26,43.46,43.72,42.9,43.36,3306584,NVDA
2021-07-27,43.85,44.05,43.48,43.65,1990257,NVDA
2021-07-28,43.32,43.43,43.05,43.42,579884,NVDA
2021-07-29,44.5,44.74,44.09,44.2,2430500,NVDA
2021-07-30,42.11,42.13,41.9,42.03,1801682,NVDA
2021-07-31,42.16,42.5,41.95,42.23,1218506,NVDA
2021-08-01,43.24,43.47,42.49,42.93,738556,NVDA
2021-08-02,41.57,41.85,41.26,41.51,2883105,NVDA
2021-08-03,42.33,42.56,42.28,42.54,790699,NVDA
2021-08-04,42.44,42.95,42.28,42.84,1085253,NVDA
2021-08-05,42.69,43.16,42.04,42.44,2963107,NVDA
2021-08-06,43.13,43.16,43.01,43.01,1497127,NVDA
2021-08-07,45.1,45.37,44.59,45.15,1832530,NVDA
2021-08-08,45.27,45.55,45.03,45.31,1271276,NVDA
2021-08-09,45.7,45.81,45.39,45.54,1173493,NVDA
2021-08-10,44.95,45.13,44.83,45.06,1347915,NVDA
2021-08-11,44.5,44.91,43.88,44.2,2463725,NVDA
2021-08-12,45.1,45.17,44.87,44.99,1282554,NVDA
2021-08-13,44.22,44.32,44.07,44.12,1746636,NVDA
2021-08-14,43.85,44.46,43.6,44.18,658903,NVDA
2021-08-15,43.6,43.85,43.48,43.69,1622361,NVDA
2021-08-16,43.91,44.15,43.83,44.14,1488737,NVDA
2021-08-17,44.89,44.9,44.26,44.44,1321455,NVDA
2021-08-18,45.54,45.6,44.98,45.44,2248560,NVDA
2021-08-19,44.82,44.95,44.62,44.91,2612966,NVDA
2021-08-20,44.72,44.77,44.6,44.63,2079149,NVDA
2021-08-21,43.46,43.73,43.45,43.65,1323270,NVDA
2021-08-22,43.15,43.33,42.66,43.2,1371057,NVDA
2021-08-23,43.42,43.57,43.24,43.55,1362819,NVDA
2021-08-24,43.86,44.41,43.64,44.26,1927072,NVDA
2021-08-25,43.5,43.5,43.22,43.34,728200,NVDA
2021-08-26,44.47,44.76,43.75,44.15,530914,NVDA
2021-08-27,45.27,45.69,45.02,45.45,2090842,NVDA
2021-08-28,46.03,46.06,45.8,45.85,555831,NVDA
2021-08-29,47.65,47.87,47.39,47.73,417850,NVDA
2021-08-30,46.35,47.16,46.05,46.9,2449464,NVDA
2021-08-31,45.32,45.68,45.3,45.59,855683,NVDA
2021-09-01,43.66,43.98,43.5,43.78,492986,NVDA
2021-09-02,45.21,45.33,45.12,45.21,1978209,NVDA
2021-09-03,45.34,46.3,44.96,45.85,1103563,NVDA
2021-09-04,45.68,46.06,45.35,45.77,960883,NVDA
2021-09-05,45.99,46.09,45.89,46.04,1017928,NVDA
2021-09-06,44.98,45.2,44.84,44.88,1099987,NVDA
2021-09-07,47.01,47.59,46.71,47.28,1323161,NVDA
2021-09-08,47.1,47.63,46.88,47.39,832598,NVDA
2021-09-09,46.94,47.96,46.91,47.49,1216805,NVDA
2021-09-10,48.27,48.82,47.72,48.23,1085376,NVDA
2021-09-11,48.38,48.95,48.09,48.72,324486,NVDA
2021-09-12,49.3,49.67,48.61,48.94,518418,NVDA
2021-09-13,48.29,48.78,47.63,48.07,638982,NVDA
2021-09-14,48.47,48.79,48.24,48.55,944642,NVDA
2021-09-15,50.18,50.83,50.04,50.55,1296802,NVDA
2021-09-16,52.16,52.46,51.63,52.03,2604519,NVDA
2021-09-17,53.86,53.96,53.67,53.84,559799,NVDA
2021-09-18,53.61,54.21,52.89,53.21,1176108,NVDA
2021-09-19,51.54,52.53,51.35,52.03,1325657,NVDA
2021-09-20,51.99,52.04,51.73,51.86,1678206,NVDA
2021-09-21,51.86,52.04,51.75,51.9,905510,NVDA
2021-09-22,53.04,53.43,52.57,53.14,1172465,NVDA
2021-09-23,50.95,51.36,50.9,51.13,1120029,NVDA
2021-09-24,52.47,52.98,52.26,52.84,1350665,NVDA
2021-09-25,52.61,52.66,52.39,52.63,1294904,NVDA
2021-09-26,52.69,52.96,51.88,52.11,220719,NVDA
2021-09-27,51.42,51.79,50.46,50.93,836008,NVDA
2021-09-28,49.01,49.11,48.99,49.05,1092487,NVDA
2021-09-29,50.3,50.94,49.79,49.92,416593,NVDA
2021-09-30,50.14,50.29,49.92,49.98,1942467,NVDA
2021-10-01,48.45,48.64,48.37,48.54,763245,NVDA
2021-10-02,47.32,47.55,47.03,47.14,1617619,NVDA
2021-10-03,46.2,47.28,45.72,46.77,531612,NVDA
2021-10-04,48.51,48.62,48.43,48.47,858641,NVDA
2021-10-05,48.31,48.37,48.04,48.17,928749,NVDA
2021-10-06,46.63,46.72,46.45,46.56,689918,NVDA
2021-10-07,46.05,46.38,46.02,46.29,591443,NVDA
2021-10-08,45.66,46.07,45.3,45.99,1106421,NVDA
2021-10-09,43.67,43.72,43.11,43.24,994732,NVDA
2021-10-10,43.28,43.45,42.83,43.17,737169,NVDA
2021-10-11,42.67,43.25,42.37,42.93,1455247,NVDA
2021-10-12,43.65,43.76,43.49,43.57,1080656,NVDA
2021-10-13,45.48,45.55,45.27,45.33,706099,NVDA
2021-10-14,45.94,47.07,45.68,46.44,402471,NVDA
2021-10-15,45.98,46.5,45.84,46.15,1373380,NVDA
2021-10-16,44.9,45.21,44.62,45.0,859996,NVDA
2021-10-17,47.52,47.91,47.1,47.54,525562,NVDA
2021-10-18,47.53,47.77,47.27,47.58,348746,NVDA
2021-10-19,47.55,47.73,47.41,47.58,1814104,NVDA
2021-10-20,47.59,47.9,47.34,47.53,883014,NVDA
2021-10-21,47.69,47.8,47.67,47.72,532670,NVDA
2021-10-22,47.57,48.09,47.27,47.55,697762,NVDA
2021-10-23,47.25,47.47,46.66,46.93,305807,NVDA
2021-10-24,46.88,46.92,46.19,46.35,1279264,NVDA
2021-10-25,46.16,46.4,45.97,46.29,856417,NVDA
2021-10-26,45.48,45.98,45.13,45.72,1173292,NVDA
2021-10-27,44.76,45.08,44.37,44.98,322174,NVDA
2021-10-28,45.15,45.33,45.05,45.07,902305,NVDA
2021-10-29,44.57,44.91,44.36,44.8,629677,NVDA
2021-10-30,46.11,46.35,45.91,46.27,990988,NVDA
2021-10-31,42.94,43.66,42.7,43.55,785493,NVDA
2021-11-01,45.04,45.4,44.54,44.58,633690,NVDA
2021-11-02,45.77,45.92,45.75,45.78,484456,NVDA
2021-11-03,43.96,44.13,43.4,43.67,574345,NVDA
2021-11-04,43.26,43.4,43.23,43.32,372358,NVDA
2021-11-05,43.0,43.16,42.77,42.95,674420,NVDA
2021-11-06,41.2,41.7,40.95,41.6,1937279,NVDA
2021-11-07,40.73,40.96,40.6,40.87,1121940,NVDA
2021-11-08,39.65,39.97,39.18,39.85,1168436,NVDA
2021-11-09,41.43,41.53,41.27,41.38,851789,NVDA
2021-11-10,41.9,42.56,41.88,42.22,992692,NVDA
2021-11-11,43.1,43.6,43.07,43.38,699475,NVDA
2021-11-12,44.15,44.33,44.0,44.06,428399,NVDA
2021-11-13,42.88,42.97,42.72,42.94,457290,NVDA
2021-11-14,42.48,42.53,42.42,42.43,1222312,NVDA
2021-11-15,43.07,43.41,42.84,42.87,522313,NVDA
2021-11-16,42.32,42.87,41.43,41.7,688218,NVDA
2021-11-17,42.19,42.88,41.75,42.34,1063526,NVDA
2021-11-18,42.17,42.56,41.72,42.09,572999,NVDA
2021-11-19,41.43,41.78,41.31,41.73,883525,NVDA
2021-11-20,42.36,42.39,42.31,42.37,415273,NVDA
2021-11-21,42.85,43.07,42.69,42.77,590495,NVDA
2021-11-22,42.38,42.57,42.2,42.41,530270,NVDA
2021-11-23,43.55,43.56,43.42,43.48,963806,NVDA
2021-11-24,42.49,42.57,42.32,42.42,920707,NVDA
2021-11-25,43.08,43.25,42.73,42.98,901605,NVDA
2021-11-26,43.3,44.0,42.91,43.53,681044,NVDA
2021-11-27,43.08,43.44,43.05,43.21,897155,NVDA
2021-11-28,43.75,43.78,43.39,43.51,507749,NVDA
2021-11-29,42.41,42.51,42.06,42.29,568269,NVDA
2021-11-30,43.48,43.65,43.05,43.13,994726,NVDA
2021-12-01,42.76,43.23,42.45,42.94,663796,NVDA
2021-12-02,42.51,42.74,42.22,42.43,462181,NVDA
2021-12-03,43.43,43.5,43.28,43.39,705963,NVDA
2021-12-04,42.62,42.84,42.54,42.7,1433384,NVDA
2021-12-05,41.89,41.9,41.1,41.36,626109,NVDA
2021-12-06,40.13,40.15,39.87,39.92,719097,NVDA
2021-12-07,40.35,40.61,40.22,40.44,1046583,NVDA
2021-12-08,39.57,40.13,39.16,39.28,1264645,NVDA
2021-12-09,40.71,40.79,40.59,40.79,875795,NVDA
2021-12-10,39.4,39.61,38.46,38.9,602444,NVDA
2021-12-11,40.39,40.45,40.21,40.34,1117609,NVDA
2021-12-12,40.6,40.64,40.48,40.51,528939,NVDA
2021-12-13,40.18,40.68,39.86,40.41,2087050,NVDA
2021-12-14,39.75,40.06,39.53,39.91,496204,NVDA
2021-12-15,40.33,40.33,40.12,40.24,1107915,NVDA
2021-12-16,39.95,40.47,39.79,40.19,480151,NVDA
2021-12-17,40.97,41.36,40.88,41.15,1438842,NVDA
2021-12-18,41.39,41.46,41.21,41.24,226185,NVDA
2021-12-19,41.59,41.93,41.0,41.36,522843,NVDA
2021-12-20,40.43,41.07,40.23,41.01,307137,NVDA
2021-12-21,40.68,41.12,40.32,40.95,434671,NVDA
2021-12-22,41.62,41.87,40.72,41.21,978012,NVDA
2021-12-23,39.64,39.9,39.49,39.64,1876665,NVDA
2021-12-24,38.7,38.75,38.12,38.44,522213,NVDA
2021-12-25,39.35,39.69,38.72,39.06,686693,NVDA
2021-12-26,39.41,39.93,38.7,39.19,1385741,NVDA
2021-12-27,39.07,39.14,38.81,39.01,697362,NVDA
2021-12-28,38.71,39.23,38.41,39.01,863245,NVDA
2021-12-29,39.08,39.45,38.84,39.3,293619,NVDA
2021-12-30,38.49,38.83,38.38,38.81,1070165,NVDA
2021-12-31,38.16,38.49,37.67,38.13,449667,NVDA
2022-01-01,38.08,38.4,37.78,38.28,751838,NVDA
2022-01-02,37.75,37.81,37.31,37.44,814070,NVDA
2022-01-03,37.76,38.07,37.56,37.76,457178,NVDA
2022-01-04,36.25,36.41,36.17,36.33,1373704,NVDA
2022-01-05,37.25,37.33,37.06,37.14,1029943,NVDA
2022-01-06,37.46,37.61,37.33,37.51,941898,NVDA
2022-01-07,37.69,37.71,37.53,37.71,1032005,NVDA
2022-01-08,38.36,38.85,38.27,38.51,536933,NVDA
2022-01-09,39.85,39.93,39.65,39.91,365296,NVDA
2022-01-10,40.6,41.16,40.33,40.79,1793455,NVDA
2022-01-11,39.02,39.2,39.0,39.12,1237229,NVDA
2022-01-12,38.27,38.27,37.74,38.0,2500090,NVDA
2022-01-13,37.69,37.97,37.45,37.46,832960,NVDA
2022-01-14,37.54,37.78,37.24,37.47,601775,NVDA
2022-01-15,37.94,37.98,37.74,37.88,727983,NVDA
2022-01-16,36.92,37.42,36.66,37.26,696600,NVDA
2022-01-17,37.6,37.8,37.26,37.4,884403,NVDA
2022-01-18,36.79,36.9,36.51,36.76,485336,NVDA
2022-01-19,35.88,36.58,35.62,36.25,456659,NVDA
2022-01-20,35.31,35.51,34.99,35.11,880350,NVDA
2022-01-21,34.4,34.54,34.16,34.38,1175254,NVDA
2022-01-22,33.36,33.42,33.3,33.34,842880,NVDA
2022-01-23,32.43,32.7,32.25,32.61,1678983,NVDA
2022-01-24,33.37,33.46,33.14,33.36,1018059,NVDA
2022-01-25,32.49,33.1,32.38,32.64,789048,NVDA
2022-01-26,34.88,35.12,34.29,34.53,1111741,NVDA
2022-01-27,34.99,35.02,34.82,34.89,1156848,NVDA
2022-01-28,34.9,35.23,34.68,35.02,2311309,NVDA
2022-01-29,34.46,34.49,34.23,34.34,516222,NVDA
2022-01-30,35.11,35.29,34.85,34.86,1538203,NVDA
2022-01-31,34.37,34.54,34.17,34.4,455123,NVDA
2022-02-01,34.7,34.85,34.24,34.48,346680,NVDA
2022-02-02,36.36,36.77,35.91,36.41,468265,NVDA
2022-02-03,36.16,36.52,36.06,36.32,1336636,NVDA
2022-02-04,37.31,37.42,37.14,37.23,1427061,NVDA
2022-02-05,36.7,37.01,36.42,36.63,1834593,NVDA
2022-02-06,36.6,36.7,36.51,36.59,420421,NVDA
2022-02-07,37.95,38.04,37.9,38.01,687156,NVDA
2022-02-08,37.78,37.85,37.28,37.47,637108,NVDA
2022-02-09,38.65,39.38,38.56,38.95,667853,NVDA
2022-02-10,39.42,39.59,39.22,39.54,756577,NVDA
2022-02-11,38.98,39.07,38.94,39.03,726961,NVDA
2022-02-12,39.76,39.95,39.42,39.56,1566408,NVDA
2022-02-13,40.58,40.86,40.29,40.4,979836,NVDA
2022-02-14,41.05,41.12,40.77,40.93,962477,NVDA
2022-02-15,39.84,40.21,39.03,39.5,934150,NVDA
2022-02-16,38.95,39.05,38.75,38.85,1445354,NVDA
2022-02-17,39.18,39.34,38.45,38.62,1497877,NVDA
2022-02-18,38.49,38.89,38.06,38.55,1878954,NVDA
2022-02-19,38.77,39.25,38.47,39.06,1383461,NVDA
2022-02-20,39.46,39.76,39.13,39.2,1840417,NVDA
2022-02-21,38.52,38.66,37.63,38.03,2948946,NVDA
2022-02-22,38.02,38.59,38.01,38.33,1241373,NVDA
2022-02-23,39.2,39.33,38.74,38.83,720718,NVDA
2022-02-24,39.63,39.66,39.2,39.29,551985,NVDA
2022-02-25,40.41,40.47,40.2,40.21,722437,NVDA
2022-02-26,40.93,41.06,40.62,40.94,1241998,NVDA
2022-02-27,41.31,41.63,41.15,41.34,2963931,NVDA
2022-02-28,41.28,41.44,41.2,41.26,971093,NVDA
2022-03-01,39.97,40.14,39.55,39.73,3120250,NVDA
2022-03-02,39.97,40.1,39.82,40.09,1282349,NVDA
2022-03-03,40.18,40.33,39.93,40.26,713756,NVDA
2022-03-04,40.7,41.02,39.95,40.48,818738,NVDA
2022-03-05,39.33,39.41,39.22,39.33,1037048,NVDA
2022-03-06,37.89,38.38,37.42,38.37,1266018,NVDA
2022-03-07,39.09,39.41,38.95,39.25,1042204,NVDA
2022-03-08,38.89,39.22,38.87,39.2,1263443,NVDA
2022-03-09,40.02,40.03,39.63,39.77,2779737,NVDA
2022-03-10,39.37,39.9,39.11,39.78,2178263,NVDA
2022-03-11,39.47,39.9,39.18,39.79,1175913,NVDA
2022-03-12,40.48,40.71,40.47,40.6,457597,NVDA
2022-03-13,39.9,40.41,39.72,40.12,1455488,NVDA
2022-03-14,40.18,40.19,40.18,40.19,1443536,NVDA
2022-03-15,39.84,39.96,39.69,39.77,2083736,NVDA
2022-03-16,38.93,39.37,38.52,39.37,1281392,NVDA
2022-03-17,38.8,39.17,38.54,39.08,669597,NVDA
2022-03-18,39.33,39.39,39.22,39.26,1236572,NVDA
2022-03-19,38.35,39.07,38.27,38.83,1477431,NVDA
2022-03-20,40.17,40.24,39.85,39.89,680005,NVDA
2022-03-21,38.85,39.19,38.69,39.09,969182,NVDA
2022-03-22,39.04,39.08,38.87,38.91,738515,NVDA
2022-03-23,38.45,38.62,38.43,38.52,3208974,NVDA
2022-03-24,39.94,40.1,39.63,39.73,769379,NVDA
2022-03-25,39.54,40.38,39.12,39.89,960254,NVDA
2022-03-26,41.22,41.61,40.45,40.78,1441521,NVDA
2022-03-27,39.37,39.71,39.24,39.43,1023649,NVDA
2022-03-28,39.71,39.83,39.53,39.64,1357713,NVDA
2022-03-29,40.21,40.54,40.16,40.41,1148754,NVDA
2022-03-30,40.42,40.53,40.36,40.46,1410275,NVDA
2022-03-31,41.55,41.77,41.18,41.4,1947304,NVDA
2022-04-01,40.67,40.93,40.49,40.91,1538153,NVDA
2022-04-02,42.64,42.81,41.95,42.17,1928407,NVDA
2022-04-03,44.42,44.65,44.22,44.29,1275004,NVDA
2022-04-04,44.17,44.46,43.84,43.91,1310350,NVDA
2022-04-05,43.86,44.14,43.07,43.47,978374,NVDA
2022-04-06,44.62,44.9,44.46,44.84,986140,NVDA
2022-04-07,46.55,46.76,46.22,46.39,925681,NVDA
2022-04-08,45.72,45.98,45.7,45.83,1666668,NVDA
2022-04-09,45.25,45.55,44.74,45.39,2070270,NVDA
2022-04-10,45.58,45.91,44.7,45.09,1747108,NVDA
2022-04-11,43.63,44.3,43.09,43.73,1856497,NVDA
2022-04-12,43.17,43.37,42.81,42.83,1344527,NVDA
2022-04-13,42.23,42.55,41.54,41.87,991497,NVDA
2022-04-14,40.91,41.34,40.58,41.14,2387704,NVDA
2022-04-15,41.18,41.41,41.08,41.09,1399138,NVDA
2022-04-16,41.13,41.75,41.09,41.29,448504,NVDA
2022-04-17,42.53,42.92,42.44,42.68,1157230,NVDA
2022-04-18,41.82,41.96,41.39,41.73,1007622,NVDA
2022-04-19,42.63,42.77,42.53,42.62,1184464,NVDA
2022-04-20,42.41,42.53,42.39,42.4,541729,NVDA
2022-04-21,42.42,42.52,42.28,42.34,1530169,NVDA
2022-04-22,42.88,43.26,42.67,42.95,985744,NVDA
2022-04-23,41.72,42.03,41.57,41.87,2301113,NVDA
2022-04-24,42.14,42.27,41.91,42.2,492023,NVDA
2022-04-25,42.34,42.4,41.99,42.34,2224032,NVDA
2022-04-26,42.41,42.95,42.23,42.79,1023960,NVDA
2022-04-27,42.9,43.34,42.76,43.04,1548997,NVDA
2022-04-28,45.75,45.97,45.04,45.36,791380,NVDA
2022-04-29,44.85,45.06,44.31,44.7,1485117,NVDA
2022-04-30,44.46,44.47,44.06,44.16,625482,NVDA
2022-05-01,43.29,43.75,43.13,43.53,1543438,NVDA
2022-05-02,42.86,43.11,42.78,42.98,793784,NVDA
2022-05-03,42.88,42.92,42.21,42.36,547196,NVDA
2022-05-04,43.67,44.0,42.92,43.46,1396129,NVDA
2022-05-05,44.9,45.0,44.7,44.8,1568598,NVDA
2022-05-06,44.35,44.65,44.18,44.22,1049947,NVDA
2022-05-07,43.68,44.16,43.17,43.39,1677591,NVDA
2022-05-08,43.78,43.91,43.54,43.82,2627610,NVDA
2022-05-09,43.35,43.52,43.22,43.27,1966621,NVDA
2022-05-10,43.96,44.37,43.44,43.86,671836,NVDA
2022-05-11,43.93,44.19,43.88,44.04,402732,NVDA
2022-05-12,42.19,43.1,41.98,42.55,832524,NVDA
2022-05-13,44.2,44.25,43.75,43.98,619774,NVDA
2022-05-14,45.61,45.87,45.52,45.71,2026029,NVDA
2022-05-15,45.39,45.54,44.69,45.07,887305,NVDA
2022-05-16,44.64,44.67,44.56,44.67,648265,NVDA
2022-05-17,44.75,45.19,44.64,44.93,1890975,NVDA
2022-05-18,45.04,45.32,44.92,45.25,1283332,NVDA
2022-05-19,45.48,46.17,45.44,45.89,872949,NVDA
2022-05-20,48.02,48.03,47.79,47.9,2955217,NVDA
2022-05-21,47.48,47.74,47.2,47.7,1336648,NVDA
2022-05-22,47.03,47.14,46.69,46.84,534019,NVDA
2022-05-23,45.46,45.85,44.94,45.39,503713,NVDA
2022-05-24,44.9,45.08,44.56,44.64,696991,NVDA
2022-05-25,44.54,44.69,44.44,44.59,1796856,NVDA
2022-05-26,46.61,46.67,46.15,46.34,2387640,NVDA
2022-05-27,45.85,45.94,45.77,45.79,1008709,NVDA
2022-05-28,46.37,46.41,45.56,46.0,775722,NVDA
2022-05-29,45.83,46.31,45.71,45.97,1455480,NVDA
2022-05-30,46.85,47.54,46.61,47.15,2014556,NVDA
2022-05-31,49.56,50.16,49.2,49.76,434699,NVDA
2022-06-01,49.22,49.41,49.01,49.16,828624,NVDA
2022-06-02,48.61,49.06,48.39,48.61,1373316,NVDA
2022-06-03,49.79,49.93,49.51,49.71,1571929,NVDA
2022-06-04,50.96,51.52,49.92,50.44,791791,NVDA
2022-06-05,52.07,52.94,51.63,52.47,1166853,NVDA
2022-06-06,52.85,53.26,52.73,53.13,1975917,NVDA
2022-06-07,52.66,52.71,52.56,52.69,290304,NVDA
2022-06-08,53.18,53.73,52.86,53.35,1312447,NVDA
2022-06-09,55.23,55.93,53.94,54.63,2020082,NVDA
2022-06-10,55.54,55.61,55.53,55.6,672854,NVDA
2022-06-11,56.13,56.56,55.48,56.2,644344,NVDA
2022-06-12,57.78,58.15,57.18,57.5,530018,NVDA
2022-06-13,58.83,59.17,58.73,58.96,889370,NVDA
2022-06-14,60.47,61.42,60.35,60.73,1233320,NVDA
2022-06-15,61.55,62.33,61.34,61.58,566906,NVDA
2022-06-16,61.49,62.02,61.09,61.33,1221542,NVDA
2022-06-17,62.12,62.31,60.69,61.5,1804687,NVDA
2022-06-18,62.69,63.52,62.23,63.11,1634054,NVDA
2022-06-19,61.75,62.04,61.54,61.95,2436307,NVDA
2022-06-20,62.05,62.64,61.7,62.43,1086167,NVDA
2022-06-21,61.94,62.02,61.64,61.86,940578,NVDA
2022-06-22,61.9,61.92,61.8,61.88,1488472,NVDA
2022-06-23,63.51,64.14,63.08,63.6,484600,NVDA
2022-06-24,64.32,64.64,63.54,63.84,489276,NVDA
2022-06-25,62.99,64.8,62.26,63.88,627164,NVDA
2022-06-26,61.51,62.61,61.04,61.94,458099,NVDA
2022-06-27,63.3,63.61,62.65,62.94,1205791,NVDA
2022-06-28,64.03,64.04,63.71,63.81,886549,NVDA
2022-06-29,66.44,67.14,66.19,66.83,622161,NVDA
2022-06-30,66.41,66.81,66.27,66.35,295400,NVDA
2022-07-01,65.93,67.09,65.8,66.64,475712,NVDA
2022-07-02,67.28,67.95,66.94,66.98,1643183,NVDA
2022-07-03,69.38,69.86,68.66,69.28,2096750,NVDA
2022-07-04,69.02,69.32,68.96,69.11,1886142,NVDA
2022-07-05,69.31,70.05,68.98,69.51,883578,NVDA
2022-07-06,70.65,71.02,69.96,70.41,423062,NVDA
2022-07-07,70.65,71.35,70.02,70.68,545115,NVDA
2022-07-08,69.97,70.18,69.74,69.95,1110408,NVDA
2022-07-09,70.45,70.8,69.85,70.22,2421295,NVDA
2022-07-10,71.86,71.91,71.62,71.86,1119864,NVDA
2022-07-11,70.52,70.53,69.58,70.2,747206,NVDA
2022-07-12,70.11,70.93,69.65,70.38,799120,NVDA
2022-07-13,69.33,69.83,68.72,69.27,399819,NVDA
2022-07-14,70.81,71.11,70.56,71.06,362095,NVDA
2022-07-15,68.59,68.69,68.41,68.65,522008,NVDA
2022-07-16,68.34,68.56,67.46,67.77,683173,NVDA
2022-07-17,68.72,69.11,67.99,68.31,430315,NVDA
2022-07-18,70.84,71.22,70.62,70.64,1703816,NVDA
2022-07-19,70.48,70.83,70.33,70.51,476119,NVDA
2022-07-20,69.69,70.53,69.46,69.62,647943,NVDA
2022-07-21,72.85,73.23,72.16,72.48,464371,NVDA
2022-07-22,69.91,70.73,69.79,70.14,400225,NVDA
2022-07-23,66.49,67.02,66.43,66.71,478802,NVDA
2022-07-24,67.45,67.88,67.31,67.33,1612167,NVDA
2022-07-25,67.33,67.59,65.96,66.56,944997,NVDA
2022-07-26,65.15,65.4,64.71,65.03,705312,NVDA
2022-07-27,66.68,66.98,65.6,66.02,625265,NVDA
2022-07-28,66.14,66.41,65.57,66.35,1296173,NVDA
2022-07-29,66.3,67.06,65.29,65.5,806292,NVDA
2022-07-30,63.81,63.84,63.5,63.62,607683,NVDA
2022-07-31,64.98,65.38,64.61,64.82,870494,NVDA
2022-08-01,66.52,66.81,65.08,65.73,432293,NVDA
2022-08-02,66.02,66.21,64.89,65.56,568727,NVDA
2022-08-03,69.06,69.16,67.37,68.2,1367846,NVDA
2022-08-04,66.64,66.69,66.5,66.56,1852238,NVDA
2022-08-05,64.12,64.74,63.93,64.3,414749,NVDA
2022-08-06,63.1,63.32,62.22,63.29,636697,NVDA
2022-08-07,62.71,63.32,62.18,63.2,775197,NVDA
2022-08-08,63.45,64.29,62.67,63.52,653264,NVDA
2022-08-09,63.08,63.29,62.98,63.15,1171213,NVDA
2022-08-10,63.9,64.47,63.07,63.62,408378,NVDA
2022-08-11,61.92,62.18,61.55,61.84,843309,NVDA
2022-08-12,64.2,64.6,63.78,63.78,1086202,NVDA
2022-08-13,63.59,63.66,63.59,63.64,1749455,NVDA
2022-08-14,64.93,65.57,64.6,65.19,372958,NVDA
2022-08-15,65.99,66.5,65.08,65.65,671834,NVDA
2022-08-16,66.88,67.49,65.85,66.29,833673,NVDA
2022-08-17,67.33,67.58,66.71,67.09,648792,NVDA
2022-08-18,67.75,67.87,67.68,67.73,443037,NVDA
2022-08-19,68.74,68.76,68.52,68.66,359260,NVDA
2022-08-20,70.53,70.69,70.0,70.65,1155530,NVDA
2022-08-21,70.55,71.0,70.39,70.93,974178,NVDA
2022-08-22,72.02,72.17,71.69,72.01,1358720,NVDA
2022-08-23,72.38,72.94,71.56,71.84,468965,NVDA
2022-08-24,74.2,74.29,73.86,74.09,563181,NVDA
2022-08-25,73.08,73.25,72.78,72.96,1775142,NVDA
2022-08-26,75.99,76.04,75.73,75.82,1180752,NVDA
2022-08-27,75.95,76.14,75.48,75.73,1114563,NVDA
2022-08-28,73.07,74.21,72.98,73.31,1034819,NVDA
2022-08-29,73.27,73.59,73.15,73.49,288439,NVDA
2022-08-30,71.63,72.37,71.35,72.35,1362812,NVDA
2022-08-31,73.16,73.9,72.94,73.66,327450,NVDA
2022-09-01,72.36,72.85,72.24,72.58,553446,NVDA
2022-09-02,71.92,72.01,71.66,71.83,915570,NVDA
2022-09-03,69.13,69.53,68.78,68.81,863086,NVDA
2022-09-04,68.36,68.57,68.04,68.1,634579,NVDA
2022-09-05,64.26,64.65,63.91,64.43,786657,NVDA
2022-09-06,62.28,62.36,62.0,62.15,760794,NVDA
2022-09-07,62.78,63.77,62.46,63.17,1061272,NVDA
2022-09-08,64.3,64.63,64.03,64.24,1032720,NVDA
2022-09-09,64.68,64.85,64.65,64.82,890203,NVDA
2022-09-10,62.9,64.1,62.58,63.41,1040229,NVDA
2022-09-11,63.78,63.87,62.96,63.32,952362,NVDA
2022-09-12,63.58,63.95,62.81,63.29,974478,NVDA
2022-09-13,61.78,61.95,61.4,61.65,1058631,NVDA
2022-09-14,63.22,64.35,62.49,63.67,791175,NVDA
2022-09-15,65.03,65.67,64.45,64.87,805807,NVDA
2022-09-16,64.06,64.63,64.01,64.53,1439175,NVDA
2022-09-17,65.13,65.27,64.2,64.54,635183,NVDA
2022-09-18,64.86,64.92,64.64,64.81,499724,NVDA
2022-09-19,61.79,62.16,61.35,61.87,1171998,NVDA
2022-09-20,60.93,61.94,60.83,61.51,1140301,NVDA
2022-09-21,60.61,61.38,60.04,60.56,1555168,NVDA
2022-09-22,58.74,59.38,58.54,59.2,942180,NVDA
2022-09-23,58.26,58.81,57.89,58.81,1019509,NVDA
2022-09-24,61.14,61.2,61.01,61.11,810125,NVDA
2022-09-25,62.37,62.47,61.72,61.95,445562,NVDA
2022-09-26,60.81,61.17,60.49,61.15,846841,NVDA
2022-09-27,62.23,62.49,61.74,61.9,1402518,NVDA
2022-09-28,63.98,64.3,63.27,63.78,1056041,NVDA
2022-09-29,65.31,65.48,64.57,65.06,1574853,NVDA
2022-09-30,65.26,65.62,64.62,65.12,1323486,NVDA
2022-10-01,64.23,64.64,63.99,64.16,902044,NVDA
2022-10-02,64.45,65.22,64.03,65.13,3157419,NVDA
2022-10-03,66.04,66.34,65.22,65.66,2223293,NVDA
2022-10-04,67.2,67.61,66.44,66.93,811488,NVDA
2022-10-05,68.5,69.34,67.17,67.85,965114,NVDA
2022-10-06,69.54,70.28,68.85,69.39,2151011,NVDA
2022-10-07,68.2,68.68,67.85,68.54,2730665,NVDA
2022-10-08,70.61,70.76,70.19,70.51,2516027,NVDA
2022-10-09,71.72,72.52,70.01,70.79,559697,NVDA
2022-10-10,73.36,74.72,73.18,74.0,1317029,NVDA
2022-10-11,72.93,72.96,71.98,72.84,2380277,NVDA
2022-10-12,76.13,76.37,75.0,75.6,1073619,NVDA
2022-10-13,76.2,76.46,75.57,75.9,2446238,NVDA
2022-10-14,74.83,74.86,74.78,74.78,1081316,NVDA
2022-10-15,73.88,74.29,73.69,73.96,1428301,NVDA
2022-10-16,73.16,73.58,73.08,73.4,881380,NVDA
2022-10-17,73.85,74.23,73.57,74.06,891109,NVDA
2022-10-18,74.62,75.37,74.1,74.89,794652,NVDA
2022-10-19,73.61,74.07,73.34,73.91,1132160,NVDA
2022-10-20,74.28,74.56,73.4,73.84,762131,NVDA
2022-10-21,76.41,77.77,76.07,77.3,2329219,NVDA
2022-10-22,80.28,80.4,80.1,80.21,978414,NVDA
2022-10-23,81.01,81.47,80.72,80.95,1344601,NVDA
2022-10-24,81.15,81.28,80.85,80.99,1019462,NVDA
2022-10-25,81.14,81.62,81.0,81.17,2175768,NVDA
2022-10-26,82.42,82.65,81.86,82.24,1286483,NVDA
2022-10-27,80.03,80.93,79.98,80.35,1701848,NVDA
2022-10-28,80.89,81.54,79.11,79.86,1337765,NVDA
2022-10-29,77.27,77.51,76.48,76.89,2400499,NVDA
2022-10-30,77.78,78.48,77.38,77.54,1140036,NVDA
2022-10-31,78.95,79.23,78.35,78.61,490861,NVDA
2022-11-01,77.59,78.03,77.41,77.75,1478461,NVDA
2022-11-02,80.52,80.74,79.97,80.41,1396724,NVDA
2022-11-03,78.67,79.18,77.66,78.21,1079016,NVDA
2022-11-04,76.19,76.47,75.29,75.65,1035538,NVDA
2022-11-05,75.7,76.34,75.54,75.99,1217831,NVDA
2022-11-06,77.67,77.85,77.28,77.72,1289815,NVDA
2022-11-07,80.83,81.04,80.51,80.58,1997152,NVDA
2022-11-08,79.5,79.96,79.29,79.73,1101676,NVDA
2022-11-09,80.62,81.78,80.38,81.59,1868928,NVDA
2022-11-10,80.82,82.48,79.84,81.49,503473,NVDA
2022-11-11,80.81,81.7,80.5,81.15,1439308,NVDA
2022-11-12,82.64,82.71,82.62,82.7,595756,NVDA
2022-11-13,83.87,84.41,83.06,83.85,1844346,NVDA
2022-11-14,80.88,80.98,80.75,80.91,4419700,NVDA
2022-11-15,83.7,84.08,83.19,83.51,721827,NVDA
2022-11-16,85.76,86.33,85.66,86.02,2655042,NVDA
2022-11-17,85.29,86.25,83.92,84.8,878198,NVDA
2022-11-18,85.2,86.13,84.56,85.5,1255091,NVDA
2022-11-19,86.61,86.85,86.24,86.4,1958710,NVDA
2022-11-20,86.66,86.96,86.24,86.86,850361,NVDA
2022-11-21,85.5,86.2,85.42,85.77,1345325,NVDA
2022-11-22,84.35,84.8,83.95,84.47,761251,NVDA
2022-11-23,84.98,85.11,84.11,84.39,2228658,NVDA
2022-11-24,86.78,87.16,86.35,86.54,1101625,NVDA
2022-11-25,87.98,88.38,87.27,87.54,1017317,NVDA
2022-11-26,88.03,88.17,85.94,86.79,1062257,NVDA
2022-11-27,87.83,89.12,87.19,88.23,824824,NVDA
2022-11-28,82.65,83.08,82.28,82.66,1177629,NVDA
2022-11-29,84.44,85.21,84.19,84.72,475492,NVDA
2022-11-30,81.76,82.18,81.41,81.43,3324146,NVDA
2022-12-01,81.07,81.14,80.38,80.75,1869694,NVDA
2022-12-02,79.2,79.74,78.59,78.72,1322802,NVDA
2022-12-03,77.16,77.26,76.17,76.44,585254,NVDA
2022-12-04,78.88,79.34,78.1,78.37,1717739,NVDA
2022-12-05,76.65,78.22,76.12,77.53,1532763,NVDA
2022-12-06,78.04,78.34,77.96,78.09,791004,NVDA
2022-12-07,77.38,78.21,76.8,77.98,1325813,NVDA
2022-12-08,78.99,79.26,78.64,78.77,1144080,NVDA
2022-12-09,78.86,79.26,78.51,78.87,330543,NVDA
2022-12-10,77.01,77.23,76.49,76.61,1407930,NVDA
2022-12-11,77.93,78.43,77.89,78.26,1895867,NVDA
2022-12-12,77.25,77.64,76.6,77.38,717602,NVDA
2022-12-13,75.37,76.07,73.98,74.69,1056927,NVDA
2022-12-14,74.01,74.03,73.63,73.96,1334187,NVDA
2022-12-15,76.65,77.29,76.01,76.38,865142,NVDA
2022-12-16,76.91,78.09,76.46,77.78,1421477,NVDA
2022-12-17,76.72,77.48,76.47,77.15,1945806,NVDA
2022-12-18,76.32,76.58,76.14,76.52,1271853,NVDA
2022-12-19,76.34,76.57,75.65,75.95,1174737,NVDA
2022-12-20,78.83,79.88,78.15,79.4,799055,NVDA
2022-12-21,80.23,80.8,79.49,80.04,1099158,NVDA
2022-12-22,80.56,81.08,80.15,80.76,923385,NVDA
2022-12-23,82.26,82.8,82.22,82.57,3272677,NVDA
2022-12-24,83.23,83.38,82.76,82.97,1697391,NVDA
2022-12-25,82.57,82.82,82.3,82.46,2679177,NVDA
2022-12-26,81.23,83.08,81.04,82.07,2575967,NVDA
2022-12-27,81.9,82.27,81.39,81.91,675122,NVDA
2022-12-28,81.86,81.92,81.73,81.81,3093786,NVDA
2022-12-29,82.72,83.94,82.47,83.09,1199958,NVDA
2022-12-30,82.77,83.67,82.54,83.15,1632009,NVDA
2022-12-31,84.28,84.65,84.08,84.46,916309,NVDA
2023-01-01,83.2,85.12,83.2,84.28,1212251,NVDA
2023-01-02,83.81,85.22,83.54,84.39,672814,NVDA
2023-01-03,80.57,80.96,80.26,80.64,1961822,NVDA
2023-01-04,81.93,82.49,81.88,82.24,1208683,NVDA
2023-01-05,81.71,83.84,80.94,82.83,1397209,NVDA
2023-01-06,84.63,84.67,84.53,84.62,862988,NVDA
2023-01-07,79.43,79.74,79.11,79.19,1212427,NVDA
2023-01-08,83.72,83.83,82.04,82.8,1138906,NVDA
2023-01-09,83.04,83.24,82.36,82.51,999522,NVDA
2023-01-10,84.52,84.79,84.31,84.5,619419,NVDA
2023-01-11,83.33,84.33,82.0,82.53,1244653,NVDA
2023-01-12,83.83,84.37,82.88,83.61,2121640,NVDA
2023-01-13,81.89,82.04,81.45,81.63,961046,NVDA
2023-01-14,80.13,80.98,79.38,80.48,3086261,NVDA
2023-01-15,83.86,83.97,83.66,83.84,1292682,NVDA
2023-01-16,83.52,83.83,83.24,83.46,1906216,NVDA
2023-01-17,84.2,84.68,83.6,83.82,1541887,NVDA
2023-01-18,85.17,86.15,84.36,85.4,834997,NVDA
2023-01-19,86.06,86.36,85.23,86.3,1414766,NVDA
2023-01-20,86.8,86.86,85.89,86.55,939157,NVDA
2023-01-21,87.7,88.18,87.09,87.21,1303319,NVDA
2023-01-22,92.1,92.16,91.39,91.8,1635064,NVDA
2023-01-23,91.31,91.91,90.94,91.65,773791,NVDA
2023-01-24,91.91,92.23,91.61,92.02,2007009,NVDA
2023-01-25,93.63,94.16,93.17,94.11,907048,NVDA
2023-01-26,96.06,96.58,95.86,96.37,674744,NVDA
2023-01-27,99.38,99.55,98.24,98.86,1126671,NVDA
2023-01-28,99.35,101.29,98.56,100.21,654245,NVDA
2023-01-29,97.13,99.0,96.41,97.64,614194,NVDA
2023-01-30,100.81,101.91,100.04,101.12,573043,NVDA
2023-01-31,99.31,99.51,98.25,98.53,3171830,NVDA
2023-02-01,99.74,100.33,98.74,99.14,1556426,NVDA
2023-02-02,97.43,98.36,96.34,97.46,1352761,NVDA
2023-02-03,97.01,97.5,96.6,97.28,1360265,NVDA
2023-02-04,98.22,98.23,97.44,97.95,1401611,NVDA
2023-02-05,98.92,99.14,98.24,98.6,1854125,NVDA
2023-02-06,99.69,101.02,99.05,99.48,1177407,NVDA
2023-02-07,102.21,103.68,102.19,102.98,1099137,NVDA
2023-02-08,103.68,104.49,103.28,103.97,547338,NVDA
2023-02-09,102.97,103.38,102.53,103.37,689897,NVDA
2023-02-10,105.86,106.02,104.82,105.53,1204009,NVDA
2023-02-11,108.47,109.36,107.42,108.25,501006,NVDA
2023-02-12,105.42,106.08,105.13,105.28,1471617,NVDA
2023-02-13,106.03,107.26,105.91,106.62,946016,NVDA
2023-02-14,108.63,108.8,107.87,108.23,803840,NVDA
2023-02-15,107.81,108.95,107.23,107.48,2145487,NVDA
2023-02-16,110.69,110.93,110.33,110.7,604010,NVDA
2023-02-17,110.28,110.61,109.79,110.29,963430,NVDA
2023-02-18,110.14,110.82,109.75,110.55,764642,NVDA
2023-02-19,109.92,110.8,109.32,110.08,2143231,NVDA
2023-02-20,108.93,110.83,108.9,110.08,624127,NVDA
2023-02-21,107.35,107.83,107.12,107.37,894120,NVDA
2023-02-22,104.65,104.82,103.12,103.92,679526,NVDA
2023-02-23,107.33,107.59,106.97,107.53,1158260,NVDA
2023-02-24,105.93,105.94,105.45,105.48,1338553,NVDA
2023-02-25,102.44,103.51,101.78,103.13,426569,NVDA
2023-02-26,97.91,98.69,97.02,98.19,709392,NVDA
2023-02-27,96.83,97.01,96.28,96.77,974265,NVDA
2023-02-28,93.67,94.52,93.32,93.91,1114634,NVDA
2023-03-01,97.82,98.3,96.75,97.27,715128,NVDA
2023-03-02,99.99,101.24,99.07,99.4,852484,NVDA
2023-03-03,97.49,97.86,97.14,97.85,1264063,NVDA
2023-03-04,102.24,103.12,101.73,102.67,1341803,NVDA
2023-03-05,104.82,105.22,103.89,104.86,270083,NVDA
2023-03-06,105.21,105.27,103.97,104.06,771135,NVDA
2023-03-07,98.95,98.96,97.98,98.28,639860,NVDA
2023-03-08,103.54,104.9,102.7,103.21,893298,NVDA
2023-03-09,99.92,100.18,99.7,100.01,1104795,NVDA
2023-03-10,96.12,96.53,96.1,96.34,540457,NVDA
2023-03-11,97.58,99.49,97.2,98.47,683258,NVDA
2023-03-12,103.33,104.12,103.06,103.73,837638,NVDA
2023-03-13,106.43,107.25,105.98,106.86,1037791,NVDA
2023-03-14,108.4,108.54,107.95,108.15,537887,NVDA
2023-03-15,109.26,110.56,108.18,109.52,755471,NVDA
2023-03-16,111.14,111.8,110.19,111.54,424717,NVDA
2023-03-17,114.28,115.38,112.62,113.36,758717,NVDA
2023-03-18,114.72,115.58,113.97,114.02,784807,NVDA
2023-03-19,115.39,116.39,112.9,114.24,409589,NVDA
2023-03-20,113.82,114.12,113.28,114.03,1251339,NVDA
2023-03-21,112.35,112.36,111.52,112.09,1011032,NVDA
2023-03-22,112.2,112.24,110.87,111.35,467931,NVDA
2023-03-23,106.72,107.16,106.67,107.15,839891,NVDA
2023-03-24,105.81,106.9,104.67,106.88,835034,NVDA
2023-03-25,103.84,104.69,103.46,104.5,294760,NVDA
2023-03-26,102.54,103.1,101.42,101.92,580584,NVDA
2023-03-27,102.52,102.8,102.17,102.28,834343,NVDA
2023-03-28,105.73,105.86,105.03,105.38,338213,NVDA
2023-03-29,107.71,108.09,106.52,107.48,554810,NVDA
2023-03-30,103.41,103.92,103.23,103.71,957362,NVDA
2023-03-31,101.18,101.63,101.15,101.41,872668,NVDA
2023-04-01,104.04,104.67,103.42,103.47,368794,NVDA
2023-04-02,100.56,101.53,100.26,101.19,1230132,NVDA
2023-04-03,101.05,101.25,100.45,100.64,926444,NVDA
2023-04-04,100.97,102.2,99.72,101.83,953938,NVDA
2023-04-05,99.04,100.12,99.03,99.61,2220913,NVDA
2023-04-06,99.9,100.68,98.88,99.8,636873,NVDA
2023-04-07,96.37,96.88,95.98,96.83,1147871,NVDA
2023-04-08,95.81,96.08,95.5,95.5,329314,NVDA
2023-04-09,95.96,97.02,95.46,96.14,950144,NVDA
2023-04-10,92.8,93.52,92.69,92.72,2286110,NVDA
2023-04-11,93.83,95.05,92.65,93.59,1026788,NVDA
2023-04-12,93.48,93.63,93.41,93.51,581688,NVDA
2023-04-13,95.29,95.74,93.98,94.61,318214,NVDA
2023-04-14,95.19,95.55,94.91,95.04,557148,NVDA
2023-04-15,97.73,98.52,96.74,97.86,862800,NVDA
2023-04-16,97.9,98.17,97.83,98.1,262630,NVDA
2023-04-17,97.24,98.14,96.72,97.13,784342,NVDA
2023-04-18,96.09,97.38,95.81,97.35,547167,NVDA
2023-04-19,98.56,98.81,98.35,98.48,464072,NVDA
2023-04-20,98.37,98.87,98.14,98.55,831018,NVDA
2023-04-21,98.94,99.07,98.38,98.59,532410,NVDA
2023-04-22,97.13,97.18,96.76,97.03,527075,NVDA
2023-04-23,95.73,96.8,95.14,95.57,547326,NVDA
2023-04-24,92.27,93.15,91.72,92.58,418168,NVDA
2023-04-25,96.04,96.59,95.73,96.11,838997,NVDA
2023-04-26,94.18,94.79,92.94,93.44,291597,NVDA
2023-04-27,91.24,92.11,90.84,91.97,788728,NVDA
2023-04-28,90.36,90.5,90.36,90.48,972403,NVDA
2023-04-29,91.84,92.26,91.44,92.23,1189761,NVDA
2023-04-30,91.85,92.54,91.25,91.59,902684,NVDA
2023-05-01,93.78,95.08,93.1,94.08,1364347,NVDA
2023-05-02,93.28,93.65,92.2,92.64,394509,NVDA
2023-05-03,93.0,93.28,92.5,93.18,628098,NVDA
2023-05-04,91.32,92.35,90.83,91.42,499210,NVDA
2023-05-05,95.39,95.88,95.09,95.71,298911,NVDA
2023-05-06,93.21,93.32,92.91,93.17,955744,NVDA
2023-05-07,94.3,94.49,92.84,93.77,1124600,NVDA
2023-05-08,94.56,95.58,94.37,95.04,740448,NVDA
2023-05-09,95.92,96.79,95.55,95.87,1369134,NVDA
2023-05-10,96.06,96.26,94.82,95.44,690676,NVDA
2023-05-11,95.48,95.92,94.49,95.13,627890,NVDA
2023-05-12,94.57,95.48,93.59,95.18,1022807,NVDA
2023-05-13,94.56,94.88,93.92,94.84,935801,NVDA
2023-05-14,96.82,97.28,96.72,96.81,1268593,NVDA
2023-05-15,101.92,102.03,101.36,101.5,566115,NVDA
2023-05-16,99.29,100.68,98.59,100.21,385579,NVDA
2023-05-17,97.38,97.51,96.78,97.14,512506,NVDA
2023-05-18,96.94,97.14,96.77,96.91,486548,NVDA
2023-05-19,102.65,102.79,102.05,102.39,980795,NVDA
2023-05-20,100.73,101.18,100.51,100.53,1201034,NVDA
2023-05-21,104.24,105.34,103.84,104.13,1370481,NVDA
2023-05-22,107.98,108.31,107.43,107.94,557973,NVDA
2023-05-23,106.18,106.66,106.13,106.58,695744,NVDA
2023-05-24,106.72,108.34,106.62,107.87,597874,NVDA
2023-05-25,112.28,113.62,110.31,111.7,1038834,NVDA
2023-05-26,110.91,110.94,110.48,110.73,953019,NVDA
2023-05-27,110.16,110.78,110.01,110.19,1031755,NVDA
2023-05-28,108.72,108.75,108.47,108.73,585377,NVDA
2023-05-29,107.19,107.96,105.69,106.25,525050,NVDA
2023-05-30,104.95,104.98,104.66,104.69,784573,NVDA
2023-05-31,102.02,102.04,101.09,101.82,523990,NVDA
2023-06-01,102.14,102.33,101.25,101.86,1987091,NVDA
2023-06-02,99.72,100.42,99.02,100.09,1151007,NVDA
2023-06-03,100.26,100.73,100.13,100.56,496932,NVDA
2023-06-04,96.66,97.16,96.3,97.07,1621083,NVDA
2023-06-05,98.76,99.79,96.64,97.74,821789,NVDA
2023-06-06,98.76,100.02,97.6,99.5,976772,NVDA
2023-06-07,95.12,95.25,95.0,95.09,1558306,NVDA
2023-06-08,96.29,96.78,94.81,95.83,1184831,NVDA
2023-06-09,98.97,99.15,98.2,98.39,750300,NVDA
2023-06-10,95.15,96.64,94.89,95.73,1203600,NVDA
2023-06-11,99.92,100.65,98.86,99.22,453571,NVDA
2023-06-12,99.26,100.55,98.92,100.1,503225,NVDA
2023-06-13,97.16,99.87,95.83,98.5,1323512,NVDA
2023-06-14,98.52,99.02,98.06,98.34,959588,NVDA
2023-06-15,99.57,99.97,98.96,99.51,622504,NVDA
2023-06-16,99.6,99.86,99.52,99.64,1066865,NVDA
2023-06-17,101.46,102.05,100.69,100.78,1272876,NVDA
2023-06-18,98.91,99.88,98.61,98.7,616546,NVDA
2023-06-19,98.95,99.28,98.73,99.03,1695269,NVDA
2023-06-20,96.57,96.82,95.07,95.9,1823231,NVDA
2023-06-21,95.13,96.07,94.66,95.63,1392007,NVDA
2023-06-22,94.21,95.0,93.13,93.68,589549,NVDA
2023-06-23,92.29,92.68,91.41,92.12,1178113,NVDA
2023-06-24,94.92,95.17,93.72,94.6,1778008,NVDA
2023-06-25,96.9,97.3,96.72,96.84,774600,NVDA
2023-06-26,97.26,98.5,96.72,98.1,734871,NVDA
2023-06-27,95.41,96.25,94.85,95.7,650569,NVDA
2023-06-28,94.25,95.11,93.59,94.99,711290,NVDA
2023-06-29,96.35,98.15,95.28,97.5,823650,NVDA
2023-06-30,97.36,98.51,96.78,97.76,1479777,NVDA
2023-07-01,102.35,103.03,102.06,102.73,1910077,NVDA
2023-07-02,102.82,103.88,102.28,103.58,579523,NVDA
2023-07-03,104.71,105.54,103.89,103.97,1489051,NVDA
2023-07-04,102.2,104.08,101.15,103.22,1619267,NVDA
2023-07-05,103.82,104.64,103.25,103.49,1613656,NVDA
2023-07-06,103.65,104.32,102.95,103.1,1962267,NVDA
2023-07-07,105.51,106.68,103.7,104.67,636264,NVDA
2023-07-08,107.5,107.85,106.31,106.83,691233,NVDA
2023-07-09,105.09,106.55,103.92,104.94,1930233,NVDA
2023-07-10,101.48,102.05,101.27,101.82,1967237,NVDA
2023-07-11,98.63,99.33,96.98,97.65,508400,NVDA
2023-07-12,99.24,99.95,98.61,98.71,774726,NVDA
2023-07-13,96.01,96.93,95.5,96.27,1839767,NVDA
2023-07-14,91.27,92.54,89.98,91.66,1195183,NVDA
2023-07-15,91.79,92.52,91.77,92.41,1822043,NVDA
2023-07-16,96.93,97.5,96.83,97.45,1276625,NVDA
2023-07-17,97.22,97.74,97.01,97.4,1690135,NVDA
2023-07-18,98.47,99.97,97.87,99.16,702838,NVDA
2023-07-19,99.83,100.07,99.1,99.3,847539,NVDA
2023-07-20,99.41,99.42,98.68,99.05,888814,NVDA
2023-07-21,100.17,101.1,99.04,101.01,1489616,NVDA
2023-07-22,100.95,101.09,99.98,100.33,1726980,NVDA
2023-07-23,99.86,101.36,99.14,100.88,1413744,NVDA
2023-07-24,102.32,103.48,101.43,101.55,1016713,NVDA
2023-07-25,100.47,100.85,98.94,100.02,1268549,NVDA
2023-07-26,101.95,102.24,101.09,102.17,1133974,NVDA
2023-07-27,101.7,102.52,101.03,101.73,1292695,NVDA
2023-07-28,99.93,100.23,99.47,100.0,1521793,NVDA
2023-07-29,101.45,101.77,100.42,101.14,1421538,NVDA
2023-07-30,100.1,100.42,98.92,99.1,1216036,NVDA
2023-07-31,99.61,99.87,98.92,99.12,664041,NVDA
2023-08-01,99.81,99.83,98.06,99.06,814518,NVDA
2023-08-02,101.7,101.86,101.01,101.39,1094971,NVDA
2023-08-03,102.25,102.71,101.79,102.41,602891,NVDA
2023-08-04,102.09,102.5,101.89,102.32,2144368,NVDA
2023-08-05,103.32,104.52,102.15,104.12,1465407,NVDA
2023-08-06,107.51,107.75,107.1,107.27,3154080,NVDA
2023-08-07,108.15,108.65,108.06,108.55,2049363,NVDA
2023-08-08,108.51,109.0,108.03,108.53,1507414,NVDA
2023-08-09,105.08,105.94,104.96,105.35,1809967,NVDA
2023-08-10,103.0,103.12,102.36,102.83,2482881,NVDA
2023-08-11,101.73,102.5,101.51,102.1,1047101,NVDA
2023-08-12,100.93,101.2,100.02,100.68,1504803,NVDA
2023-08-13,99.74,101.15,98.9,100.23,1267076,NVDA
2023-08-14,99.32,100.65,98.29,100.32,1418951,NVDA
2023-08-15,101.88,102.73,100.46,101.45,1461603,NVDA
2023-08-16,101.07,101.29,100.73,101.25,1522626,NVDA
2023-08-17,103.53,103.98,101.48,102.3,2079026,NVDA
2023-08-18,102.35,102.65,102.32,102.4,3122027,NVDA
2023-08-19,98.16,98.43,97.67,97.9,1124496,NVDA
2023-08-20,95.51,96.08,95.44,95.83,814483,NVDA
2023-08-21,94.51,96.41,93.59,95.49,1047105,NVDA
2023-08-22,92.46,93.26,92.18,92.9,2042943,NVDA
2023-08-23,94.48,94.73,93.81,94.1,1240067,NVDA
2023-08-24,96.6,97.8,96.01,97.23,656617,NVDA
2023-08-25,100.18,101.37,98.8,99.81,1631794,NVDA
2023-08-26,99.06,99.76,98.4,99.3,1089941,NVDA
2023-08-27,102.48,103.36,102.27,102.53,1037778,NVDA
2023-08-28,103.14,103.65,101.55,102.82,1153691,NVDA
2023-08-29,101.7,102.22,101.66,102.02,852800,NVDA
2023-08-30,101.6,102.47,99.89,100.6,1116037,NVDA
2023-08-31,100.84,101.4,99.12,99.88,1762607,NVDA
2023-09-01,99.02,100.17,98.16,98.99,3487536,NVDA
2023-09-02,98.97,99.44,98.28,99.32,2966289,NVDA
2023-09-03,99.74,99.95,99.25,99.63,573694,NVDA
2023-09-04,99.52,99.67,99.43,99.6,1266437,NVDA
2023-09-05,100.87,101.05,100.14,100.52,1945500,NVDA
2023-09-06,103.11,103.35,102.73,103.12,2041854,NVDA
2023-09-07,105.19,105.6,105.03,105.24,1045811,NVDA
2023-09-08,101.34,102.37,101.06,101.75,943638,NVDA
2023-09-09,96.89,97.09,94.88,95.98,2552718,NVDA
2023-09-10,97.3,98.78,96.14,97.92,2256193,NVDA
2023-09-11,94.73,95.0,94.72,94.93,889849,NVDA
2023-09-12,93.71,94.66,93.46,94.42,1579047,NVDA
2023-09-13,91.64,91.99,91.38,91.95,1411402,NVDA
2023-09-14,88.07,88.65,87.73,88.26,1194470,NVDA
2023-09-15,88.33,89.9,87.97,89.28,1839916,NVDA
2023-09-16,90.78,90.83,90.6,90.74,1497206,NVDA
2023-09-17,89.09,89.64,88.93,89.55,694354,NVDA
2023-09-18,84.34,84.6,84.14,84.39,575863,NVDA
2023-09-19,83.21,83.4,83.18,83.34,1983359,NVDA
2023-09-20,84.67,85.2,83.51,84.03,905085,NVDA
2023-09-21,80.57,82.01,80.29,81.26,1641086,NVDA
2023-09-22,81.83,81.92,81.25,81.55,1361594,NVDA
2023-09-23,81.88,82.0,81.18,81.49,3764982,NVDA
2023-09-24,82.87,83.32,82.19,82.5,996243,NVDA
2023-09-25,82.6,82.69,82.58,82.69,1551763,NVDA
2023-09-26,81.58,82.0,80.36,80.88,1694642,NVDA
2023-09-27,83.96,84.86,82.68,82.98,1097853,NVDA
2023-09-28,83.41,83.57,82.04,82.66,1281394,NVDA
2023-09-29,82.15,82.96,81.4,82.58,944513,NVDA
2023-09-30,80.86,81.09,80.33,80.84,976196,NVDA
2023-10-01,80.37,80.77,79.94,80.02,1084986,NVDA
2023-10-02,78.61,78.82,78.39,78.43,1449747,NVDA
2023-10-03,77.87,78.31,77.65,78.1,1835468,NVDA
2023-10-04,81.27,81.54,80.89,81.01,596381,NVDA
2023-10-05,78.42,78.56,78.13,78.53,1733646,NVDA
2023-10-06,75.71,75.97,75.45,75.7,1396991,NVDA
2023-10-07,78.25,78.67,77.62,78.13,1724810,NVDA
2023-10-08,77.79,77.88,77.57,77.74,682480,NVDA
2023-10-09,76.6,77.45,75.73,76.56,628702,NVDA
2023-10-10,77.53,78.41,76.99,78.29,1004886,NVDA
2023-10-11,76.89,77.37,76.54,77.21,713089,NVDA
2023-10-12,81.15,81.85,79.46,80.29,886990,NVDA
2023-10-13,81.46,81.69,81.28,81.46,973580,NVDA
2023-10-14,80.33,80.71,80.22,80.55,2319628,NVDA
2023-10-15,84.97,85.43,84.05,84.35,1594489,NVDA
2023-10-16,82.32,84.13,81.97,83.19,1219519,NVDA
2023-10-17,84.93,85.69,83.68,84.52,456378,NVDA
2023-10-18,85.03,85.48,84.71,85.04,2494201,NVDA
2023-10-19,87.3,88.02,87.06,87.45,366200,NVDA
2023-10-20,91.75,92.36,90.24,90.43,767025,NVDA
2023-10-21,91.0,91.22,90.09,90.45,1373106,NVDA
2023-10-22,89.23,89.72,88.75,88.92,3159847,NVDA
2023-10-23,89.63,90.09,89.27,89.78,1315375,NVDA
2023-10-24,87.61,88.99,87.37,88.4,781415,NVDA
2023-10-25,93.19,93.21,91.48,92.3,575027,NVDA
2023-10-26,92.19,93.42,91.59,92.54,2242641,NVDA
2023-10-27,92.16,92.21,91.3,91.75,741083,NVDA
2023-10-28,92.16,92.27,92.06,92.09,2384085,NVDA
2023-10-29,89.18,89.8,88.63,89.32,1336557,NVDA
2023-10-30,87.26,87.39,86.92,87.37,1023745,NVDA
2023-10-31,89.26,89.72,88.99,89.65,1252196,NVDA
2023-11-01,88.05,89.02,87.67,88.31,1615293,NVDA
2023-11-02,86.03,86.33,85.99,86.24,1248155,NVDA
2023-11-03,88.14,89.0,87.0,87.23,358782,NVDA
2023-11-04,90.19,90.2,89.45,89.47,1518617,NVDA
2023-11-05,90.8,91.2,90.4,90.86,271602,NVDA
2023-11-06,93.31,94.15,92.19,92.82,939848,NVDA
2023-11-07,91.21,91.72,90.31,91.23,539182,NVDA
2023-11-08,88.13,88.84,87.98,88.33,615764,NVDA
2023-11-09,91.47,91.62,91.11,91.22,596296,NVDA
2023-11-10,90.56,90.67,90.43,90.54,659004,NVDA
2023-11-11,90.18,90.39,89.98,90.0,902026,NVDA
2023-11-12,92.93,92.95,92.32,92.6,622824,NVDA
2023-11-13,93.62,94.59,93.06,93.7,1047484,NVDA
2023-11-14,95.22,95.79,94.28,94.6,636851,NVDA
2023-11-15,99.14,99.27,98.79,99.08,195350,NVDA
2023-11-16,98.45,99.74,96.33,97.64,374260,NVDA
2023-11-17,99.46,100.1,99.01,99.6,523955,NVDA
2023-11-18,99.76,99.88,99.41,99.68,551277,NVDA
2023-11-19,100.66,100.8,100.14,100.24,487122,NVDA
2023-11-20,102.47,103.91,102.07,103.57,578846,NVDA
2023-11-21,105.0,105.27,104.38,104.69,945980,NVDA
2023-11-22,105.9,106.78,105.8,105.89,744036,NVDA
2023-11-23,107.43,108.46,107.35,108.36,1365559,NVDA
2023-11-24,107.28,107.7,107.2,107.44,647139,NVDA
2023-11-25,105.16,106.15,104.9,105.41,425610,NVDA
2023-11-26,102.64,103.15,102.59,102.94,767444,NVDA
2023-11-27,98.33,98.95,97.85,98.44,740555,NVDA
2023-11-28,102.1,103.2,101.29,102.86,1172201,NVDA
2023-11-29,100.34,100.53,99.85,100.32,590136,NVDA
2023-11-30,100.47,100.92,99.25,99.79,1288141,NVDA
2023-12-01,99.55,100.47,98.66,99.14,371119,NVDA
2023-12-02,99.42,99.95,98.94,99.77,602198,NVDA
2023-12-03,102.15,102.87,101.26,101.53,768708,NVDA
2023-12-04,103.62,103.79,102.99,103.41,2438847,NVDA
2023-12-05,101.89,102.08,101.64,102.04,1080671,NVDA
2023-12-06,101.14,101.7,101.07,101.63,348744,NVDA
2023-12-07,103.61,103.99,102.07,102.22,983687,NVDA
2023-12-08,100.7,102.46,100.42,101.62,1620624,NVDA
2023-12-09,105.61,106.23,105.09,105.18,549032,NVDA
2023-12-10,105.28,107.13,104.51,106.28,849006,NVDA
2023-12-11,108.25,108.41,107.32,107.96,2210324,NVDA
2023-12-12,109.59,110.18,108.86,109.49,1805269,NVDA
2023-12-13,112.39,112.83,111.75,112.28,506704,NVDA
2023-12-14,112.46,112.77,112.35,112.69,520153,NVDA
2023-12-15,109.75,110.98,108.18,109.42,1513074,NVDA
2023-12-16,110.41,111.02,109.72,110.34,1287886,NVDA
2023-12-17,108.83,109.07,108.54,108.71,389592,NVDA
2023-12-18,107.57,108.41,106.72,107.4,983695,NVDA
2023-12-19,109.23,109.7,108.59,108.75,1591438,NVDA
2023-12-20,111.49,111.77,111.35,111.67,2693054,NVDA
2023-12-21,111.01,112.4,110.48,111.68,447537,NVDA
2023-12-22,112.45,112.56,112.19,112.4,507611,NVDA
2023-12-23,116.44,116.77,115.51,116.57,1692181,NVDA
2023-12-24,117.0,117.24,116.55,117.15,421060,NVDA
2023-12-25,124.29,124.42,123.67,123.82,679957,NVDA
2023-12-26,125.2,125.62,124.16,125.32,664911,NVDA
2023-12-27,121.06,122.21,120.14,120.4,506106,NVDA
2023-12-28,122.04,122.55,121.93,122.35,488558,NVDA
2023-12-29,123.84,124.57,122.88,123.33,444490,NVDA
2023-12-30,125.84,126.91,124.91,126.79,622610,NVDA
2023-12-31,129.57,131.04,127.02,128.62,565104,NVDA
2024-01-01,128.17,128.57,127.61,128.18,501384,NVDA
2024-01-02,123.8,125.06,123.45,124.67,331730,NVDA
2024-01-03,124.71,125.06,124.02,124.04,1712734,NVDA
2024-01-04,121.45,123.03,120.13,121.67,953991,NVDA
2024-01-05,119.68,120.37,119.16,120.06,853096,NVDA
2024-01-06,121.98,122.98,121.27,121.57,1181738,NVDA
2024-01-07,125.37,126.63,124.96,126.0,454474,NVDA
2024-01-08,128.02,128.31,126.75,127.05,751441,NVDA
2024-01-09,123.84,124.8,123.65,123.65,1590601,NVDA
2024-01-10,125.09,125.09,123.64,124.81,1545783,NVDA
2024-01-11,128.01,128.27,127.63,128.06,667687,NVDA
2024-01-12,125.48,126.41,125.05,126.28,1166294,NVDA
2024-01-13,125.55,126.28,125.15,125.86,738516,NVDA
2024-01-14,124.76,126.27,123.06,125.85,1006621,NVDA
2024-01-15,123.38,124.17,122.47,123.62,833723,NVDA
2024-01-16,124.3,125.86,124.28,125.34,233205,NVDA
2024-01-17,124.04,126.36,123.48,124.96,1814871,NVDA
2024-01-18,127.4,128.81,125.97,126.06,1087414,NVDA
2024-01-19,123.75,123.82,123.5,123.54,550470,NVDA
2024-01-20,123.28,123.29,121.41,122.3,699237,NVDA
2024-01-21,124.14,124.49,123.92,124.2,767054,NVDA
2024-01-22,122.91,123.82,122.83,123.13,1266619,NVDA
2024-01-23,129.52,130.54,126.92,127.77,1472166,NVDA
2024-01-24,126.53,126.62,126.43,126.6,1433491,NVDA
2024-01-25,127.46,128.58,126.81,127.17,1243965,NVDA
2024-01-26,130.02,130.1,129.47,129.74,476018,NVDA
2024-01-27,126.49,127.02,124.62,125.63,1206404,NVDA
2024-01-28,119.78,121.0,118.94,120.7,1052228,NVDA
2024-01-29,117.21,117.51,116.38,116.59,795997,NVDA
2024-01-30,120.15,120.52,119.53,119.79,807481,NVDA
2024-01-31,118.08,118.78,117.66,118.29,1357981,NVDA
2024-02-01,124.06,125.36,123.81,124.91,1282152,NVDA
2024-02-02,123.28,123.32,122.87,123.31,872497,NVDA
2024-02-03,123.49,123.95,123.43,123.76,335428,NVDA
2024-02-04,127.58,127.99,126.75,127.92,372114,NVDA
2024-02-05,132.73,133.79,132.64,133.53,422925,NVDA
2024-02-06,139.24,139.97,138.57,139.55,876706,NVDA
2024-02-07,143.84,143.91,143.03,143.21,1121099,NVDA
2024-02-08,146.28,147.2,146.07,146.39,1307613,NVDA
2020-01-01,154.12,155.04,152.77,153.34,1137348,JPM
2020-01-02,155.96,156.37,154.81,155.26,639678,JPM
2020-01-03,155.08,156.52,154.21,154.79,839953,JPM
2020-01-04,158.17,158.64,156.87,157.3,782480,JPM
2020-01-05,163.97,165.81,163.15,163.22,1581651,JPM
2020-01-06,161.72,164.41,159.88,162.34,843765,JPM
2020-01-07,160.76,161.86,160.71,161.46,1340223,JPM
2020-01-08,168.85,169.09,165.81,167.76,2874510,JPM
2020-01-09,171.58,172.0,170.95,170.97,1992071,JPM
2020-01-10,168.47,169.15,167.82,169.07,856428,JPM
2020-01-11,171.28,171.82,170.68,171.37,903206,JPM
2020-01-12,169.87,170.3,168.88,169.48,1357683,JPM
2020-01-13,168.32,169.37,166.37,167.61,472556,JPM
2020-01-14,167.89,168.75,167.21,168.66,711919,JPM
2020-01-15,160.61,161.34,159.93,160.82,1410764,JPM
2020-01-16,154.77,155.75,153.89,154.08,1042732,JPM
2020-01-17,151.13,152.76,150.37,152.01,2938191,JPM
2020-01-18,148.52,149.1,147.62,148.3,824585,JPM
2020-01-19,151.2,151.36,147.74,149.49,669612,JPM
2020-01-20,146.11,147.25,144.41,146.22,728668,JPM
2020-01-21,139.66,142.22,138.09,141.21,1151531,JPM
2020-01-22,147.1,148.05,145.61,146.33,1061143,JPM
2020-01-23,146.44,147.83,144.96,145.57,3527248,JPM
2020-01-24,145.49,146.13,145.43,145.86,952411,JPM
2020-01-25,140.07,142.72,139.19,140.82,1201255,JPM
2020-01-26,138.12,139.01,137.49,139.0,1828441,JPM
2020-01-27,138.3,139.55,137.19,139.42,1119062,JPM
2020-01-28,134.8,136.54,134.65,135.54,1567171,JPM
2020-01-29,136.57,137.67,136.32,136.83,1453227,JPM
2020-01-30,134.57,135.5,134.31,134.87,1821532,JPM
2020-01-31,134.54,134.98,133.5,133.95,595563,JPM
2020-02-01,131.98,132.81,131.44,132.03,1811414,JPM
2020-02-02,137.64,139.09,137.1,138.06,1133607,JPM
2020-02-03,138.3,138.56,137.61,138.06,1339599,JPM
2020-02-04,135.78,136.72,133.36,134.53,1009604,JPM
2020-02-05,137.85,138.53,136.85,137.29,2819012,JPM
2020-02-06,133.45,133.85,132.98,133.23,443601,JPM
2020-02-07,132.25,135.19,131.32,133.96,2494469,JPM
2020-02-08,128.71,129.61,126.76,127.58,885583,JPM
2020-02-09,123.16,124.15,122.96,123.47,2680308,JPM
2020-02-10,125.8,126.74,123.84,124.11,2305635,JPM
2020-02-11,125.96,127.36,125.87,126.4,2086350,JPM
2020-02-12,127.15,127.65,126.71,126.97,1906032,JPM
2020-02-13,125.76,127.9,125.72,126.66,3923583,JPM
2020-02-14,126.11,126.79,125.6,125.77,940958,JPM
2020-02-15,120.4,121.33,119.5,121.26,949909,JPM
2020-02-16,119.18,119.44,118.98,119.16,917396,JPM
2020-02-17,117.98,118.98,117.06,117.86,2027192,JPM
2020-02-18,121.37,122.83,120.35,120.95,668113,JPM
2020-02-19,122.31,122.41,121.74,122.01,2125342,JPM
2020-02-20,117.24,117.93,116.68,116.79,1111882,JPM
2020-02-21,117.66,117.88,116.77,117.75,754426,JPM
2020-02-22,117.36,117.77,115.97,116.68,751939,JPM
2020-02-23,115.02,115.84,114.69,114.79,866594,JPM
2020-02-24,117.34,118.21,116.04,116.55,614799,JPM
2020-02-25,119.6,120.26,119.07,119.53,1673375,JPM
2020-02-26,123.29,123.91,121.63,122.3,1983271,JPM
2020-02-27,119.89,120.14,119.35,119.83,2094092,JPM
2020-02-28,117.75,119.56,117.15,118.96,948692,JPM
2020-02-29,120.3,120.7,119.4,119.97,1514646,JPM
2020-03-01,122.3,123.21,121.91,122.87,1302547,JPM
2020-03-02,122.96,124.46,120.12,121.47,1836466,JPM
2020-03-03,121.23,122.02,120.24,120.96,1623726,JPM
2020-03-04,117.45,118.32,117.22,117.73,1360026,JPM
2020-03-05,114.51,114.85,114.05,114.32,513308,JPM
2020-03-06,117.11,117.89,116.43,116.63,1195766,JPM
2020-03-07,120.22,121.61,119.15,120.55,1373218,JPM
2020-03-08,120.48,120.74,119.39,120.38,917438,JPM
2020-03-09,121.86,123.44,121.66,123.38,1134263,JPM
2020-03-10,122.95,125.03,122.01,124.51,677172,JPM
2020-03-11,122.24,123.01,120.94,122.59,1103293,JPM
2020-03-12,123.04,123.86,122.56,123.71,1666478,JPM
2020-03-13,128.63,129.33,128.27,128.41,3673303,JPM
2020-03-14,128.39,128.97,127.84,128.35,777904,JPM
2020-03-15,133.48,134.17,132.55,133.31,1273430,JPM
2020-03-16,126.12,127.53,123.86,124.8,795586,JPM
2020-03-17,126.68,128.41,126.34,127.36,1226287,JPM
2020-03-18,128.02,128.64,127.49,127.67,1146235,JPM
2020-03-19,127.75,127.93,125.95,126.78,1940080,JPM
2020-03-20,126.68,127.13,126.34,127.11,2077441,JPM
2020-03-21,120.79,121.68,120.53,120.97,1381459,JPM
2020-03-22,119.89,120.45,119.2,120.36,1199613,JPM
2020-03-23,121.47,122.18,121.42,121.45,2292987,JPM
2020-03-24,125.43,126.62,124.65,125.89,1382308,JPM
2020-03-25,123.71,124.91,122.36,124.34,2689028,JPM
2020-03-26,121.43,123.02,120.43,121.92,554829,JPM
2020-03-27,119.25,121.0,118.14,120.46,3051807,JPM
2020-03-28,123.23,123.37,122.97,123.2,916288,JPM
2020-03-29,125.47,126.02,123.73,124.24,722379,JPM
2020-03-30,122.3,122.78,122.16,122.67,1211719,JPM
2020-03-31,124.51,125.12,123.77,124.25,689943,JPM
2020-04-01,123.74,125.12,123.08,124.59,1634492,JPM
2020-04-02,128.09,128.63,126.75,127.59,971965,JPM
2020-04-03,124.47,125.72,123.72,125.44,1408406,JPM
2020-04-04,123.33,125.95,122.92,124.48,745184,JPM
2020-04-05,124.36,125.38,123.01,123.33,1082166,JPM
2020-04-06,118.66,119.93,117.25,118.95,1263844,JPM
2020-04-07,121.12,122.5,118.93,119.85,1090769,JPM
2020-04-08,121.75,123.17,119.12,120.66,2643582,JPM
2020-04-09,120.02,121.46,118.61,120.72,1591018,JPM
2020-04-10,119.78,120.34,119.15,120.06,1307764,JPM
2020-04-11,116.51,116.91,115.86,115.95,464456,JPM
2020-04-12,115.02,116.13,114.47,114.79,1412328,JPM
2020-04-13,112.73,115.03,112.09,113.87,2157327,JPM
2020-04-14,112.32,112.41,111.37,111.67,819019,JPM
2020-04-15,111.42,111.99,110.8,111.27,1041419,JPM
2020-04-16,111.62,112.47,110.97,112.41,251881,JPM
2020-04-17,117.47,117.73,115.77,117.64,609851,JPM
2020-04-18,118.5,118.89,117.81,118.18,398656,JPM
2020-04-19,119.86,120.75,118.35,118.97,1183419,JPM
2020-04-20,119.74,121.32,118.63,118.79,1035732,JPM
2020-04-21,114.13,114.14,112.56,113.25,1052421,JPM
2020-04-22,113.17,114.23,112.92,113.22,886210,JPM
2020-04-23,112.72,114.66,112.04,113.42,1823615,JPM
2020-04-24,120.6,120.78,120.16,120.3,587623,JPM
2020-04-25,120.72,121.8,118.77,119.78,1041912,JPM
2020-04-26,119.87,121.58,118.9,120.7,1447170,JPM
2020-04-27,119.35,120.8,118.56,120.64,975237,JPM
2020-04-28,118.16,118.39,116.14,117.23,1012423,JPM
2020-04-29,120.76,120.96,120.46,120.55,696451,JPM
2020-04-30,123.04,123.39,122.69,122.81,883607,JPM
2020-05-01,125.29,126.28,124.97,125.23,1485571,JPM
2020-05-02,122.41,122.71,121.97,122.49,375199,JPM
2020-05-03,127.55,128.64,126.08,126.74,944742,JPM
2020-05-04,121.78,122.45,121.51,122.43,757854,JPM
2020-05-05,124.07,124.38,124.01,124.23,972678,JPM
2020-05-06,129.71,130.95,129.43,130.94,2426841,JPM
2020-05-07,127.5,128.53,126.41,127.81,793880,JPM
2020-05-08,125.09,127.2,124.69,126.08,2074293,JPM
2020-05-09,126.01,127.43,125.72,126.43,1694656,JPM
2020-05-10,124.81,124.92,124.58,124.92,984740,JPM
2020-05-11,119.65,120.26,119.6,120.22,1005551,JPM
2020-05-12,121.03,121.59,120.27,120.46,1045896,JPM
2020-05-13,117.6,118.34,116.2,117.37,627453,JPM
2020-05-14,118.47,119.1,117.74,118.77,1286770,JPM
2020-05-15,115.69,116.31,115.68,116.14,686988,JPM
2020-05-16,120.21,120.89,119.3,120.58,942669,JPM
2020-05-17,118.65,119.0,117.53,118.31,306442,JPM
2020-05-18,117.57,117.63,117.3,117.42,592014,JPM
2020-05-19,120.5,121.21,119.32,119.8,1181903,JPM
2020-05-20,116.33,116.74,116.14,116.23,511712,JPM
2020-05-21,117.95,119.03,116.21,116.92,1052212,JPM
2020-05-22,119.47,121.0,118.07,120.7,685563,JPM
2020-05-23,116.4,116.9,115.46,115.99,1438191,JPM
2020-05-24,116.74,118.12,115.6,116.56,1631533,JPM
2020-05-25,116.14,118.04,115.67,117.34,943301,JPM
2020-05-26,118.05,120.35,117.41,119.62,850180,JPM
2020-05-27,116.45,117.28,115.86,116.04,867360,JPM
2020-05-28,112.93,113.34,111.38,112.33,834572,JPM
2020-05-29,113.76,114.04,113.42,113.81,1519192,JPM
2020-05-30,115.15,115.28,113.86,114.67,2907552,JPM
2020-05-31,115.55,115.91,115.13,115.42,423478,JPM
2020-06-01,116.88,117.05,116.18,116.43,489691,JPM
2020-06-02,115.64,117.1,113.0,114.54,1607215,JPM
2020-06-03,115.26,115.32,114.69,115.23,455952,JPM
2020-06-04,116.43,116.95,115.46,116.09,403616,JPM
2020-06-05,114.13,114.34,114.01,114.1,2292091,JPM
2020-06-06,119.72,119.84,119.22,119.35,689222,JPM
2020-06-07,120.6,121.13,120.1,120.78,692921,JPM
2020-06-08,117.14,117.84,116.98,117.3,604853,JPM
2020-06-09,119.31,119.68,118.9,119.22,1036513,JPM
2020-06-10,116.34,117.72,115.68,116.42,437065,JPM
2020-06-11,117.81,119.89,116.61,118.7,1858749,JPM
2020-06-12,123.8,125.35,120.75,122.11,1108732,JPM
2020-06-13,119.98,121.06,119.47,119.7,737078,JPM
2020-06-14,122.48,123.04,122.03,122.57,570808,JPM
2020-06-15,123.77,124.26,123.05,123.85,789595,JPM
2020-06-16,127.62,127.95,125.33,126.38,1253936,JPM
2020-06-17,130.9,133.16,129.4,132.29,2739775,JPM
2020-06-18,132.9,133.17,130.46,131.54,1566092,JPM
2020-06-19,129.55,129.64,129.01,129.16,1216398,JPM
2020-06-20,126.57,126.65,126.23,126.39,745585,JPM
2020-06-21,123.43,124.39,122.97,123.91,1345548,JPM
2020-06-22,123.86,124.17,123.55,123.72,608486,JPM
2020-06-23,125.6,126.02,124.02,124.8,850834,JPM
2020-06-24,126.4,127.15,125.29,125.69,1289417,JPM
2020-06-25,127.74,128.64,127.45,128.28,969265,JPM
2020-06-26,127.96,128.41,127.68,128.36,511626,JPM
2020-06-27,133.1,134.15,132.58,132.97,330492,JPM
2020-06-28,132.27,132.65,132.12,132.16,911411,JPM
2020-06-29,141.26,141.31,140.82,141.0,756790,JPM
2020-06-30,143.06,143.54,142.06,143.21,1123873,JPM
2020-07-01,141.69,143.11,140.05,140.26,725248,JPM
2020-07-02,135.99,137.53,135.54,136.63,581763,JPM
2020-07-03,137.93,138.33,137.92,138.29,1189605,JPM
2020-07-04,137.66,138.36,136.91,137.58,1154432,JPM
2020-07-05,138.7,141.0,138.69,140.03,244125,JPM
2020-07-06,141.35,142.28,140.61,141.7,327685,JPM
2020-07-07,141.98,142.15,140.85,141.5,747049,JPM
2020-07-08,138.94,139.42,137.57,138.61,677535,JPM
2020-07-09,133.28,133.66,133.07,133.52,637606,JPM
2020-07-10,132.41,132.6,131.07,132.11,1057411,JPM
2020-07-11,135.41,136.23,134.54,134.92,1919897,JPM
2020-07-12,135.75,135.75,135.51,135.68,418837,JPM
2020-07-13,131.08,131.69,130.46,131.58,679014,JPM
2020-07-14,131.89,133.38,131.73,132.19,694481,JPM
2020-07-15,134.07,134.86,133.17,133.48,780720,JPM
2020-07-16,130.31,131.02,130.3,130.64,382880,JPM
2020-07-17,132.36,132.37,131.0,131.18,893800,JPM
2020-07-18,132.2,132.27,131.2,131.41,722412,JPM
2020-07-19,128.72,129.88,127.36,127.78,1971246,JPM
2020-07-20,127.73,129.71,126.38,128.94,864669,JPM
2020-07-21,130.5,132.03,129.34,130.75,504157,JPM
2020-07-22,133.41,135.61,132.86,134.27,339685,JPM
2020-07-23,138.05,138.34,137.15,137.78,686291,JPM
2020-07-24,133.45,134.02,132.95,133.18,497380,JPM
2020-07-25,129.49,130.73,129.32,130.16,587848,JPM
2020-07-26,132.61,133.47,131.56,131.85,867375,JPM
2020-07-27,132.97,134.33,131.71,133.55,824442,JPM
2020-07-28,134.21,136.12,133.86,135.28,811516,JPM
2020-07-29,147.31,148.34,146.52,148.09,1484808,JPM
2020-07-30,151.89,152.71,148.47,150.21,912361,JPM
2020-07-31,154.42,154.86,153.95,154.44,2904837,JPM
2020-08-01,157.23,158.7,156.42,158.1,815314,JPM
2020-08-02,161.39,162.84,158.62,160.68,617171,JPM
2020-08-03,159.54,159.54,159.25,159.49,359927,JPM
2020-08-04,162.48,162.69,162.41,162.51,396739,JPM
2020-08-05,160.05,160.37,158.97,159.49,1212016,JPM
2020-08-06,157.97,159.24,157.15,158.62,1072142,JPM
2020-08-07,158.67,160.15,155.14,156.79,745871,JPM
2020-08-08,156.13,158.5,155.14,157.16,701906,JPM
2020-08-09,166.48,166.76,165.79,166.12,507197,JPM
2020-08-10,158.53,158.88,158.25,158.58,732417,JPM
2020-08-11,161.0,161.44,160.82,161.3,852541,JPM
2020-08-12,155.69,155.72,154.26,154.99,294324,JPM
2020-08-13,152.89,153.46,152.5,153.25,1168259,JPM
2020-08-14,158.46,158.75,156.57,157.39,297165,JPM
2020-08-15,158.73,160.56,156.71,157.69,976254,JPM
2020-08-16,152.18,154.55,152.05,153.59,812637,JPM
2020-08-17,151.18,152.88,150.39,150.95,968882,JPM
2020-08-18,153.53,153.98,152.57,153.51,609959,JPM
2020-08-19,152.28,152.7,149.79,150.82,1982225,JPM
2020-08-20,151.28,152.17,151.25,151.67,1226510,JPM
2020-08-21,152.41,152.96,151.62,151.89,1185928,JPM
2020-08-22,150.91,151.06,149.31,149.52,795392,JPM
2020-08-23,156.36,157.94,155.19,157.42,844242,JPM
2020-08-24,160.54,160.57,158.85,159.92,1375683,JPM
2020-08-25,152.16,153.26,150.64,152.05,1707547,JPM
2020-08-26,152.78,152.88,152.36,152.79,1807287,JPM
2020-08-27,150.59,150.75,150.18,150.37,883717,JPM
2020-08-28,153.53,153.71,152.88,153.56,937786,JPM
2020-08-29,150.72,151.38,150.32,150.63,1084150,JPM
2020-08-30,150.19,151.12,149.93,150.26,812368,JPM
2020-08-31,151.22,152.83,150.63,152.17,654606,JPM
2020-09-01,155.92,157.27,153.78,155.45,1022188,JPM
2020-09-02,150.63,151.35,150.28,150.94,1201007,JPM
2020-09-03,149.01,150.59,148.7,149.75,1241237,JPM
2020-09-04,147.99,148.24,147.59,148.06,927015,JPM
2020-09-05,146.78,148.33,144.37,145.74,698133,JPM
2020-09-06,151.75,152.14,151.42,152.09,1254778,JPM
2020-09-07,153.75,153.98,153.1,153.65,1203738,JPM
2020-09-08,148.73,149.17,148.07,148.96,626860,JPM
2020-09-09,151.33,152.47,150.34,152.36,1607073,JPM
2020-09-10,161.24,161.36,158.97,160.33,1473095,JPM
2020-09-11,165.28,166.09,163.82,164.44,993928,JPM
2020-09-12,160.19,161.32,157.4,158.38,546102,JPM
2020-09-13,156.37,156.59,155.28,156.56,561223,JPM
2020-09-14,161.7,162.23,161.17,161.47,1288980,JPM
2020-09-15,158.15,159.55,157.98,158.72,803337,JPM
2020-09-16,160.8,161.19,160.27,160.5,917346,JPM
2020-09-17,163.49,165.78,161.68,163.6,602480,JPM
2020-09-18,160.61,161.13,159.2,159.95,1610029,JPM
2020-09-19,160.56,161.01,158.69,159.77,417079,JPM
2020-09-20,147.09,147.31,146.43,147.15,1055785,JPM
2020-09-21,143.09,143.91,143.08,143.51,1299956,JPM
2020-09-22,143.81,144.85,141.48,142.67,1487684,JPM
2020-09-23,138.45,138.69,138.11,138.36,1403266,JPM
2020-09-24,144.5,144.92,143.85,143.94,603044,JPM
2020-09-25,138.13,140.08,137.45,138.95,908445,JPM
2020-09-26,137.3,138.45,137.27,137.5,774204,JPM
2020-09-27,138.9,139.94,136.49,137.99,628961,JPM
2020-09-28,142.98,143.54,141.1,142.9,471486,JPM
2020-09-29,138.27,138.89,137.81,137.93,1452610,JPM
2020-09-30,141.77,142.09,141.37,141.9,2074160,JPM
2020-10-01,142.66,143.53,141.43,141.99,869036,JPM
2020-10-02,137.84,138.82,136.72,138.62,1705893,JPM
2020-10-03,139.77,140.61,139.43,140.24,1528752,JPM
2020-10-04,140.45,141.4,139.91,140.97,747719,JPM
2020-10-05,138.61,139.04,138.37,138.95,1115430,JPM
2020-10-06,139.24,139.62,139.22,139.23,1211969,JPM
2020-10-07,137.33,138.17,136.86,137.97,1726183,JPM
2020-10-08,137.71,138.97,137.36,138.4,1266089,JPM
2020-10-09,140.63,140.73,140.28,140.69,503704,JPM
2020-10-10,145.49,147.16,144.99,146.2,3021126,JPM
2020-10-11,141.56,142.92,140.48,141.82,1475580,JPM
2020-10-12,149.38,150.92,147.68,149.28,742056,JPM
2020-10-13,142.46,142.93,141.94,142.2,567910,JPM
2020-10-14,141.41,142.21,141.24,141.72,795418,JPM
2020-10-15,143.31,144.71,142.83,143.81,1036050,JPM
2020-10-16,144.89,144.98,144.44,144.84,882344,JPM
2020-10-17,144.1,145.65,141.22,142.69,980538,JPM
2020-10-18,143.21,143.37,140.32,142.01,749535,JPM
2020-10-19,139.13,140.46,137.23,140.34,1652823,JPM
2020-10-20,137.57,138.94,136.93,138.37,743582,JPM
2020-10-21,142.17,143.11,140.69,141.29,1649377,JPM
2020-10-22,143.53,144.66,141.47,142.58,1774050,JPM
2020-10-23,141.43,142.71,139.69,140.21,597367,JPM
2020-10-24,143.87,143.88,141.61,143.34,1003052,JPM
2020-10-25,144.38,145.46,143.96,144.47,2006453,JPM
2020-10-26,149.41,150.27,145.95,147.4,1381253,JPM
2020-10-27,149.32,151.04,148.84,149.72,1972778,JPM
2020-10-28,147.07,147.31,146.49,146.73,2203843,JPM
2020-10-29,144.62,145.99,143.8,144.77,731113,JPM
2020-10-30,147.56,148.02,146.53,147.47,1034528,JPM
2020-10-31,149.17,149.73,148.98,149.72,1489380,JPM
2020-11-01,149.2,151.32,148.61,149.7,1120051,JPM
2020-11-02,148.63,150.94,147.65,150.18,1524478,JPM
2020-11-03,154.36,155.38,154.3,154.93,2688187,JPM
2020-11-04,150.62,154.6,149.86,152.74,1169148,JPM
2020-11-05,156.24,157.44,153.67,154.84,1442297,JPM
2020-11-06,153.72,154.28,153.54,154.12,1213951,JPM
2020-11-07,155.24,156.93,152.38,153.36,462652,JPM
2020-11-08,157.86,158.1,157.4,157.53,851011,JPM
2020-11-09,161.1,161.58,160.54,160.77,1162713,JPM
2020-11-10,164.5,165.65,163.61,164.03,1027638,JPM
2020-11-11,167.28,171.1,165.47,169.33,1923588,JPM
2020-11-12,167.73,170.37,165.71,169.47,2218922,JPM
2020-11-13,171.41,172.67,170.98,172.36,913224,JPM
2020-11-14,172.16,172.49,170.81,171.11,2202110,JPM
2020-11-15,172.21,172.67,171.62,172.53,992759,JPM
2020-11-16,172.71,173.14,171.22,172.04,1500445,JPM
2020-11-17,172.14,172.85,171.94,172.51,1057175,JPM
2020-11-18,175.6,176.13,174.81,175.08,656065,JPM
2020-11-19,171.37,172.72,171.08,171.63,869291,JPM
2020-11-20,180.27,181.1,179.83,180.48,562227,JPM
2020-11-21,175.07,177.04,174.0,176.1,1922635,JPM
2020-11-22,171.15,171.17,170.87,170.93,2528289,JPM
2020-11-23,177.27,177.91,174.7,175.83,2015577,JPM
2020-11-24,177.97,181.34,177.01,179.3,1095553,JPM
2020-11-25,181.49,183.33,181.27,182.1,1812859,JPM
2020-11-26,185.74,186.7,183.62,184.97,480099,JPM
2020-11-27,185.17,185.84,184.44,184.97,2128830,JPM
2020-11-28,183.11,184.64,178.88,180.97,3211533,JPM
2020-11-29,181.94,182.0,180.96,181.37,1770245,JPM
2020-11-30,178.52,179.44,177.51,178.43,981309,JPM
2020-12-01,184.87,185.72,181.02,182.75,1915817,JPM
2020-12-02,179.84,182.74,178.94,182.15,1294602,JPM
2020-12-03,179.08,179.82,177.18,178.54,745456,JPM
2020-12-04,177.01,179.12,176.87,177.19,634040,JPM
2020-12-05,180.36,182.13,177.2,179.04,1110294,JPM
2020-12-06,177.44,179.62,174.96,176.64,1256762,JPM
2020-12-07,172.79,173.52,172.43,173.14,340940,JPM
2020-12-08,173.27,175.65,171.65,174.23,5288172,JPM
2020-12-09,176.11,176.24,174.83,175.34,984270,JPM
2020-12-10,174.16,175.39,172.26,173.22,2341370,JPM
2020-12-11,172.09,173.21,170.05,171.29,1234985,JPM
2020-12-12,172.67,172.8,172.2,172.32,2288885,JPM
2020-12-13,166.58,167.15,166.01,166.27,3662408,JPM
2020-12-14,160.76,160.92,160.46,160.6,915327,JPM
2020-12-15,156.93,158.28,156.6,157.83,1008698,JPM
2020-12-16,156.35,157.68,155.41,157.06,1604871,JPM
2020-12-17,158.25,158.91,157.75,158.31,1935849,JPM
2020-12-18,164.47,165.37,163.28,164.08,1315571,JPM
2020-12-19,167.61,167.97,167.38,167.58,1082146,JPM
2020-12-20,167.09,168.1,166.51,166.98,580165,JPM
2020-12-21,166.98,167.87,166.08,166.96,1214750,JPM
2020-12-22,162.38,164.07,162.25,162.92,690953,JPM
2020-12-23,163.25,164.64,162.01,162.9,1151054,JPM
2020-12-24,160.96,163.48,160.54,161.81,2095930,JPM
2020-12-25,163.29,163.7,162.98,163.14,1377358,JPM
2020-12-26,160.0,160.36,159.63,159.89,1345263,JPM
2020-12-27,161.96,162.63,161.17,161.98,517110,JPM
2020-12-28,169.77,171.58,167.87,168.12,1418859,JPM
2020-12-29,169.52,169.99,167.2,167.73,848486,JPM
2020-12-30,169.43,170.38,169.03,169.43,416694,JPM
2020-12-31,173.93,175.55,171.85,172.36,2122470,JPM
2021-01-01,170.48,171.15,170.0,170.72,958034,JPM
2021-01-02,172.16,173.26,170.5,171.72,1102834,JPM
2021-01-03,170.89,173.21,170.03,171.83,1359840,JPM
2021-01-04,172.05,172.68,172.02,172.3,2001431,JPM
2021-01-05,168.93,170.73,167.54,169.1,726354,JPM
2021-01-06,169.97,170.86,167.6,169.26,2181092,JPM
2021-01-07,170.03,171.68,168.99,171.38,1021481,JPM
2021-01-08,177.58,178.93,176.92,177.53,693692,JPM
2021-01-09,180.83,181.78,179.61,181.76,1087803,JPM
2021-01-10,191.71,192.38,191.23,191.4,743555,JPM
2021-01-11,187.08,188.46,186.07,187.87,963997,JPM
2021-01-12,193.25,194.64,190.89,191.95,2138100,JPM
2021-01-13,191.41,193.95,190.43,192.88,388450,JPM
2021-01-14,202.8,204.63,202.05,203.28,1025598,JPM
2021-01-15,199.09,199.59,198.55,199.33,976698,JPM
2021-01-16,193.62,196.78,193.34,195.3,834886,JPM
2021-01-17,191.92,193.2,191.84,192.5,768430,JPM
2021-01-18,181.34,183.36,180.79,182.56,1352823,JPM
2021-01-19,179.93,180.58,179.65,180.27,705542,JPM
2021-01-20,176.87,178.0,176.56,176.99,222943,JPM
2021-01-21,176.79,177.75,176.53,177.7,442141,JPM
2021-01-22,179.04,179.9,178.11,179.25,799282,JPM
2021-01-23,188.6,190.96,186.28,187.54,1456126,JPM
2021-01-24,193.13,193.68,191.6,191.97,1212117,JPM
2021-01-25,189.48,190.38,188.08,189.32,309774,JPM
2021-01-26,183.24,185.27,181.35,185.23,1192899,JPM
2021-01-27,187.35,187.68,187.13,187.52,946977,JPM
2021-01-28,179.22,184.03,178.07,181.52,683852,JPM
2021-01-29,189.36,189.8,189.31,189.73,684554,JPM
2021-01-30,195.36,196.91,194.85,195.27,1174931,JPM
2021-01-31,193.11,193.71,192.45,193.09,1006291,JPM
2021-02-01,185.71,186.3,184.95,185.06,520760,JPM
2021-02-02,191.89,193.06,189.23,191.26,496905,JPM
2021-02-03,191.14,191.28,190.33,190.79,898300,JPM
2021-02-04,196.92,198.44,196.62,196.64,2129926,JPM
2021-02-05,188.2,189.5,188.04,189.03,1415460,JPM
2021-02-06,186.33,186.34,186.2,186.32,1118494,JPM
2021-02-07,186.64,187.05,185.91,186.41,483720,JPM
2021-02-08,187.33,187.93,185.31,186.69,544852,JPM
2021-02-09,186.12,186.95,183.45,184.69,1131379,JPM
2021-02-10,187.17,187.99,186.74,187.57,1204003,JPM
2021-02-11,182.82,182.96,181.94,182.74,534847,JPM
2021-02-12,182.75,182.86,181.43,182.16,731799,JPM
2021-02-13,182.7,183.4,182.63,182.76,519837,JPM
2021-02-14,184.02,187.1,182.16,185.13,587542,JPM
2021-02-15,190.0,191.2,186.89,188.42,1289709,JPM
2021-02-16,184.38,185.26,182.29,183.29,672645,JPM
2021-02-17,176.48,178.15,174.9,176.47,483875,JPM
2021-02-18,181.19,184.52,180.96,182.05,364288,JPM
2021-02-19,183.27,184.47,182.61,183.6,706944,JPM
2021-02-20,179.54,180.78,179.13,180.3,647865,JPM
2021-02-21,188.02,190.34,186.72,187.2,1548816,JPM
2021-02-22,188.16,189.7,186.3,187.8,488332,JPM
2021-02-23,192.33,193.4,191.95,193.29,460900,JPM
2021-02-24,192.19,194.71,191.98,193.67,1012553,JPM
2021-02-25,203.44,203.64,203.29,203.51,821328,JPM
2021-02-26,211.32,212.98,210.01,212.33,730864,JPM
2021-02-27,211.77,211.93,209.21,211.1,790885,JPM
2021-02-28,213.96,217.28,212.35,216.2,576695,JPM
2021-03-01,219.76,220.39,219.62,219.69,751634,JPM
2021-03-02,228.95,230.55,225.24,227.13,1055626,JPM
2021-03-03,222.15,222.74,221.68,221.84,409827,JPM
2021-03-04,225.93,226.69,224.41,225.64,1115186,JPM
2021-03-05,231.79,233.98,229.02,231.57,1216913,JPM
2021-03-06,220.93,222.19,220.92,221.68,548443,JPM
2021-03-07,214.46,215.43,214.11,215.33,3018957,JPM
2021-03-08,204.45,204.67,203.04,204.65,1817397,JPM
2021-03-09,203.6,204.13,203.27,203.37,301238,JPM
2021-03-10,206.65,207.71,206.57,207.02,1173104,JPM
2021-03-11,213.65,215.37,213.6,214.7,1024463,JPM
2021-03-12,216.57,217.92,213.07,215.17,408807,JPM
2021-03-13,224.97,227.72,221.99,223.82,907490,JPM
2021-03-14,217.9,219.29,214.59,216.33,553918,JPM
2021-03-15,206.25,208.13,205.41,207.39,1096110,JPM
2021-03-16,208.78,209.15,206.24,207.18,430790,JPM
2021-03-17,211.26,212.95,206.85,209.2,426779,JPM
2021-03-18,208.49,209.49,206.5,209.1,1799303,JPM
2021-03-19,196.8,198.69,195.55,198.59,714109,JPM
2021-03-20,196.85,199.58,194.6,198.23,1033073,JPM
2021-03-21,191.95,192.75,191.69,191.96,1149754,JPM
2021-03-22,196.09,196.83,194.37,195.18,657518,JPM
2021-03-23,197.12,198.03,195.0,197.0,570848,JPM
2021-03-24,193.58,194.34,191.46,192.53,909781,JPM
2021-03-25,191.08,191.26,189.88,190.17,1726577,JPM
2021-03-26,186.39,186.86,184.06,185.31,765923,JPM
2021-03-27,182.71,185.94,181.4,185.09,878743,JPM
2021-03-28,188.65,189.6,187.6,189.48,649299,JPM
2021-03-29,185.25,185.95,184.68,184.97,848982,JPM
2021-03-30,188.48,190.1,185.8,187.32,558098,JPM
2021-03-31,182.92,185.61,180.97,184.95,864249,JPM
2021-04-01,181.8,183.2,180.54,181.43,1183760,JPM
2021-04-02,180.1,181.05,178.66,181.01,1487984,JPM
2021-04-03,176.03,177.48,175.88,176.49,1166648,JPM
2021-04-04,173.46,174.25,173.45,174.16,921362,JPM
2021-04-05,170.4,170.86,167.48,169.11,1975884,JPM
2021-04-06,176.39,178.13,176.14,177.3,716830,JPM
2021-04-07,178.51,179.45,177.24,177.52,679849,JPM
2021-04-08,175.56,176.58,173.67,174.54,299311,JPM
2021-04-09,172.99,175.62,171.3,175.51,883255,JPM
2021-04-10,176.48,176.74,173.89,175.09,1057581,JPM
2021-04-11,175.96,176.16,173.65,174.2,1328810,JPM
2021-04-12,177.97,178.39,175.34,176.88,722818,JPM
2021-04-13,179.7,180.77,178.89,180.22,2458005,JPM
2021-04-14,178.41,179.03,176.99,177.94,1204615,JPM
2021-04-15,176.21,176.55,173.6,175.5,457124,JPM
2021-04-16,173.98,174.57,173.97,174.38,954200,JPM
2021-04-17,164.56,165.2,164.56,164.61,783312,JPM
2021-04-18,158.24,160.49,157.74,158.56,1549081,JPM
2021-04-19,164.05,164.29,163.74,163.92,818598,JPM
2021-04-20,172.0,173.66,169.82,170.58,530688,JPM
2021-04-21,169.17,170.52,168.15,169.6,950045,JPM
2021-04-22,172.07,173.52,171.81,172.05,622593,JPM
2021-04-23,172.39,174.41,171.12,173.42,342531,JPM
2021-04-24,185.71,186.65,184.97,186.55,542956,JPM
2021-04-25,191.43,193.34,190.61,191.73,899990,JPM
2021-04-26,190.99,191.6,190.05,191.19,639776,JPM
2021-04-27,187.61,188.18,186.15,186.79,1624815,JPM
2021-04-28,179.77,179.89,177.93,179.51,440418,JPM
2021-04-29,180.54,181.39,180.04,180.46,583539,JPM
2021-04-30,177.42,177.84,176.96,177.18,524871,JPM
2021-05-01,171.23,172.05,169.73,171.07,947660,JPM
2021-05-02,168.86,169.09,167.22,168.42,1753544,JPM
2021-05-03,164.42,164.55,163.89,164.02,893678,JPM
2021-05-04,170.66,171.66,170.5,170.85,808759,JPM
2021-05-05,176.76,177.75,172.97,174.6,1682242,JPM
2021-05-06,176.26,178.59,172.61,174.63,2883968,JPM
2021-05-07,181.01,181.55,179.21,181.01,1113147,JPM
2021-05-08,180.69,181.51,179.93,181.42,349835,JPM
2021-05-09,180.0,182.31,175.73,177.66,494716,JPM
2021-05-10,185.15,185.84,184.3,184.34,1228521,JPM
2021-05-11,186.02,188.49,185.64,186.84,1137355,JPM
2021-05-12,184.01,185.09,180.43,182.16,326817,JPM
2021-05-13,182.38,184.33,180.64,181.37,1238452,JPM
2021-05-14,178.35,178.43,177.13,177.55,1329106,JPM
2021-05-15,170.76,172.16,170.16,171.6,496046,JPM
2021-05-16,175.04,175.95,174.46,175.55,2218940,JPM
2021-05-17,182.85,185.19,182.71,183.81,1076552,JPM
2021-05-18,176.68,177.99,176.48,177.58,1315737,JPM
2021-05-19,180.33,180.87,178.49,180.09,762673,JPM
2021-05-20,176.94,178.76,176.74,177.29,2374935,JPM
2021-05-21,176.47,177.38,175.03,175.23,3300685,JPM
2021-05-22,172.53,173.57,172.23,172.75,1131473,JPM
2021-05-23,167.0,171.38,164.98,169.16,2216644,JPM
2021-05-24,171.22,171.86,168.37,169.42,599974,JPM
2021-05-25,166.0,166.27,165.6,166.03,1085514,JPM
2021-05-26,165.31,167.56,164.04,167.19,665540,JPM
2021-05-27,167.29,167.44,166.38,167.04,983893,JPM
2021-05-28,166.58,168.21,165.7,166.12,682392,JPM
2021-05-29,163.38,165.1,161.53,162.48,938060,JPM
2021-05-30,161.36,161.36,159.27,160.25,1521149,JPM
2021-05-31,162.99,163.27,161.5,163.26,485716,JPM
2021-06-01,164.71,165.46,162.88,165.32,592000,JPM
2021-06-02,161.03,161.49,160.66,161.42,909880,JPM
2021-06-03,162.39,162.48,161.71,161.87,1525341,JPM
2021-06-04,164.3,165.02,164.01,164.91,2710730,JPM
2021-06-05,159.23,159.34,157.89,158.22,938427,JPM
2021-06-06,158.78,160.53,158.54,160.38,1107912,JPM
2021-06-07,158.6,159.46,157.61,157.84,909312,JPM
2021-06-08,159.35,161.14,158.35,160.09,851404,JPM
2021-06-09,155.49,157.4,154.8,157.16,1243358,JPM
2021-06-10,150.36,151.41,149.44,150.27,919296,JPM
2021-06-11,144.76,145.57,144.31,144.33,1737217,JPM
2021-06-12,145.25,145.73,143.37,144.55,1062014,JPM
2021-06-13,145.83,146.33,144.97,145.52,1604492,JPM
2021-06-14,143.38,144.44,142.2,142.35,2037450,JPM
2021-06-15,144.82,145.15,144.62,144.62,1732548,JPM
2021-06-16,139.24,139.26,138.62,138.79,827359,JPM
2021-06-17,136.68,139.58,135.68,138.61,1506652,JPM
2021-06-18,133.75,134.64,133.63,134.55,1724508,JPM
2021-06-19,133.48,134.74,131.19,132.45,1103078,JPM
2021-06-20,132.5,132.93,132.41,132.65,2573173,JPM
2021-06-21,129.47,130.44,129.02,129.9,1139350,JPM
2021-06-22,128.53,128.94,127.86,128.72,949513,JPM
2021-06-23,131.47,132.65,131.28,131.94,907521,JPM
2021-06-24,130.01,131.34,129.88,130.12,1431688,JPM
2021-06-25,132.48,132.92,132.22,132.83,1793148,JPM
2021-06-26,128.95,130.79,127.97,129.2,1130158,JPM
2021-06-27,130.31,131.62,129.19,130.92,2112815,JPM
2021-06-28,135.04,135.91,134.92,135.59,3336063,JPM
2021-06-29,127.45,127.99,126.49,127.43,841646,JPM
2021-06-30,125.31,125.46,124.94,124.99,1789823,JPM
2021-07-01,126.93,127.55,126.19,126.8,2585662,JPM
2021-07-02,126.25,126.79,126.0,126.21,967703,JPM
2021-07-03,127.29,128.22,126.32,127.4,688730,JPM
2021-07-04,125.84,125.91,125.51,125.56,1726304,JPM
2021-07-05,125.98,126.21,125.77,125.87,1579718,JPM
2021-07-06,125.64,126.04,124.79,125.43,922601,JPM
2021-07-07,127.54,129.13,126.21,129.06,1685159,JPM
2021-07-08,130.05,130.12,128.97,129.91,1540154,JPM
2021-07-09,131.44,131.93,130.8,131.03,1194191,JPM
2021-07-10,130.13,130.68,129.59,129.75,1744067,JPM
2021-07-11,128.65,129.02,128.17,128.25,1130397,JPM
2021-07-12,126.1,126.95,125.35,126.94,1727933,JPM
2021-07-13,128.3,128.53,127.87,128.2,371705,JPM
2021-07-14,126.8,127.18,126.45,126.93,1039111,JPM
2021-07-15,127.19,128.4,127.03,127.87,1345395,JPM
2021-07-16,134.75,134.79,134.13,134.41,735633,JPM
2021-07-17,137.36,137.45,137.11,137.33,1148915,JPM
2021-07-18,137.47,137.52,134.98,136.28,961058,JPM
2021-07-19,139.95,140.66,139.48,140.33,1332457,JPM
2021-07-20,137.72,140.25,136.03,138.98,679364,JPM
2021-07-21,132.63,132.96,130.28,132.09,674819,JPM
2021-07-22,129.26,129.35,128.73,128.88,742762,JPM
2021-07-23,122.48,123.31,122.01,123.02,785935,JPM
2021-07-24,121.43,122.44,121.07,122.0,735232,JPM
2021-07-25,122.49,122.59,121.89,122.1,1245682,JPM
2021-07-26,127.45,128.21,125.81,127.15,3306584,JPM
2021-07-27,128.8,129.38,127.72,128.21,1990257,JPM
2021-07-28,127.26,127.59,126.48,127.57,579884,JPM
2021-07-29,131.1,131.81,129.88,130.21,2430500,JPM
2021-07-30,123.43,123.49,122.83,123.2,1801682,JPM
2021-07-31,123.74,124.74,123.14,123.96,1218506,JPM
2021-08-01,127.24,127.93,125.03,126.34,738556,JPM
2021-08-02,121.99,122.79,121.07,121.81,2883105,JPM
2021-08-03,124.62,125.32,124.47,125.26,790699,JPM
2021-08-04,125.15,126.65,124.69,126.34,1085253,JPM
2021-08-05,125.86,127.22,123.92,125.1,2963107,JPM
2021-08-06,127.45,127.54,127.08,127.08,1497127,JPM
2021-08-07,134.06,134.85,132.54,134.19,1832530,JPM
2021-08-08,134.72,135.55,133.99,134.83,1271276,JPM
2021-08-09,136.19,136.51,135.24,135.7,1173493,JPM
2021-08-10,133.9,134.44,133.52,134.22,1347915,JPM
2021-08-11,132.37,133.6,130.52,131.47,2463725,JPM
2021-08-12,134.51,134.73,133.83,134.19,1282554,JPM
2021-08-13,131.71,132.01,131.26,131.43,1746636,JPM
2021-08-14,130.72,132.55,129.99,131.7,658903,JPM
2021-08-15,129.94,130.67,129.56,130.21,1622361,JPM
2021-08-16,131.09,131.82,130.86,131.78,1488737,JPM
2021-08-17,134.25,134.27,132.34,132.9,1321455,JPM
2021-08-18,136.61,136.8,134.93,136.32,2248560,JPM
2021-08-19,134.38,134.77,133.79,134.67,2612966,JPM
2021-08-20,134.11,134.25,133.74,133.82,2079149,JPM
2021-08-21,130.1,130.92,130.08,130.66,1323270,JPM
2021-08-22,129.14,129.67,127.66,129.29,1371057,JPM
2021-08-23,130.15,130.61,129.61,130.53,1362819,JPM
2021-08-24,131.8,133.45,131.14,132.99,1927072,JPM
2021-08-25,130.53,130.53,129.68,130.03,728200,JPM
2021-08-26,133.8,134.69,131.63,132.85,530914,JPM
2021-08-27,136.74,138.03,135.98,137.3,2090842,JPM
2021-08-28,139.29,139.36,138.57,138.74,555831,JPM
2021-08-29,144.91,145.59,144.12,145.16,417850,JPM
2021-08-30,140.8,143.26,139.9,142.46,2449464,JPM
2021-08-31,137.35,138.43,137.29,138.17,855683,JPM
2021-09-01,131.82,132.79,131.35,132.2,492986,JPM
2021-09-02,137.08,137.45,136.82,137.09,1978209,JPM
2021-09-03,137.8,140.71,136.64,139.33,1103563,JPM
2021-09-04,138.91,140.07,137.91,139.19,960883,JPM
2021-09-05,140.04,140.35,139.75,140.19,1017928,JPM
2021-09-06,136.7,137.37,136.28,136.38,1099987,JPM
2021-09-07,143.78,145.54,142.84,144.59,1323161,JPM
2021-09-08,144.18,145.82,143.53,145.1,832598,JPM
2021-09-09,143.85,146.97,143.75,145.54,1216805,JPM
2021-09-10,148.31,149.98,146.6,148.17,1085376,JPM
2021-09-11,148.9,150.66,148.01,149.97,324486,JPM
2021-09-12,151.94,153.08,149.8,150.84,518418,JPM
2021-09-13,148.64,150.15,146.61,147.97,638982,JPM
2021-09-14,149.49,150.47,148.77,149.73,944642,JPM
2021-09-15,155.55,157.57,155.11,156.68,1296802,JPM
2021-09-16,162.32,163.25,160.64,161.9,2604519,JPM
2021-09-17,168.34,168.66,167.74,168.27,559799,JPM
2021-09-18,167.48,169.34,165.24,166.22,1176108,JPM
2021-09-19,160.75,163.83,160.13,162.25,1325657,JPM
2021-09-20,162.22,162.35,161.4,161.81,1678206,JPM
2021-09-21,161.94,162.5,161.6,162.08,905510,JPM
2021-09-22,166.19,167.4,164.71,166.48,1172465,JPM
2021-09-23,159.09,160.35,158.91,159.64,1120029,JPM
2021-09-24,164.53,166.12,163.86,165.67,1350665,JPM
2021-09-25,165.02,165.18,164.34,165.09,1294904,JPM
2021-09-26,165.23,166.07,162.7,163.42,220719,JPM
2021-09-27,160.96,162.11,157.96,159.43,836008,JPM
2021-09-28,152.88,153.22,152.83,153.02,1092487,JPM
2021-09-29,157.35,159.34,155.76,156.16,416593,JPM
2021-09-30,156.98,157.46,156.3,156.5,1942467,JPM
2021-10-01,151.31,151.91,151.09,151.61,763245,JPM
2021-10-02,147.41,148.14,146.54,146.85,1617619,JPM
2021-10-03,143.93,147.29,142.43,145.7,531612,JPM
2021-10-04,151.84,152.18,151.58,151.7,858641,JPM
2021-10-05,151.21,151.39,150.37,150.79,928749,JPM
2021-10-06,145.5,145.8,144.95,145.29,689918,JPM
2021-10-07,143.73,144.77,143.64,144.47,591443,JPM
2021-10-08,142.52,143.8,141.38,143.55,1106421,JPM
2021-10-09,135.46,135.62,133.75,134.12,994732,JPM
2021-10-10,134.33,134.86,132.94,133.99,737169,JPM
2021-10-11,132.48,134.28,131.55,133.28,1455247,JPM
2021-10-12,135.83,136.17,135.36,135.6,1080656,JPM
2021-10-13,142.25,142.46,141.59,141.78,706099,JPM
2021-10-14,144.18,147.73,143.34,145.74,402471,JPM
2021-10-15,144.32,145.93,143.86,144.83,1373380,JPM
2021-10-16,140.64,141.6,139.75,140.96,859996,JPM
2021-10-17,149.82,151.07,148.49,149.89,525562,JPM
2021-10-18,149.99,150.76,149.19,150.16,348746,JPM
2021-10-19,150.16,150.73,149.72,150.26,1814104,JPM
2021-10-20,150.39,151.38,149.6,150.22,883014,JPM
2021-10-21,150.92,151.24,150.85,151.0,532670,JPM
2021-10-22,150.58,152.22,149.64,150.52,697762,JPM
2021-10-23,149.46,150.15,147.61,148.46,305807,JPM
2021-10-24,148.21,148.32,146.02,146.52,1279264,JPM
2021-10-25,146.02,146.81,145.43,146.46,856417,JPM
2021-10-26,143.8,145.38,142.68,144.56,1173292,JPM
2021-10-27,141.38,142.39,140.14,142.09,322174,JPM
2021-10-28,142.75,143.31,142.44,142.5,902305,JPM
2021-10-29,140.94,142.0,140.28,141.66,629677,JPM
2021-10-30,146.43,147.17,145.79,146.93,990988,JPM
2021-10-31,135.53,137.81,134.78,137.44,785493,JPM
2021-11-01,142.62,143.79,141.06,141.16,633690,JPM
2021-11-02,145.47,145.95,145.41,145.52,484456,JPM
2021-11-03,139.1,139.62,137.31,138.18,574345,JPM
2021-11-04,136.88,137.32,136.78,137.07,372358,JPM
2021-11-05,136.04,136.52,135.28,135.87,674420,JPM
2021-11-06,129.96,131.53,129.17,131.24,1937279,JPM
2021-11-07,128.34,129.05,127.91,128.78,1121940,JPM
2021-11-08,124.7,125.68,123.2,125.33,1168436,JPM
2021-11-09,130.89,131.22,130.39,130.75,851789,JPM
2021-11-10,132.79,134.88,132.72,133.79,992692,JPM
2021-11-11,137.1,138.67,137.01,138.0,699475,JPM
2021-11-12,140.77,141.37,140.3,140.48,428399,JPM
2021-11-13,136.46,136.72,135.93,136.65,457290,JPM
2021-11-14,135.09,135.25,134.92,134.94,1222312,JPM
2021-11-15,137.23,138.34,136.5,136.6,522313,JPM
2021-11-16,134.53,136.28,131.71,132.56,688218,JPM
2021-11-17,134.45,136.67,133.04,134.92,1063526,JPM
2021-11-18,134.42,135.65,132.97,134.18,572999,JPM
2021-11-19,132.04,133.13,131.65,132.99,883525,JPM
2021-11-20,135.33,135.44,135.16,135.35,415273,JPM
2021-11-21,137.15,137.84,136.64,136.87,590495,JPM
2021-11-22,135.62,136.23,135.03,135.71,530270,JPM
2021-11-23,139.85,139.86,139.42,139.61,963806,JPM
2021-11-24,136.19,136.42,135.64,135.96,920707,JPM
2021-11-25,138.38,138.92,137.23,138.06,901605,JPM
2021-11-26,139.39,141.62,138.11,140.11,681044,JPM
2021-11-27,138.66,139.84,138.57,139.09,897155,JPM
2021-11-28,141.03,141.14,139.87,140.25,507749,JPM
2021-11-29,136.39,136.71,135.26,136.01,568269,JPM
2021-11-30,140.23,140.81,138.87,139.13,994726,JPM
2021-12-01,137.95,139.49,136.95,138.55,663796,JPM
2021-12-02,137.08,137.82,136.16,136.82,462181,JPM
2021-12-03,140.5,140.73,140.0,140.38,705963,JPM
2021-12-04,137.74,138.47,137.49,138.01,1433384,JPM
2021-12-05,135.03,135.05,132.48,133.3,626109,JPM
2021-12-06,128.93,128.99,128.11,128.27,719097,JPM
2021-12-07,129.92,130.77,129.5,130.21,1046583,JPM
2021-12-08,127.1,128.91,125.77,126.18,1264645,JPM
2021-12-09,131.38,131.65,131.0,131.64,875795,JPM
2021-12-10,126.6,127.28,123.56,124.98,602444,JPM
2021-12-11,130.36,130.58,129.8,130.21,1117609,JPM
2021-12-12,131.21,131.35,130.83,130.93,528939,JPM
2021-12-13,129.93,131.53,128.89,130.66,2087050,JPM
2021-12-14,128.47,129.47,127.74,128.96,496204,JPM
2021-12-15,130.55,130.56,129.88,130.27,1107915,JPM
2021-12-16,129.43,131.11,128.91,130.19,480151,JPM
2021-12-17,133.17,134.44,132.86,133.76,1438842,JPM
2021-12-18,134.65,134.9,134.09,134.18,226185,JPM
2021-12-19,135.47,136.57,133.55,134.72,522843,JPM
2021-12-20,131.67,133.75,131.02,133.56,307137,JPM
2021-12-21,132.57,133.98,131.4,133.42,434671,JPM
2021-12-22,135.82,136.65,132.88,134.47,978012,JPM
2021-12-23,128.9,129.73,128.43,128.89,1876665,JPM
2021-12-24,125.51,125.67,123.65,124.68,522213,JPM
2021-12-25,127.93,129.04,125.88,126.99,686693,JPM
2021-12-26,128.27,129.98,125.97,127.57,1385741,JPM
2021-12-27,127.22,127.45,126.38,127.04,697362,JPM
2021-12-28,126.14,127.86,125.15,127.14,863245,JPM
2021-12-29,127.55,128.77,126.76,128.26,293619,JPM
2021-12-30,125.56,126.65,125.2,126.61,1070165,JPM
2021-12-31,124.33,125.41,122.74,124.24,449667,JPM
2022-01-01,124.22,125.28,123.26,124.88,751838,JPM
2022-01-02,122.94,123.14,121.5,121.93,814070,JPM
2022-01-03,123.17,124.2,122.53,123.19,457178,JPM
2022-01-04,117.85,118.38,117.59,118.1,1373704,JPM
2022-01-05,121.48,121.74,120.85,121.12,1029943,JPM
2022-01-06,122.38,122.89,121.97,122.56,941898,JPM
2022-01-07,123.3,123.37,122.78,123.37,1032005,JPM
2022-01-08,125.89,127.49,125.57,126.38,536933,JPM
2022-01-09,131.39,131.64,130.7,131.58,365296,JPM
2022-01-10,134.28,136.12,133.36,134.89,1793455,JPM
2022-01-11,128.55,129.13,128.47,128.86,1237229,JPM
2022-01-12,125.75,125.76,124.02,124.87,2500090,JPM
2022-01-13,123.76,124.69,122.98,123.0,832960,JPM
2022-01-14,123.36,124.15,122.39,123.12,601775,JPM
2022-01-15,124.91,125.07,124.28,124.72,727983,JPM
2022-01-16,121.44,123.09,120.59,122.55,696600,JPM
2022-01-17,123.84,124.47,122.72,123.15,884403,JPM
2022-01-18,121.02,121.39,120.09,120.92,485336,JPM
2022-01-19,117.94,120.23,117.08,119.15,456659,JPM
2022-01-20,115.76,116.42,114.7,115.09,880350,JPM
2022-01-21,112.6,113.05,111.81,112.53,1175254,JPM
2022-01-22,108.9,109.09,108.71,108.84,842880,JPM
2022-01-23,105.69,106.57,105.11,106.28,1678983,JPM
2022-01-24,109.09,109.39,108.34,109.06,1018059,JPM
2022-01-25,106.05,108.04,105.7,106.56,789048,JPM
2022-01-26,114.64,115.41,112.67,113.46,1111741,JPM
2022-01-27,115.2,115.31,114.65,114.87,1156848,JPM
2022-01-28,115.04,116.15,114.32,115.43,2311309,JPM
2022-01-29,113.45,113.53,112.68,113.05,516222,JPM
2022-01-30,115.86,116.46,115.0,115.02,1538203,JPM
2022-01-31,113.35,113.89,112.68,113.44,455123,JPM
2022-02-01,114.54,115.06,113.05,113.82,346680,JPM
2022-02-02,120.83,122.18,119.33,120.99,468265,JPM
2022-02-03,120.23,121.42,119.89,120.75,1336636,JPM
2022-02-04,124.47,124.84,123.9,124.19,1427061,JPM
2022-02-05,122.31,123.34,121.37,122.09,1834593,JPM
2022-02-06,122.06,122.39,121.78,122.03,420421,JPM
2022-02-07,127.18,127.48,127.0,127.36,687156,JPM
2022-02-08,126.51,126.73,124.83,125.45,637108,JPM
2022-02-09,130.06,132.52,129.76,131.06,667853,JPM
2022-02-10,132.97,133.54,132.3,133.38,756577,JPM
2022-02-11,131.4,131.72,131.27,131.59,726961,JPM
2022-02-12,134.34,134.99,133.2,133.67,1566408,JPM
2022-02-13,137.52,138.46,136.54,136.9,979836,JPM
2022-02-14,139.44,139.67,138.49,139.03,962477,JPM
2022-02-15,134.89,136.13,132.13,133.73,934150,JPM
2022-02-16,131.73,132.08,131.06,131.4,1445354,JPM
2022-02-17,132.52,133.09,130.06,130.65,1497877,JPM
2022-02-18,130.26,131.63,128.82,130.46,1878954,JPM
2022-02-19,131.51,133.13,130.48,132.48,1383461,JPM
2022-02-20,134.0,135.01,132.88,133.11,1840417,JPM
2022-02-21,130.47,130.95,127.45,128.8,2948946,JPM
2022-02-22,129.01,130.92,128.97,130.04,1241373,JPM
2022-02-23,133.28,133.73,131.74,132.03,720718,JPM
2022-02-24,135.02,135.12,133.56,133.89,551985,JPM
2022-02-25,138.13,138.34,137.42,137.48,722437,JPM
2022-02-26,140.29,140.75,139.24,140.33,1241998,JPM
2022-02-27,141.85,142.95,141.33,141.96,2963931,JPM
2022-02-28,141.84,142.39,141.56,141.76,971093,JPM
2022-03-01,136.88,137.46,135.44,136.05,3120250,JPM
2022-03-02,137.11,137.55,136.61,137.52,1282349,JPM
2022-03-03,138.02,138.53,137.15,138.27,713756,JPM
2022-03-04,139.99,141.1,137.39,139.24,818738,JPM
2022-03-05,134.95,135.21,134.58,134.93,1037048,JPM
2022-03-06,129.77,131.42,128.15,131.41,1266018,JPM
2022-03-07,134.28,135.38,133.8,134.84,1042204,JPM
2022-03-08,133.71,134.82,133.63,134.76,1263443,JPM
2022-03-09,137.91,137.95,136.57,137.05,2779737,JPM
2022-03-10,135.77,137.62,134.89,137.19,2178263,JPM
2022-03-11,136.24,137.73,135.22,137.34,1175913,JPM
2022-03-12,140.14,140.93,140.1,140.54,457597,JPM
2022-03-13,138.06,139.8,137.43,138.82,1455488,JPM
2022-03-14,139.17,139.2,139.15,139.19,1443536,JPM
2022-03-15,137.92,138.32,137.4,137.66,2083736,JPM
2022-03-16,134.71,136.26,133.33,136.25,1281392,JPM
2022-03-17,134.29,135.56,133.38,135.26,669597,JPM
2022-03-18,136.28,136.5,135.89,136.04,1236572,JPM
2022-03-19,132.83,135.34,132.54,134.5,1477431,JPM
2022-03-20,139.64,139.9,138.53,138.68,680005,JPM
2022-03-21,134.87,136.05,134.29,135.69,969182,JPM
2022-03-22,135.56,135.72,134.99,135.12,738515,JPM
2022-03-23,133.48,134.05,133.4,133.71,3208974,JPM
2022-03-24,139.21,139.77,138.15,138.49,769379,JPM
2022-03-25,137.99,140.92,136.52,139.2,960254,JPM
2022-03-26,144.31,145.67,141.6,142.77,1441521,JPM
2022-03-27,137.44,138.6,136.97,137.63,1023649,JPM
2022-03-28,138.79,139.2,138.16,138.57,1357713,JPM
2022-03-29,140.95,142.11,140.76,141.64,1148754,JPM
2022-03-30,141.81,142.2,141.59,141.97,1410275,JPM
2022-03-31,146.27,147.03,144.97,145.72,1947304,JPM
2022-04-01,143.1,143.99,142.45,143.93,1538153,JPM
2022-04-02,150.61,151.21,148.17,148.95,1928407,JPM
2022-04-03,157.84,158.68,157.14,157.38,1275004,JPM
2022-04-04,156.94,157.97,155.77,156.04,1310350,JPM
2022-04-05,155.8,156.79,152.99,154.39,978374,JPM
2022-04-06,159.13,160.16,158.56,159.93,986140,JPM
2022-04-07,166.76,167.52,165.57,166.17,925681,JPM
2022-04-08,163.72,164.62,163.61,164.1,1666668,JPM
2022-04-09,161.98,163.06,160.16,162.47,2070270,JPM
2022-04-10,163.18,164.35,160.01,161.41,1747108,JPM
2022-04-11,155.79,158.16,153.83,156.15,1856497,JPM
2022-04-12,153.9,154.62,152.62,152.69,1344527,JPM
2022-04-13,150.28,151.43,147.84,148.99,991497,JPM
2022-04-14,145.42,146.96,144.24,146.24,2387704,JPM
2022-04-15,146.47,147.28,146.14,146.17,1399138,JPM
2022-04-16,146.5,148.71,146.34,147.06,448504,JPM
2022-04-17,152.15,153.52,151.8,152.69,1157230,JPM
2022-04-18,149.35,149.83,147.81,149.01,1007622,JPM
2022-04-19,152.72,153.21,152.35,152.65,1184464,JPM
2022-04-20,151.96,152.38,151.88,151.91,541729,JPM
2022-04-21,152.07,152.44,151.58,151.77,1530169,JPM
2022-04-22,154.07,155.44,153.32,154.33,985744,JPM
2022-04-23,149.61,150.73,149.06,150.15,2301113,JPM
2022-04-24,151.36,151.83,150.54,151.6,492023,JPM
2022-04-25,152.26,152.49,151.0,152.27,2224032,JPM
2022-04-26,152.82,154.74,152.16,154.16,1023960,JPM
2022-04-27,154.78,156.37,154.27,155.31,1548997,JPM
2022-04-28,166.14,166.94,163.54,164.69,791380,JPM
2022-04-29,162.72,163.48,160.75,162.18,1485117,JPM
2022-04-30,161.24,161.25,159.76,160.13,625482,JPM
2022-05-01,156.87,158.54,156.27,157.74,1543438,JPM
2022-05-02,155.2,156.12,154.91,155.65,793784,JPM
2022-05-03,155.15,155.29,152.72,153.27,547196,JPM
2022-05-04,158.55,159.76,155.85,157.79,1396129,JPM
2022-05-05,163.7,164.04,162.97,163.33,1568598,JPM
2022-05-06,161.57,162.69,160.95,161.1,1049947,JPM
2022-05-07,158.92,160.66,157.09,157.88,1677591,JPM
2022-05-08,159.61,160.07,158.72,159.75,2627610,JPM
2022-05-09,157.92,158.55,157.45,157.65,1966621,JPM
2022-05-10,160.52,162.02,158.62,160.15,671836,JPM
2022-05-11,160.61,161.54,160.43,161.0,402732,JPM
2022-05-12,153.76,157.08,152.99,155.08,832524,JPM
2022-05-13,161.8,161.96,160.17,161.01,619774,JPM
2022-05-14,167.76,168.72,167.46,168.14,2026029,JPM
2022-05-15,166.86,167.41,164.28,165.68,887305,JPM
2022-05-16,164.06,164.16,163.78,164.16,648265,JPM
2022-05-17,164.71,166.32,164.29,165.37,1890975,JPM
2022-05-18,166.01,167.04,165.56,166.78,1283332,JPM
2022-05-19,168.02,170.57,167.86,169.52,872949,JPM
2022-05-20,178.38,178.39,177.52,177.93,2955217,JPM
2022-05-21,176.42,177.4,175.39,177.22,1336648,JPM
2022-05-22,174.53,174.94,173.28,173.81,534019,JPM
2022-05-23,168.23,169.69,166.32,168.0,503713,JPM
2022-05-24,166.01,166.67,164.76,165.06,696991,JPM
2022-05-25,164.78,165.35,164.4,164.98,1796856,JPM
2022-05-26,173.27,173.51,171.58,172.28,2387640,JPM
2022-05-27,170.35,170.69,170.07,170.16,1008709,JPM
2022-05-28,172.52,172.66,169.52,171.15,775722,JPM
2022-05-29,170.63,172.42,170.17,171.14,1455480,JPM
2022-05-30,175.05,177.62,174.16,176.18,2014556,JPM
2022-05-31,186.39,188.63,185.02,187.14,434699,JPM
2022-06-01,185.01,185.69,184.21,184.77,828624,JPM
2022-06-02,182.63,184.31,181.79,182.62,1373316,JPM
2022-06-03,187.67,188.19,186.61,187.35,1571929,JPM
2022-06-04,192.5,194.64,188.58,190.54,791791,JPM
2022-06-05,197.7,201.0,196.02,199.23,1166853,JPM
2022-06-06,201.1,202.64,200.64,202.14,1975917,JPM
2022-06-07,200.34,200.54,199.95,200.43,290304,JPM
2022-06-08,202.76,204.85,201.53,203.4,1312447,JPM
2022-06-09,211.26,213.95,206.33,208.99,2020082,JPM
2022-06-10,213.05,213.28,213.01,213.26,672854,JPM
2022-06-11,215.69,217.35,213.22,215.98,644344,JPM
2022-06-12,222.78,224.2,220.48,221.7,530018,JPM
2022-06-13,227.62,228.94,227.22,228.12,889370,JPM
2022-06-14,234.91,238.57,234.42,235.92,1233320,JPM
2022-06-15,239.64,242.68,238.83,239.75,566906,JPM
2022-06-16,239.47,241.53,237.9,238.85,1221542,JPM
2022-06-17,242.19,242.94,236.61,239.79,1804687,JPM
2022-06-18,245.29,248.55,243.51,246.96,1634054,JPM
2022-06-19,241.29,242.43,240.49,242.1,2436307,JPM
2022-06-20,242.89,245.2,241.49,244.37,1086167,JPM
2022-06-21,242.4,242.71,241.22,242.1,940578,JPM
2022-06-22,242.43,242.52,242.04,242.35,1488472,JPM
2022-06-23,249.66,252.14,247.97,250.02,484600,JPM
2022-06-24,253.15,254.41,250.08,251.28,489276,JPM
2022-06-25,248.12,255.28,245.26,251.65,627164,JPM
2022-06-26,241.68,245.98,239.81,243.36,458099,JPM
2022-06-27,249.32,250.54,246.78,247.89,1205791,JPM
2022-06-28,252.77,252.83,251.51,251.89,886549,JPM
2022-06-29,263.78,266.55,262.79,265.32,622161,JPM
2022-06-30,263.67,265.25,263.13,263.41,295400,JPM
2022-07-01,262.1,266.7,261.56,264.92,475712,JPM
2022-07-02,267.83,270.51,266.45,266.63,1643183,JPM
2022-07-03,277.41,279.33,274.53,277.01,2096750,JPM
2022-07-04,276.09,277.29,275.88,276.46,1886142,JPM
2022-07-05,277.64,280.62,276.31,278.45,883578,JPM
2022-07-06,283.63,285.12,280.88,282.69,423062,JPM
2022-07-07,283.98,286.77,281.43,284.08,545115,JPM
2022-07-08,281.14,282.01,280.21,281.07,1110408,JPM
2022-07-09,283.43,284.82,281.02,282.5,2421295,JPM
2022-07-10,290.04,290.23,289.05,290.02,1119864,JPM
2022-07-11,284.1,284.14,280.31,282.84,747206,JPM
2022-07-12,282.75,286.07,280.89,283.85,799120,JPM
2022-07-13,279.35,281.36,276.9,279.09,399819,JPM
2022-07-14,286.34,287.52,285.31,287.35,362095,JPM
2022-07-15,276.5,276.89,275.79,276.73,522008,JPM
2022-07-16,275.33,276.21,271.76,273.04,683173,JPM
2022-07-17,277.31,278.87,274.37,275.66,430315,JPM
2022-07-18,287.12,288.64,286.22,286.32,1703816,JPM
2022-07-19,285.83,287.23,285.21,285.95,476119,JPM
2022-07-20,282.43,285.85,281.51,282.17,647943,JPM
2022-07-21,296.76,298.31,293.96,295.26,464371,JPM
2022-07-22,283.95,287.28,283.49,284.89,400225,JPM
2022-07-23,268.78,270.92,268.53,269.66,478802,JPM
2022-07-24,273.13,274.88,272.57,272.65,1612167,JPM
2022-07-25,272.52,273.57,266.96,269.4,944997,JPM
2022-07-26,263.24,264.24,261.45,262.75,705312,JPM
2022-07-27,270.06,271.27,265.68,267.4,625265,JPM
2022-07-28,268.25,269.32,265.93,269.09,1296173,JPM
2022-07-29,268.71,271.79,264.62,265.47,806292,JPM
2022-07-30,257.98,258.11,256.74,257.24,607683,JPM
2022-07-31,263.47,265.06,261.94,262.82,870494,JPM
2022-08-01,270.33,271.48,264.48,267.09,432293,JPM
2022-08-02,268.43,269.21,263.82,266.54,568727,JPM
2022-08-03,282.19,282.6,275.3,278.68,1367846,JPM
2022-08-04,271.79,271.98,271.19,271.47,1852238,JPM
2022-08-05,260.7,263.21,259.95,261.43,414749,JPM
2022-08-06,256.29,257.19,252.74,257.09,636697,JPM
2022-08-07,254.88,257.35,252.73,256.89,775197,JPM
2022-08-08,258.25,261.65,255.05,258.51,653264,JPM
2022-08-09,256.77,257.64,256.36,257.07,1171213,JPM
2022-08-10,260.53,262.86,257.13,259.38,408378,JPM
2022-08-11,251.84,252.92,250.33,251.52,843309,JPM
2022-08-12,262.19,263.82,260.47,260.5,1086202,JPM
2022-08-13,259.86,260.15,259.83,260.06,1749455,JPM
2022-08-14,266.23,268.84,264.86,267.27,372958,JPM
2022-08-15,270.99,273.09,267.24,269.6,671834,JPM
2022-08-16,275.13,277.65,270.9,272.71,833673,JPM
2022-08-17,277.59,278.6,275.04,276.61,648792,JPM
2022-08-18,279.81,280.3,279.54,279.73,443037,JPM
2022-08-19,284.55,284.62,283.66,284.23,359260,JPM
2022-08-20,293.1,293.73,290.9,293.58,1155530,JPM
2022-08-21,293.51,295.41,292.84,295.09,974178,JPM
2022-08-22,300.36,300.98,298.98,300.32,1358720,JPM
2022-08-23,302.02,304.35,298.6,299.76,468965,JPM
2022-08-24,310.91,311.26,309.45,310.43,563181,JPM
2022-08-25,305.92,306.64,304.67,305.4,1775142,JPM
2022-08-26,319.66,319.87,318.58,318.97,1180752,JPM
2022-08-27,319.71,320.52,317.71,318.77,1114563,JPM
2022-08-28,306.71,311.5,306.33,307.71,1034819,JPM
2022-08-29,307.88,309.21,307.38,308.78,288439,JPM
2022-08-30,300.69,303.83,299.53,303.74,1362812,JPM
2022-08-31,307.98,311.08,307.05,310.09,327450,JPM
2022-09-01,304.34,306.41,303.84,305.25,553446,JPM
2022-09-02,302.37,302.77,301.28,302.02,915570,JPM
2022-09-03,289.51,291.18,288.03,288.15,863086,JPM
2022-09-04,286.18,287.03,284.82,285.06,634579,JPM
2022-09-05,267.52,269.15,266.07,268.24,786657,JPM
2022-09-06,258.46,258.8,257.31,257.93,760794,JPM
2022-09-07,261.2,265.3,259.88,262.82,1061272,JPM
2022-09-08,268.23,269.6,267.11,267.97,1032720,JPM
2022-09-09,270.26,271.01,270.15,270.85,890203,JPM
2022-09-10,262.4,267.42,261.07,264.54,1040229,JPM
2022-09-11,266.25,266.61,262.81,264.32,952362,JPM
2022-09-12,265.62,267.14,262.38,264.39,974478,JPM
2022-09-13,257.54,258.23,255.97,256.98,1058631,JPM
2022-09-14,264.65,269.4,261.62,266.53,791175,JPM
2022-09-15,273.0,275.69,270.58,272.34,805807,JPM
2022-09-16,268.98,271.39,268.76,270.96,1439175,JPM
2022-09-17,273.68,274.29,269.8,271.24,635183,JPM
2022-09-18,272.9,273.17,271.98,272.71,499724,JPM
2022-09-19,258.83,260.38,256.99,259.17,1171998,JPM
2022-09-20,255.26,259.52,254.84,257.7,1140301,JPM
2022-09-21,253.71,256.91,251.32,253.48,1555168,JPM
2022-09-22,245.46,248.13,244.6,247.35,942180,JPM
2022-09-23,243.46,245.76,241.89,245.74,1019509,JPM
2022-09-24,256.74,257.0,256.21,256.64,810125,JPM
2022-09-25,262.5,262.91,259.79,260.75,445562,JPM
2022-09-26,255.76,257.28,254.42,257.2,846841,JPM
2022-09-27,262.28,263.39,260.24,260.89,1402518,JPM
2022-09-28,270.77,272.11,267.74,269.92,1056041,JPM
2022-09-29,277.2,277.93,274.07,276.12,1574853,JPM
2022-09-30,277.22,278.77,274.5,276.62,1323486,JPM
2022-10-01,272.6,274.35,271.59,272.33,902044,JPM
2022-10-02,274.21,277.49,272.4,277.08,3157419,JPM
2022-10-03,281.47,282.71,277.96,279.85,2223293,JPM
2022-10-04,287.19,288.95,283.97,286.08,811488,JPM
2022-10-05,293.44,297.04,287.74,290.62,965114,JPM
2022-10-06,298.82,302.02,295.88,298.19,2151011,JPM
2022-10-07,292.9,294.96,291.42,294.39,2730665,JPM
2022-10-08,304.41,305.06,302.63,303.98,2516027,JPM
2022-10-09,309.59,313.05,302.19,305.56,559697,JPM
2022-10-10,318.44,324.31,317.63,321.19,1317029,JPM
2022-10-11,316.23,316.38,312.11,315.88,2380277,JPM
2022-10-12,331.71,332.73,326.78,329.41,1073619,JPM
2022-10-13,332.4,333.55,329.68,331.12,2446238,JPM
2022-10-14,326.15,326.27,325.92,325.96,1081316,JPM
2022-10-15,321.87,323.68,321.06,322.21,1428301,JPM
2022-10-16,318.71,320.56,318.39,319.79,881380,JPM
2022-10-17,322.32,323.96,321.09,323.22,891109,JPM
2022-10-18,326.32,329.61,324.05,327.47,794652,JPM
2022-10-19,321.68,323.7,320.48,322.98,1132160,JPM
2022-10-20,324.81,326.06,320.96,322.9,762131,JPM
2022-10-21,336.06,342.02,334.55,339.95,2329219,JPM
2022-10-22,354.74,355.25,353.95,354.44,978414,JPM
2022-10-23,358.61,360.65,357.32,358.35,1344601,JPM
2022-10-24,359.52,360.09,358.18,358.81,1019462,JPM
2022-10-25,359.85,361.95,359.24,359.99,2175768,JPM
2022-10-26,366.31,367.33,363.85,365.52,1286483,JPM
2022-10-27,355.08,359.08,354.83,356.49,1701848,JPM
2022-10-28,358.92,361.81,351.05,354.37,1337765,JPM
2022-10-29,341.69,342.73,338.2,340.01,2400499,JPM
2022-10-30,344.54,347.65,342.77,343.45,1140036,JPM
2022-10-31,350.5,351.77,347.86,349.02,490861,JPM
2022-11-01,344.32,346.27,343.52,345.01,1478461,JPM
2022-11-02,358.92,359.86,356.44,358.42,1396724,JPM
2022-11-03,349.85,352.1,345.33,347.79,1079016,JPM
2022-11-04,337.84,339.06,333.84,335.44,1035538,JPM
2022-11-05,336.11,338.92,335.4,337.4,1217831,JPM
2022-11-06,345.94,346.75,344.2,346.16,1289815,JPM
2022-11-07,361.71,362.63,360.25,360.55,1997152,JPM
2022-11-08,355.6,357.67,354.67,356.63,1101676,JPM
2022-11-09,361.82,367.01,360.72,366.17,1868928,JPM
2022-11-10,362.95,370.37,358.52,365.95,503473,JPM
2022-11-11,363.0,367.0,361.6,364.53,1439308,JPM
2022-11-12,372.27,372.59,372.17,372.54,595756,JPM
2022-11-13,378.69,381.14,375.04,378.62,1844346,JPM
2022-11-14,364.0,364.48,363.45,364.14,4419700,JPM
2022-11-15,378.27,379.99,375.97,377.43,721827,JPM
2022-11-16,389.15,391.72,388.69,390.31,2655042,JPM
2022-11-17,386.72,391.06,380.49,384.47,878198,JPM
2022-11-18,386.92,391.16,384.04,388.32,1255091,JPM
2022-11-19,394.09,395.19,392.42,393.15,1958710,JPM
2022-11-20,394.86,396.25,392.96,395.8,850361,JPM
2022-11-21,389.33,392.54,388.98,390.6,1345325,JPM
2022-11-22,383.75,385.8,381.95,384.31,761251,JPM
2022-11-23,386.91,387.49,382.92,384.21,2228658,JPM
2022-11-24,396.48,398.22,394.51,395.37,1101625,JPM
2022-11-25,402.76,404.6,399.54,400.77,1017317,JPM
2022-11-26,402.94,403.58,393.36,397.27,1062257,JPM
2022-11-27,403.07,408.99,400.11,404.91,824824,JPM
2022-11-28,376.78,378.76,375.12,376.81,1177629,JPM
2022-11-29,386.26,389.78,385.14,387.54,475492,JPM
2022-11-30,372.64,374.59,371.08,371.17,3324146,JPM
2022-12-01,369.45,369.77,366.33,368.0,1869694,JPM
2022-12-02,360.19,362.65,357.45,358.04,1322802,JPM
2022-12-03,350.04,350.51,345.56,346.82,585254,JPM
2022-12-04,359.12,361.22,355.58,356.79,1717739,JPM
2022-12-05,348.83,355.97,346.41,352.83,1532763,JPM
2022-12-06,355.71,357.05,355.35,355.95,791004,JPM
2022-12-07,352.9,356.69,350.25,355.66,1325813,JPM
2022-12-08,360.96,362.19,359.32,359.94,1144080,JPM
2022-12-09,360.66,362.5,359.08,360.74,330543,JPM
2022-12-10,351.33,352.34,348.98,349.53,1407930,JPM
2022-12-11,356.65,358.95,356.47,358.18,1895867,JPM
2022-12-12,353.39,355.16,350.42,353.97,717602,JPM
2022-12-13,343.67,346.89,337.36,340.6,1056927,JPM
2022-12-14,337.39,337.48,335.68,337.15,1334187,JPM
2022-12-15,350.92,353.83,347.99,349.65,865142,JPM
2022-12-16,353.08,358.49,350.99,357.05,1421477,JPM
2022-12-17,352.17,355.64,351.01,354.13,1945806,JPM
2022-12-18,350.28,351.5,349.47,351.22,1271853,JPM
2022-12-19,350.36,351.41,347.18,348.58,1174737,JPM
2022-12-20,363.8,368.62,360.65,366.42,799055,JPM
2022-12-21,370.86,373.52,367.43,369.97,1099158,JPM
2022-12-22,373.06,375.47,371.14,374.0,923385,JPM
2022-12-23,382.11,384.62,381.92,383.56,3272677,JPM
2022-12-24,387.15,387.85,384.94,385.93,1697391,JPM
2022-12-25,384.14,385.26,382.85,383.62,2679177,JPM
2022-12-26,378.0,386.6,377.12,381.91,2575967,JPM
2022-12-27,381.33,383.04,378.93,381.37,675122,JPM
2022-12-28,381.38,381.65,380.79,381.15,3093786,JPM
2022-12-29,386.33,392.03,385.18,388.07,1199958,JPM
2022-12-30,386.92,391.1,385.83,388.7,1632009,JPM
2022-12-31,394.93,396.69,394.02,395.81,916309,JPM
2023-01-01,390.09,399.11,390.08,395.16,1212251,JPM
2023-01-02,393.34,399.92,392.06,396.06,672814,JPM
2023-01-03,376.48,378.32,375.04,376.82,1961822,JPM
2023-01-04,383.95,386.59,383.74,385.4,1208683,JPM
2023-01-05,383.54,393.55,379.9,388.81,1397209,JPM
2023-01-06,398.45,398.65,398.0,398.44,862988,JPM
2023-01-07,371.46,372.9,369.97,370.33,1212427,JPM
2023-01-08,393.69,394.21,385.83,389.39,1138906,JPM
2023-01-09,390.65,391.61,387.47,388.19,999522,JPM
2023-01-10,398.94,400.25,397.96,398.86,619419,JPM
2023-01-11,392.63,397.36,386.34,388.84,1244653,JPM
2023-01-12,395.84,398.4,391.35,394.81,2121640,JPM
2023-01-13,385.98,386.67,383.92,384.76,961046,JPM
2023-01-14,377.37,381.38,373.85,379.02,3086261,JPM
2023-01-15,397.01,397.51,396.04,396.91,1292682,JPM
2023-01-16,395.5,396.96,394.17,395.19,1906216,JPM
2023-01-17,399.2,401.51,396.39,397.43,1541887,JPM
2023-01-18,404.93,409.6,401.1,406.04,834997,JPM
2023-01-19,409.98,411.39,406.0,411.1,1414766,JPM
2023-01-20,413.94,414.22,409.61,412.76,939157,JPM
2023-01-21,418.92,421.2,416.02,416.59,1303319,JPM
2023-01-22,442.7,442.97,439.29,441.24,1635064,JPM
2023-01-23,439.14,442.03,437.36,440.77,773791,JPM
2023-01-24,442.59,444.09,441.11,443.1,2007009,JPM
2023-01-25,452.32,454.88,450.08,454.65,907048,JPM
2023-01-26,465.61,468.11,464.61,467.11,674744,JPM
2023-01-27,483.37,484.21,477.86,480.84,1126671,JPM
2023-01-28,484.32,493.81,480.49,488.53,654245,JPM
2023-01-29,472.55,481.64,469.03,475.03,614194,JPM
2023-01-30,492.67,498.01,488.9,494.19,573043,JPM
2023-01-31,484.33,485.28,479.16,480.49,3171830,JPM
2023-02-01,487.11,490.0,482.22,484.21,1556426,JPM
2023-02-02,475.29,479.85,469.99,475.44,1352761,JPM
2023-02-03,473.52,475.91,471.54,474.86,1360265,JPM
2023-02-04,480.16,480.22,476.37,478.84,1401611,JPM
2023-02-05,484.34,485.42,481.0,482.77,1854125,JPM
2023-02-06,488.94,495.49,485.82,487.93,1177407,JPM
2023-02-07,503.57,510.81,503.46,507.37,1099137,JPM
2023-02-08,511.74,515.72,509.77,513.18,547338,JPM
2023-02-09,508.32,510.36,506.14,510.29,689897,JPM
2023-02-10,524.18,524.97,518.99,522.51,1204009,JPM
2023-02-11,538.98,543.42,533.79,537.91,501006,JPM
2023-02-12,522.62,525.9,521.21,521.92,1471617,JPM
2023-02-13,526.78,532.9,526.2,529.74,946016,JPM
2023-02-14,541.02,541.86,537.21,539.01,803840,JPM
2023-02-15,536.92,542.59,534.04,535.27,2145487,JPM
2023-02-16,553.46,554.66,551.67,553.49,604010,JPM
2023-02-17,551.62,553.27,549.18,551.64,963430,JPM
2023-02-18,551.47,554.91,549.54,553.53,764642,JPM
2023-02-19,550.59,555.0,547.58,551.37,2143231,JPM
2023-02-20,546.02,555.56,545.89,551.77,624127,JPM
2023-02-21,537.05,539.47,535.88,537.16,894120,JPM
2023-02-22,522.05,522.89,514.44,518.4,679526,JPM
2023-02-23,537.81,539.13,535.99,538.82,1158260,JPM
2023-02-24,530.08,530.16,527.69,527.83,1338553,JPM
2023-02-25,511.73,517.1,508.47,515.2,426569,JPM
2023-02-26,486.83,490.7,482.37,488.22,709392,JPM
2023-02-27,481.03,481.96,478.3,480.75,974265,JPM
2023-02-28,464.16,468.4,462.44,465.34,1114634,JPM
2023-03-01,486.94,489.31,481.64,484.21,715128,JPM
2023-03-02,499.31,505.52,494.69,496.35,852484,JPM
2023-03-03,486.36,488.23,484.61,488.16,1264063,JPM
2023-03-04,513.06,517.47,510.52,515.25,1341803,JPM
2023-03-05,527.64,529.62,522.97,527.81,270083,JPM
2023-03-06,529.57,529.88,523.32,523.79,771135,JPM
2023-03-07,495.23,495.3,490.37,491.92,639860,JPM
2023-03-08,521.32,528.19,517.09,519.68,893298,JPM
2023-03-09,501.76,503.06,500.64,502.18,1104795,JPM
2023-03-10,481.04,483.1,480.92,482.13,540457,JPM
2023-03-11,489.87,499.45,487.97,494.36,683258,JPM
2023-03-12,522.0,526.0,520.65,524.06,837638,JPM
2023-03-13,539.81,543.98,537.52,542.0,1037791,JPM
2023-03-14,550.96,551.69,548.66,549.67,537887,JPM
2023-03-15,556.51,563.14,551.04,557.86,755471,JPM
2023-03-16,567.66,571.04,562.84,569.71,424717,JPM
2023-03-17,585.2,590.85,576.7,580.49,758717,JPM
2023-03-18,588.29,592.69,584.46,584.69,784807,JPM
2023-03-19,592.32,597.45,579.55,586.38,409589,JPM
2023-03-20,584.61,586.14,581.83,585.69,1251339,JPM
2023-03-21,576.41,576.44,572.17,575.08,1011032,JPM
2023-03-22,575.68,575.86,568.84,571.32,467931,JPM
2023-03-23,545.65,547.89,545.37,547.84,839891,JPM
2023-03-24,541.27,546.82,535.45,546.71,835034,JPM
2023-03-25,530.28,534.63,528.32,533.67,294760,JPM
2023-03-26,522.61,525.44,516.89,519.43,580584,JPM
2023-03-27,523.1,524.55,521.33,521.9,834343,JPM
2023-03-28,541.63,542.33,538.08,539.87,338213,JPM
2023-03-29,553.4,555.33,547.29,552.19,554810,JPM
2023-03-30,529.61,532.24,528.71,531.15,957362,JPM
2023-03-31,517.3,519.59,517.14,518.46,872668,JPM
2023-04-01,533.51,536.73,530.34,530.58,368794,JPM
2023-04-02,514.79,519.78,513.28,518.0,1230132,JPM
2023-04-03,517.42,518.43,514.35,515.33,926444,JPM
2023-04-04,518.04,524.37,511.66,522.45,953938,JPM
2023-04-05,507.31,512.86,507.26,510.25,2220913,JPM
2023-04-06,512.26,516.24,506.99,511.74,636873,JPM
2023-04-07,492.86,495.45,490.89,495.2,1147871,JPM
2023-04-08,489.63,491.01,488.06,488.08,329314,JPM
2023-04-09,491.16,496.6,488.61,492.07,950144,JPM
2023-04-10,473.46,477.12,472.89,473.05,2286110,JPM
2023-04-11,479.55,485.8,473.5,478.31,1026788,JPM
2023-04-12,478.11,478.86,477.71,478.25,581688,JPM
2023-04-13,488.34,490.68,481.65,484.88,318214,JPM
2023-04-14,488.45,490.3,487.03,487.71,557148,JPM
2023-04-15,503.46,507.52,498.38,504.16,862800,JPM
2023-04-16,504.89,506.28,504.53,505.88,262630,JPM
2023-04-17,501.31,505.98,498.63,500.74,784342,JPM
2023-04-18,495.92,502.58,494.44,502.41,547167,JPM
2023-04-19,509.71,510.99,508.62,509.27,464072,JPM
2023-04-20,509.13,511.73,507.93,510.05,831018,JPM
2023-04-21,512.54,513.21,509.6,510.73,532410,JPM
2023-04-22,502.66,502.93,500.74,502.13,527075,JPM
2023-04-23,494.96,500.5,491.9,494.16,547326,JPM
2023-04-24,475.76,480.32,472.95,477.36,418168,JPM
2023-04-25,497.6,500.46,496.01,497.97,838997,JPM
2023-04-26,486.82,489.96,480.42,482.98,291597,JPM
2023-04-27,471.19,475.67,469.1,474.95,788728,JPM
2023-04-28,466.15,466.85,466.15,466.76,972403,JPM
2023-04-29,475.14,477.29,473.04,477.15,1189761,JPM
2023-04-30,475.2,478.75,472.09,473.87,902684,JPM
2023-05-01,486.95,493.74,483.45,488.51,1364347,JPM
2023-05-02,483.91,485.83,478.35,480.62,394509,JPM
2023-05-03,483.16,484.63,480.56,484.07,628098,JPM
2023-05-04,473.8,479.15,471.27,474.34,499210,JPM
2023-05-05,497.76,500.29,496.15,499.41,298911,JPM
2023-05-06,485.26,485.84,483.7,485.06,955744,JPM
2023-05-07,491.7,492.67,484.06,488.91,1124600,JPM
2023-05-08,494.17,499.51,493.14,496.66,740448,JPM
2023-05-09,502.12,506.68,500.21,501.87,1369134,JPM
2023-05-10,503.02,504.08,496.5,499.76,690676,JPM
2023-05-11,500.17,502.49,495.02,498.35,627890,JPM
2023-05-12,495.83,500.63,490.69,499.05,1022807,JPM
2023-05-13,495.99,497.65,492.63,497.43,935801,JPM
2023-05-14,509.36,511.79,508.84,509.34,1268593,JPM
2023-05-15,539.34,539.9,536.38,537.08,566115,JPM
2023-05-16,525.07,532.41,521.4,529.93,385579,JPM
2023-05-17,513.61,514.27,510.46,512.34,512506,JPM
2023-05-18,511.54,512.61,510.66,511.41,486548,JPM
2023-05-19,545.26,546.04,542.07,543.89,980795,JPM
2023-05-20,534.42,536.83,533.27,533.37,1201034,JPM
2023-05-21,555.54,561.45,553.43,554.96,1370481,JPM
2023-05-22,578.16,579.92,575.2,577.95,557973,JPM
2023-05-23,568.16,570.76,567.89,570.31,695744,JPM
2023-05-24,572.25,580.94,571.71,578.46,597874,JPM
2023-05-25,604.79,612.03,594.18,601.72,1038834,JPM
2023-05-26,597.33,597.51,595.0,596.34,953019,JPM
2023-05-27,593.41,596.75,592.62,593.57,1031755,JPM
2023-05-28,585.29,585.42,583.92,585.32,585377,JPM
2023-05-29,576.03,580.19,567.95,570.98,525050,JPM
2023-05-30,563.49,563.69,561.94,562.1,784573,JPM
2023-05-31,546.53,546.64,541.53,545.46,523990,JPM
2023-06-01,547.61,548.61,542.85,546.1,1987091,JPM
2023-06-02,534.04,537.79,530.3,535.99,1151007,JPM
2023-06-03,537.64,540.11,536.95,539.25,496932,JPM
2023-06-04,516.68,519.38,514.74,518.89,1621083,JPM
2023-06-05,528.74,534.24,517.37,523.27,821789,JPM
2023-06-06,530.17,536.95,523.95,534.13,976772,JPM
2023-06-07,508.42,509.13,507.8,508.24,1558306,JPM
2023-06-08,515.53,518.16,507.62,513.07,1184831,JPM
2023-06-09,531.79,532.74,527.66,528.67,750300,JPM
2023-06-10,510.11,518.11,508.73,513.2,1203600,JPM
2023-06-11,538.18,542.13,532.49,534.39,453571,JPM
2023-06-12,535.54,542.49,533.7,540.05,503225,JPM
2023-06-13,523.68,538.28,516.55,530.92,1323512,JPM
2023-06-14,531.37,534.06,528.86,530.38,959588,JPM
2023-06-15,538.11,540.27,534.83,537.81,622504,JPM
2023-06-16,538.78,540.2,538.37,539.0,1066865,JPM
2023-06-17,549.94,553.17,545.77,546.29,1272876,JPM
2023-06-18,535.31,540.55,533.68,534.17,616546,JPM
2023-06-19,536.16,537.91,534.97,536.57,1695269,JPM
2023-06-20,521.8,523.17,513.72,518.18,1823231,JPM
2023-06-21,514.29,519.33,511.7,516.95,1392007,JPM
2023-06-22,508.52,512.78,502.71,505.69,589549,JPM
2023-06-23,497.62,499.76,492.9,496.75,1178113,JPM
2023-06-24,513.69,515.03,507.19,511.96,1778008,JPM
2023-06-25,526.15,528.33,525.19,525.81,774600,JPM
2023-06-26,529.27,536.01,526.34,533.84,734871,JPM
2023-06-27,518.17,522.76,515.14,519.74,650569,JPM
2023-06-28,511.86,516.53,508.29,515.9,711290,JPM
2023-06-29,525.15,534.95,519.32,531.4,823650,JPM
2023-06-30,531.2,537.49,528.05,533.42,1479777,JPM
2023-07-01,561.84,565.59,560.22,563.9,1910077,JPM
2023-07-02,565.39,571.2,562.39,569.52,579523,JPM
2023-07-03,576.45,581.0,571.92,572.39,1489051,JPM
2023-07-04,562.65,572.95,556.85,568.26,1619267,JPM
2023-07-05,572.17,576.69,568.99,570.31,1613656,JPM
2023-07-06,571.41,575.1,567.56,568.38,1962267,JPM
2023-07-07,583.1,589.57,573.09,578.43,636264,JPM
2023-07-08,595.87,597.79,589.28,592.18,691233,JPM
2023-07-09,581.82,589.93,575.35,580.99,1930233,JPM
2023-07-10,560.39,563.51,559.23,562.25,1967237,JPM
2023-07-11,542.52,546.41,533.45,537.17,508400,JPM
2023-07-12,546.97,550.91,543.51,544.04,774726,JPM
2023-07-13,528.11,533.17,525.32,529.53,1839767,JPM
2023-07-14,499.68,506.66,492.63,501.8,1195183,JPM
2023-07-15,503.35,507.38,503.27,506.75,1822043,JPM
2023-07-16,535.0,538.11,534.4,537.85,1276625,JPM
2023-07-17,536.98,539.85,535.79,537.96,1690135,JPM
2023-07-18,545.35,553.66,542.03,549.19,702838,JPM
2023-07-19,553.41,554.72,549.35,550.47,847539,JPM
2023-07-20,551.34,551.41,547.29,549.33,888814,JPM
2023-07-21,557.21,562.34,550.9,561.88,1489616,JPM
2023-07-22,561.53,562.32,556.18,558.08,1726980,JPM
2023-07-23,556.22,564.62,552.24,561.93,1413744,JPM
2023-07-24,570.79,577.28,565.88,566.55,1016713,JPM
2023-07-25,559.99,562.09,551.47,557.48,1268549,JPM
2023-07-26,569.99,571.64,565.16,571.21,1133974,JPM
2023-07-27,568.76,573.37,565.03,568.96,1292695,JPM
2023-07-28,558.23,559.93,555.69,558.63,1521793,JPM
2023-07-29,567.88,569.69,562.11,566.16,1421538,JPM
2023-07-30,559.51,561.28,552.89,553.9,1216036,JPM
2023-07-31,557.22,558.7,553.39,554.47,664041,JPM
2023-08-01,558.74,558.85,548.94,554.54,814518,JPM
2023-08-02,571.18,572.11,567.3,569.47,1094971,JPM
2023-08-03,575.36,577.93,572.8,576.29,602891,JPM
2023-08-04,574.85,577.16,573.75,576.13,2144368,JPM
2023-08-05,583.35,590.12,576.75,587.87,1465407,JPM
2023-08-06,609.45,610.8,607.12,608.08,3154080,JPM
2023-08-07,614.32,617.15,613.82,616.59,2049363,JPM
2023-08-08,616.85,619.62,614.11,616.96,1507414,JPM
2023-08-09,595.83,600.73,595.19,597.36,1809967,JPM
2023-08-10,582.95,583.61,579.34,581.99,2482881,JPM
2023-08-11,575.76,580.14,574.49,577.84,1047101,JPM
2023-08-12,570.79,572.3,565.67,569.42,1504803,JPM
2023-08-13,564.26,572.22,559.5,567.01,1267076,JPM
2023-08-14,562.34,569.89,556.51,567.99,1418951,JPM
2023-08-15,578.02,582.8,569.96,575.55,1461603,JPM
2023-08-16,573.76,574.99,571.78,574.75,1522626,JPM
2023-08-17,588.8,591.39,577.16,581.8,2079026,JPM
2023-08-18,582.64,584.35,582.48,582.92,3122027,JPM
2023-08-19,556.42,557.94,553.65,554.93,1124496,JPM
2023-08-20,540.57,543.77,540.14,542.36,814483,JPM
2023-08-21,535.08,545.82,529.9,540.63,1047105,JPM
2023-08-22,522.31,526.79,520.72,524.81,2042943,JPM
2023-08-23,534.86,536.31,531.09,532.69,1240067,JPM
2023-08-24,549.22,556.06,545.89,552.84,656617,JPM
2023-08-25,571.64,578.44,563.76,569.53,1631794,JPM
2023-08-26,565.35,569.34,561.59,566.75,1089941,JPM
2023-08-27,587.36,592.39,586.17,587.63,1037778,JPM
2023-08-28,591.81,594.7,582.66,589.97,1153691,JPM
2023-08-29,583.51,586.45,583.24,585.3,852800,JPM
2023-08-30,582.5,587.45,572.68,576.71,1116037,JPM
2023-08-31,578.1,581.32,568.27,572.64,1762607,JPM
2023-09-01,567.59,574.18,562.62,567.4,3487536,JPM
2023-09-02,567.92,570.62,563.99,569.96,2966289,JPM
2023-09-03,573.03,574.23,570.2,572.4,573694,JPM
2023-09-04,572.14,573.03,571.65,572.64,1266437,JPM
2023-09-05,580.95,581.99,576.75,578.96,1945500,JPM
2023-09-06,595.95,597.33,593.78,596.04,2041854,JPM
2023-09-07,609.83,612.18,608.88,610.1,1045811,JPM
2023-09-08,585.76,591.69,584.13,588.13,943638,JPM
2023-09-09,556.8,557.92,545.21,551.56,2552718,JPM
2023-09-10,560.81,569.35,554.09,564.37,2256193,JPM
2023-09-11,544.55,546.08,544.48,545.68,889849,JPM
2023-09-12,538.75,544.26,537.32,542.86,1579047,JPM
2023-09-13,525.74,527.75,524.26,527.5,1411402,JPM
2023-09-14,503.31,506.68,501.42,504.41,1194470,JPM
2023-09-15,505.87,514.82,503.78,511.27,1839916,JPM
2023-09-16,521.21,521.47,520.15,520.95,1497206,JPM
2023-09-17,511.16,514.32,510.22,513.77,694354,JPM
2023-09-18,481.03,482.54,479.92,481.36,575863,JPM
2023-09-19,474.35,475.43,474.16,475.09,1983359,JPM
2023-09-20,483.47,486.48,476.82,479.81,905085,JPM
2023-09-21,458.7,466.93,457.13,462.6,1641086,JPM
2023-09-22,466.43,466.91,463.12,464.84,1361594,JPM
2023-09-23,467.06,467.7,463.04,464.83,3764982,JPM
2023-09-24,473.67,476.25,469.81,471.58,996243,JPM
2023-09-25,472.61,473.12,472.51,473.12,1551763,JPM
2023-09-26,466.04,468.44,459.07,462.01,1694642,JPM
2023-09-27,481.34,486.5,473.99,475.71,1097853,JPM
2023-09-28,478.31,479.28,470.49,474.02,1281394,JPM
2023-09-29,471.42,476.07,467.14,473.87,944513,JPM
2023-09-30,463.34,464.6,460.29,463.21,976196,JPM
2023-10-01,460.34,462.65,457.85,458.34,1084986,JPM
2023-10-02,449.59,450.84,448.37,448.57,1449747,JPM
2023-10-03,445.54,448.04,444.26,446.83,1835468,JPM
2023-10-04,467.18,468.74,465.0,465.7,596381,JPM
2023-10-05,449.61,450.39,447.9,450.22,1733646,JPM
2023-10-06,432.62,434.1,431.15,432.59,1396991,JPM
2023-10-07,448.99,451.42,445.4,448.32,1724810,JPM
2023-10-08,446.46,446.99,445.21,446.18,682480,JPM
2023-10-09,439.22,444.13,434.24,439.03,628702,JPM
2023-10-10,445.98,451.07,442.87,450.35,1004886,JPM
2023-10-11,441.97,444.76,439.98,443.83,713089,JPM
2023-10-12,468.82,472.84,459.06,463.83,886990,JPM
2023-10-13,471.7,473.05,470.63,471.68,973580,JPM
2023-10-14,464.93,467.15,464.33,466.21,2319628,JPM
2023-10-15,494.59,497.29,489.27,491.0,1594489,JPM
2023-10-16,478.82,489.37,476.8,483.88,1219519,JPM
2023-10-17,495.27,499.67,487.97,492.84,456378,JPM
2023-10-18,496.53,499.21,494.71,496.62,2494201,JPM
2023-10-19,511.74,515.94,510.32,512.62,366200,JPM
2023-10-20,540.18,543.78,531.27,532.39,767025,JPM
2023-10-21,536.19,537.52,530.83,533.0,1373106,JPM
2023-10-22,525.2,528.06,522.35,523.35,3159847,JPM
2023-10-23,528.55,531.22,526.41,529.42,1315375,JPM
2023-10-24,516.15,524.29,514.75,520.82,781415,JPM
2023-10-25,551.98,552.1,541.86,546.67,575027,JPM
2023-10-26,546.65,553.95,543.06,548.69,2242641,JPM
2023-10-27,546.39,546.65,541.31,543.97,741083,JPM
2023-10-28,547.03,547.65,546.44,546.62,2384085,JPM
2023-10-29,527.93,531.65,524.68,528.78,1336557,JPM
2023-10-30,515.75,516.49,513.75,516.38,1023745,JPM
2023-10-31,529.43,532.16,527.86,531.74,1252196,JPM
2023-11-01,521.8,527.57,519.58,523.37,1615293,JPM
2023-11-02,508.91,510.64,508.65,510.13,1248155,JPM
2023-11-03,522.46,527.54,515.64,517.01,358782,JPM
2023-11-04,536.47,536.51,532.06,532.2,1518617,JPM
2023-11-05,541.42,543.8,539.04,541.75,271602,JPM
2023-11-06,558.11,563.12,551.43,555.15,939848,JPM
2023-11-07,544.96,547.96,539.59,545.05,539182,JPM
2023-11-08,525.08,529.28,524.2,526.27,615764,JPM
2023-11-09,547.28,548.2,545.1,545.79,596296,JPM
2023-11-10,541.82,542.47,541.06,541.67,659004,JPM
2023-11-11,539.58,540.84,538.43,538.53,902026,JPM
2023-11-12,558.19,558.33,554.54,556.23,622824,JPM
2023-11-13,563.52,569.36,560.15,563.99,1047484,JPM
2023-11-14,574.18,577.62,568.53,570.48,636851,JPM
2023-11-15,601.25,602.05,599.12,600.92,195350,JPM
2023-11-16,596.56,604.41,583.69,591.66,374260,JPM
2023-11-17,604.46,608.37,601.73,605.3,523955,JPM
2023-11-18,606.83,607.55,604.69,606.35,551277,JPM
2023-11-19,613.15,613.97,609.95,610.55,487122,JPM
2023-11-20,626.88,635.65,624.4,633.61,578846,JPM
2023-11-21,643.61,645.26,639.77,641.7,945980,JPM
2023-11-22,650.42,655.8,649.77,650.38,744036,JPM
2023-11-23,661.98,668.34,661.5,667.68,1365559,JPM
2023-11-24,660.94,663.51,660.47,661.95,647139,JPM
2023-11-25,647.02,653.1,645.45,648.57,425610,JPM
2023-11-26,630.36,633.48,630.07,632.21,767444,JPM
2023-11-27,601.33,605.11,598.4,601.99,740555,JPM
2023-11-28,627.83,634.56,622.88,632.5,1172201,JPM
2023-11-29,615.75,616.94,612.79,615.64,590136,JPM
2023-11-30,616.68,619.45,609.22,612.52,1288141,JPM
2023-12-01,611.1,616.74,605.64,608.58,371119,JPM
2023-12-02,611.19,614.47,608.24,613.37,602198,JPM
2023-12-03,629.65,634.09,624.21,625.83,768708,JPM
2023-12-04,640.53,641.56,636.63,639.23,2438847,JPM
2023-12-05,629.39,630.58,627.81,630.32,1080671,JPM
2023-12-06,624.95,628.4,624.55,627.96,348744,JPM
2023-12-07,641.11,643.45,631.63,632.52,983687,JPM
2023-12-08,623.24,634.09,621.5,628.89,1620624,JPM
2023-12-09,656.53,660.36,653.3,653.85,549032,JPM
2023-12-10,655.74,667.24,650.93,661.94,849006,JPM
2023-12-11,675.92,676.9,670.1,674.07,2210324,JPM
2023-12-12,685.83,689.53,681.32,685.25,1805269,JPM
2023-12-13,705.86,708.62,701.81,705.17,506704,JPM
2023-12-14,707.09,709.04,706.4,708.54,520153,JPM
2023-12-15,688.36,696.08,678.52,686.28,1513074,JPM
2023-12-16,693.69,697.54,689.37,693.24,1287886,JPM
2023-12-17,683.18,684.68,681.37,682.42,389592,JPM
2023-12-18,674.87,680.14,669.56,673.82,983695,JPM
2023-12-19,686.77,689.72,682.76,683.73,1591438,JPM
2023-12-20,703.56,705.3,702.66,704.69,2693054,JPM
2023-12-21,701.09,709.83,697.71,705.3,447537,JPM
2023-12-22,711.21,711.92,709.57,710.88,507611,JPM
2023-12-23,739.91,742.01,734.0,740.75,1692181,JPM
2023-12-24,744.47,745.96,741.55,745.37,421060,JPM
2023-12-25,796.1,796.95,792.15,793.1,679957,JPM
2023-12-26,803.64,806.34,796.95,804.36,664911,JPM
2023-12-27,774.2,781.56,768.29,769.96,506106,JPM
2023-12-28,782.44,785.7,781.7,784.43,488558,JPM
2023-12-29,795.26,799.99,789.09,792.02,444490,JPM
2023-12-30,811.19,818.05,805.14,817.3,622610,JPM
2023-12-31,837.17,846.68,820.72,831.05,565104,JPM
2024-01-01,828.48,831.01,824.84,828.52,501384,JPM
2024-01-02,798.35,806.51,796.14,803.97,331730,JPM
2024-01-03,804.41,806.71,799.99,800.13,1712734,JPM
2024-01-04,782.33,792.51,773.83,783.75,953991,JPM
2024-01-05,770.45,774.89,767.1,772.88,853096,JPM
2024-01-06,786.91,793.39,782.34,784.28,1181738,JPM
2024-01-07,812.5,820.69,809.88,816.62,454474,JPM
2024-01-08,831.08,832.95,822.87,824.79,751441,JPM
2024-01-09,802.17,808.37,800.92,800.93,1590601,JPM
2024-01-10,811.71,811.73,802.33,809.92,1545783,JPM
2024-01-11,833.62,835.35,831.17,833.93,667687,JPM
2024-01-12,816.54,822.58,813.72,821.77,1166294,JPM
2024-01-13,817.34,822.09,814.77,819.35,738516,JPM
2024-01-14,812.84,822.67,801.78,819.93,1006621,JPM
2024-01-15,802.87,808.03,796.95,804.46,833723,JPM
2024-01-16,810.75,820.92,810.56,817.5,233205,JPM
2024-01-17,809.37,824.51,805.74,815.36,1814871,JPM
2024-01-18,832.74,841.99,823.38,824.02,1087414,JPM
2024-01-19,807.73,808.21,806.09,806.4,550470,JPM
2024-01-20,804.44,804.49,792.23,798.04,699237,JPM
2024-01-21,812.0,814.31,810.55,812.43,767054,JPM
2024-01-22,803.83,809.76,803.34,805.29,1266619,JPM
2024-01-23,851.09,857.81,833.99,839.62,1472166,JPM
2024-01-24,831.23,831.84,830.61,831.69,1433491,JPM
2024-01-25,838.4,845.79,834.14,836.56,1243965,JPM
2024-01-26,857.82,858.35,854.15,855.94,476018,JPM
2024-01-27,832.21,835.65,819.91,826.52,1206404,JPM
2024-01-28,785.11,793.14,779.65,791.17,1052228,JPM
2024-01-29,765.95,767.88,760.51,761.89,795997,JPM
2024-01-30,788.06,790.51,783.97,785.71,807481,JPM
2024-01-31,773.99,778.61,771.26,775.36,1357981,JPM
2024-02-01,818.55,827.11,816.92,824.19,1282152,JPM
2024-02-02,812.87,813.14,810.21,813.09,872497,JPM
2024-02-03,815.23,818.27,814.84,817.04,335428,JPM
2024-02-04,845.88,848.62,840.37,848.17,372114,JPM
2024-02-05,884.77,891.83,884.15,890.12,422925,JPM
2024-02-06,933.25,938.16,928.76,935.35,876706,JPM
2024-02-07,967.58,968.01,962.1,963.34,1121099,JPM
2024-02-08,987.05,993.29,985.69,987.83,1307613,JPM
